delivery_distance,order_value,traffic_severity,weather_severity,is_small_basket,is_long_distance,delivery_friction_index,delivery_delay
2.17,42.21,2,2,1,0,2.0,17.15
13.4,24.82,3,1,1,1,2.0,16.04
10.74,37.25,3,2,1,1,2.5,9.09
6.29,49.88,3,2,1,0,2.5,-2.11
2.94,8.53,1,1,1,0,1.0,12.2
12.42,18.08,3,4,1,1,3.5,-0.34
8.83,38.47,1,2,1,0,1.5,0.35
7.12,25.68,1,1,1,0,1.0,-1.31
7.7,43.09,1,2,1,0,1.5,15.55
12.31,21.94,1,1,1,1,1.0,9.38
14.22,5.45,2,4,1,1,3.0,-1.25
3.16,23.95,1,4,1,0,2.5,4.98
3.98,42.35,2,4,1,0,3.0,1.6
4.99,13.76,3,1,1,0,2.0,12.49
9.4,10.31,2,4,1,0,3.0,3.35
4.93,5.39,3,1,1,0,2.0,14.05
3.77,8.48,3,4,1,0,3.5,19.18
3.31,46.15,1,2,1,0,1.5,0.6
7.3,21.11,1,1,1,0,1.0,13.22
11.93,39.61,2,2,1,1,2.0,8.84
7.48,26.81,2,1,1,0,1.5,2.09
13.52,46.08,1,1,1,1,1.0,-1.81
11.97,27.55,1,1,1,1,1.0,16.39
9.62,29.43,1,1,1,0,1.0,-4.52
13.48,47.46,2,2,1,1,2.0,7.27
10.18,43.76,3,4,1,1,3.5,5.19
5.21,36.17,3,4,1,0,3.5,11.5
12.23,14.45,1,2,1,1,1.5,15.33
7.47,35.34,3,2,1,0,2.5,-0.87
6.25,13.32,3,2,1,0,2.5,15.13
8.56,24.65,1,4,1,0,2.5,9.72
4.73,44.68,3,4,1,0,3.5,16.14
3.53,36.31,1,4,1,0,2.5,3.67
8.65,9.43,2,4,1,0,3.0,12.13
14.2,18.91,3,1,1,1,2.0,8.64
5.93,39.9,3,4,1,0,3.5,12.89
14.11,40.09,2,1,1,1,1.5,2.07
7.27,9.71,1,1,1,0,1.0,15.09
10.87,22.58,2,2,1,1,2.0,14.37
8.48,34.62,3,1,1,0,2.0,5.04
13.13,31.61,3,4,1,1,3.5,1.39
12.61,8.51,2,4,1,1,3.0,-1.95
12.34,25.0,3,2,1,1,2.5,6.26
7.33,22.31,3,4,1,0,3.5,14.21
5.79,40.82,1,2,1,0,1.5,-3.27
8.36,43.4,1,4,1,0,2.5,-3.75
2.24,24.48,1,4,1,0,2.5,0.72
8.31,25.13,3,4,1,0,3.5,13.65
7.7,10.8,2,2,1,0,2.0,6.19
3.62,38.18,2,2,1,0,2.0,1.36
10.16,40.61,1,2,1,1,1.5,-9.22
7.37,31.47,1,1,1,0,1.0,15.48
3.05,16.86,3,4,1,0,3.5,3.96
12.34,6.17,1,1,1,1,1.0,-0.68
9.14,15.22,1,4,1,0,2.5,5.46
4.84,38.07,3,4,1,0,3.5,14.93
11.42,14.01,3,4,1,1,3.5,-3.27
11.44,43.75,2,4,1,1,3.0,12.12
9.62,11.27,1,1,1,0,1.0,-3.31
8.55,43.48,1,4,1,0,2.5,-1.2
2.15,16.81,1,4,1,0,2.5,19.38
2.1,12.8,2,1,1,0,1.5,11.74
12.67,41.17,1,2,1,1,1.5,10.74
6.9,47.64,1,1,1,0,1.0,0.49
8.1,7.31,2,4,1,0,3.0,-6.29
11.09,31.52,2,4,1,1,3.0,-8.88
15.0,28.89,3,2,1,1,2.5,-1.25
9.88,18.72,3,2,1,0,2.5,11.27
12.64,33.61,1,2,1,1,1.5,-5.25
10.04,47.82,3,1,1,1,2.0,9.13
14.87,6.47,1,2,1,1,1.5,2.26
4.27,24.16,3,4,1,0,3.5,6.34
8.34,15.17,3,1,1,0,2.0,-8.18
11.13,43.47,1,1,1,1,1.0,-6.52
10.76,13.14,2,2,1,1,2.0,-1.76
3.81,13.17,2,1,1,0,1.5,-7.02
14.71,36.55,1,2,1,1,1.5,11.51
3.08,15.62,3,2,1,0,2.5,10.49
13.2,42.18,3,1,1,1,2.0,-0.74
7.71,24.34,1,1,1,0,1.0,16.58
11.25,40.28,2,1,1,1,1.5,-2.4
12.17,22.16,3,4,1,1,3.5,-3.55
10.09,5.2,1,4,1,1,2.5,14.44
8.32,8.87,1,1,1,0,1.0,-2.91
5.88,42.18,2,4,1,0,3.0,-4.03
13.37,15.42,1,2,1,1,1.5,3.99
11.99,13.02,1,2,1,1,1.5,6.98
13.3,21.63,1,1,1,1,1.0,-0.78
8.21,12.33,3,4,1,0,3.5,-3.68
14.7,40.19,1,1,1,1,1.0,6.2
4.7,40.09,3,1,1,0,2.0,12.14
7.87,40.75,1,2,1,0,1.5,-4.37
11.15,45.21,3,2,1,1,2.5,17.64
12.03,12.3,1,4,1,1,2.5,-2.81
2.98,8.7,3,2,1,0,2.5,-2.67
13.4,25.7,3,4,1,1,3.5,3.23
3.67,5.58,3,4,1,0,3.5,8.48
11.29,30.28,3,1,1,1,2.0,14.17
4.48,5.23,1,1,1,0,1.0,5.54
9.93,19.23,3,4,1,0,3.5,19.64
4.24,45.31,3,1,1,0,2.0,2.11
5.82,36.64,1,4,1,0,2.5,-2.4
12.49,26.32,1,4,1,1,2.5,8.77
10.88,20.47,3,2,1,1,2.5,-0.79
13.2,21.17,3,1,1,1,2.0,18.67
9.68,8.52,1,4,1,0,2.5,2.83
12.87,15.33,3,2,1,1,2.5,10.72
6.23,36.23,1,4,1,0,2.5,6.04
5.05,29.65,3,4,1,0,3.5,1.56
14.26,21.52,2,1,1,1,1.5,-2.13
7.62,29.19,2,1,1,0,1.5,-6.58
13.59,38.85,3,2,1,1,2.5,0.13
5.04,34.79,2,4,1,0,3.0,4.22
9.18,20.99,3,1,1,0,2.0,-3.09
4.13,13.09,2,1,1,0,1.5,-4.03
13.14,23.31,1,2,1,1,1.5,-0.81
9.02,6.76,3,1,1,0,2.0,-3.33
8.43,31.93,1,1,1,0,1.0,16.88
13.28,48.36,1,4,1,1,2.5,16.59
14.36,30.18,1,1,1,1,1.0,15.82
6.03,14.64,1,2,1,0,1.5,7.49
10.01,30.73,2,2,1,1,2.0,8.29
10.62,40.83,3,1,1,1,2.0,-6.13
12.42,16.77,2,2,1,1,2.0,-3.65
5.02,41.58,1,1,1,0,1.0,-5.89
5.46,5.65,3,4,1,0,3.5,2.22
12.91,22.53,2,2,1,1,2.0,19.3
9.64,20.98,2,4,1,0,3.0,13.08
3.54,39.6,3,1,1,0,2.0,-8.6
9.34,39.19,1,2,1,0,1.5,-5.22
10.93,18.49,1,1,1,1,1.0,13.99
8.95,27.0,3,1,1,0,2.0,3.01
7.17,12.86,2,1,1,0,1.5,4.17
12.42,44.37,1,1,1,1,1.0,6.98
13.04,34.06,3,4,1,1,3.5,9.55
4.3,23.35,1,1,1,0,1.0,2.24
8.58,36.84,3,4,1,0,3.5,16.34
8.86,45.19,3,4,1,0,3.5,4.39
6.38,47.55,2,4,1,0,3.0,0.37
3.96,25.72,3,1,1,0,2.0,-0.42
9.76,16.46,3,2,1,0,2.5,-8.06
4.86,23.64,3,4,1,0,3.5,7.92
6.3,28.4,1,1,1,0,1.0,9.03
3.04,23.99,2,1,1,0,1.5,9.2
3.03,40.27,3,4,1,0,3.5,17.15
13.21,19.13,2,1,1,1,1.5,-6.09
3.67,6.87,2,1,1,0,1.5,7.1
7.19,30.74,2,1,1,0,1.5,-8.62
9.64,45.26,3,2,1,0,2.5,0.06
6.94,49.49,1,2,1,0,1.5,3.83
10.63,30.73,3,1,1,1,2.0,19.63
12.43,38.77,3,4,1,1,3.5,18.33
14.67,17.48,2,2,1,1,2.0,6.33
13.28,17.44,2,1,1,1,1.5,18.8
7.44,24.03,3,4,1,0,3.5,-5.9
7.91,28.11,2,1,1,0,1.5,-7.22
4.3,29.12,3,4,1,0,3.5,10.83
12.0,23.09,1,4,1,1,2.5,0.99
4.72,46.99,2,4,1,0,3.0,3.14
3.19,18.97,2,2,1,0,2.0,6.48
7.55,35.46,3,4,1,0,3.5,17.94
5.36,43.03,3,4,1,0,3.5,-7.14
10.42,27.06,2,1,1,1,1.5,12.78
2.38,45.92,3,4,1,0,3.5,2.41
2.72,16.69,2,2,1,0,2.0,1.86
7.16,45.48,2,4,1,0,3.0,6.12
7.36,38.47,1,1,1,0,1.0,9.48
8.62,10.92,3,1,1,0,2.0,17.06
5.2,34.27,1,4,1,0,2.5,-1.67
5.96,28.37,1,4,1,0,2.5,18.15
6.31,36.91,1,1,1,0,1.0,0.37
7.04,29.5,3,1,1,0,2.0,-2.33
3.15,37.24,2,2,1,0,2.0,-0.01
11.25,21.01,1,1,1,1,1.0,11.94
5.1,22.79,1,1,1,0,1.0,-6.25
5.35,16.33,1,1,1,0,1.0,9.75
3.85,11.43,2,2,1,0,2.0,15.86
8.38,36.91,2,2,1,0,2.0,-6.26
3.78,7.79,2,4,1,0,3.0,13.57
3.36,32.03,3,2,1,0,2.5,-7.07
11.22,6.25,3,1,1,1,2.0,-9.66
9.79,49.91,1,1,1,0,1.0,-0.49
6.72,11.02,2,4,1,0,3.0,15.87
13.72,42.89,1,4,1,1,2.5,17.57
4.99,20.46,1,2,1,0,1.5,4.16
3.02,39.45,2,1,1,0,1.5,11.49
5.48,10.07,2,1,1,0,1.5,5.65
7.33,34.21,3,4,1,0,3.5,18.53
4.72,29.3,1,2,1,0,1.5,-5.42
12.69,33.12,3,4,1,1,3.5,2.55
12.48,43.68,1,4,1,1,2.5,5.73
8.89,30.45,2,1,1,0,1.5,16.38
2.34,22.76,1,2,1,0,1.5,16.32
6.88,37.14,3,2,1,0,2.5,17.88
5.34,49.13,1,4,1,0,2.5,19.36
4.79,30.75,3,1,1,0,2.0,18.37
11.13,12.53,1,1,1,1,1.0,15.84
4.76,26.29,1,1,1,0,1.0,-2.81
9.27,35.14,3,4,1,0,3.5,19.88
5.97,33.15,2,4,1,0,3.0,3.99
5.45,24.18,2,1,1,0,1.5,5.78
11.22,44.05,3,2,1,1,2.5,3.9
10.91,41.57,2,2,1,1,2.0,-2.27
7.34,47.31,2,4,1,0,3.0,10.76
8.57,38.47,2,4,1,0,3.0,19.26
13.77,22.55,2,4,1,1,3.0,17.78
13.88,44.93,3,4,1,1,3.5,-6.5
11.03,24.1,2,2,1,1,2.0,0.84
4.73,18.8,1,2,1,0,1.5,12.19
6.32,36.06,3,2,1,0,2.5,8.07
5.04,49.94,3,4,1,0,3.5,11.33
9.5,20.78,1,1,1,0,1.0,1.28
13.14,28.64,3,2,1,1,2.5,1.35
6.91,39.54,2,2,1,0,2.0,4.74
4.64,35.27,3,1,1,0,2.0,3.11
2.7,16.73,2,1,1,0,1.5,5.37
7.79,21.28,2,4,1,0,3.0,12.81
7.45,48.07,3,2,1,0,2.5,-6.39
5.48,19.89,1,1,1,0,1.0,19.71
14.4,33.23,2,4,1,1,3.0,-4.14
10.25,17.98,2,2,1,1,2.0,4.3
11.66,37.47,3,4,1,1,3.5,15.85
11.57,34.73,2,2,1,1,2.0,-4.94
14.25,45.24,2,1,1,1,1.5,9.98
11.01,25.95,2,2,1,1,2.0,-9.28
10.31,36.48,2,4,1,1,3.0,-5.36
7.04,23.0,2,2,1,0,2.0,1.04
11.76,34.99,1,4,1,1,2.5,-1.41
10.02,36.17,2,1,1,1,1.5,-0.27
8.39,41.08,1,4,1,0,2.5,14.89
14.83,25.62,1,2,1,1,1.5,2.71
8.48,10.17,2,4,1,0,3.0,14.33
12.71,47.48,1,4,1,1,2.5,14.05
6.58,44.21,3,2,1,0,2.5,6.6
4.97,31.95,2,4,1,0,3.0,-7.66
7.55,10.69,2,4,1,0,3.0,-0.46
10.1,22.73,3,1,1,1,2.0,-5.78
12.71,16.85,2,4,1,1,3.0,-1.12
2.1,28.63,1,4,1,0,2.5,-4.71
12.76,49.09,1,4,1,1,2.5,3.58
7.48,45.21,2,1,1,0,1.5,12.0
4.93,49.75,2,2,1,0,2.0,-2.03
4.43,6.2,1,1,1,0,1.0,0.26
6.12,26.84,2,4,1,0,3.0,-3.99
8.66,41.33,2,4,1,0,3.0,-2.25
3.23,5.78,1,1,1,0,1.0,6.17
10.89,6.13,3,1,1,1,2.0,6.07
3.6,14.09,1,2,1,0,1.5,-1.33
6.85,7.43,3,4,1,0,3.5,9.54
8.76,5.16,3,4,1,0,3.5,-9.42
7.07,27.48,2,2,1,0,2.0,-1.32
13.08,13.6,1,1,1,1,1.0,-3.1
9.98,49.48,2,4,1,0,3.0,9.72
10.79,6.76,1,1,1,1,1.0,6.89
9.59,22.46,2,4,1,0,3.0,-1.65
8.28,42.98,1,2,1,0,1.5,15.46
14.86,29.69,3,2,1,1,2.5,1.29
9.56,20.3,1,2,1,0,1.5,-7.73
6.63,12.85,1,1,1,0,1.0,15.67
7.81,27.84,1,1,1,0,1.0,-9.51
4.09,5.26,3,1,1,0,2.0,-7.05
13.89,15.31,2,4,1,1,3.0,11.9
14.81,30.42,2,1,1,1,1.5,-1.82
2.71,38.04,1,2,1,0,1.5,-1.14
12.07,42.19,2,4,1,1,3.0,14.2
14.72,5.13,1,4,1,1,2.5,-5.44
13.59,32.13,1,2,1,1,1.5,-1.99
7.47,12.22,1,1,1,0,1.0,-9.38
4.3,40.18,1,4,1,0,2.5,-1.86
14.07,17.73,1,1,1,1,1.0,-9.14
4.71,36.09,1,1,1,0,1.0,6.89
3.7,47.47,2,1,1,0,1.5,-5.23
2.95,48.15,3,2,1,0,2.5,-6.02
4.71,6.28,2,4,1,0,3.0,-0.88
8.63,43.2,1,4,1,0,2.5,-8.03
12.69,11.32,2,4,1,1,3.0,3.22
6.14,9.15,1,1,1,0,1.0,9.59
5.14,22.33,2,2,1,0,2.0,6.49
12.41,24.02,3,4,1,1,3.5,-0.05
11.7,37.35,1,2,1,1,1.5,18.9
8.48,19.41,2,1,1,0,1.5,16.89
3.3,9.34,3,4,1,0,3.5,9.52
6.15,40.54,3,4,1,0,3.5,-6.01
14.73,12.53,2,1,1,1,1.5,11.63
3.84,13.84,1,2,1,0,1.5,15.05
4.39,7.69,3,1,1,0,2.0,9.31
9.28,45.35,3,4,1,0,3.5,17.9
2.82,7.41,3,2,1,0,2.5,-7.61
12.94,49.72,1,1,1,1,1.0,-9.77
4.07,26.29,2,1,1,0,1.5,3.81
4.83,47.1,3,4,1,0,3.5,1.71
14.2,43.63,3,4,1,1,3.5,-8.12
2.94,28.61,2,2,1,0,2.0,-0.97
10.87,45.97,3,1,1,1,2.0,12.14
13.4,14.07,1,2,1,1,1.5,16.7
3.95,40.75,1,1,1,0,1.0,11.42
10.59,22.27,1,2,1,1,1.5,7.11
13.38,37.77,2,2,1,1,2.0,4.59
3.67,40.3,3,1,1,0,2.0,15.03
3.33,34.31,3,2,1,0,2.5,-1.24
12.61,46.64,3,4,1,1,3.5,7.37
4.0,15.96,1,4,1,0,2.5,0.24
14.85,45.17,3,1,1,1,2.0,7.6
5.25,45.47,2,2,1,0,2.0,0.21
5.57,12.32,3,2,1,0,2.5,-2.82
13.65,33.86,1,4,1,1,2.5,5.57
14.53,6.04,3,1,1,1,2.0,6.39
9.49,17.77,2,4,1,0,3.0,11.89
14.58,9.06,2,1,1,1,1.5,3.99
14.5,27.35,1,1,1,1,1.0,9.78
13.27,33.55,3,4,1,1,3.5,7.62
5.31,21.8,1,2,1,0,1.5,14.03
5.11,16.68,2,2,1,0,2.0,-0.33
5.87,6.94,3,4,1,0,3.5,7.61
9.27,14.25,2,1,1,0,1.5,-5.7
11.67,35.67,1,2,1,1,1.5,-1.83
5.77,20.62,2,4,1,0,3.0,-8.39
12.94,38.82,3,2,1,1,2.5,14.16
11.43,45.92,2,1,1,1,1.5,-9.79
3.95,10.41,3,1,1,0,2.0,7.02
7.47,23.61,2,2,1,0,2.0,8.67
11.68,11.65,1,1,1,1,1.0,6.4
8.16,19.64,1,4,1,0,2.5,3.17
9.52,23.34,2,2,1,0,2.0,-0.72
2.75,35.19,1,4,1,0,2.5,2.71
5.0,42.38,3,1,1,0,2.0,-2.55
5.8,45.21,1,2,1,0,1.5,18.1
2.18,22.95,2,1,1,0,1.5,-2.04
8.17,26.41,3,2,1,0,2.5,-9.97
13.45,7.39,3,4,1,1,3.5,18.15
13.72,21.25,2,2,1,1,2.0,19.03
12.0,46.96,3,4,1,1,3.5,-0.73
2.03,47.98,3,4,1,0,3.5,9.96
2.14,41.02,2,2,1,0,2.0,15.46
12.87,46.41,2,4,1,1,3.0,7.56
8.69,6.22,2,4,1,0,3.0,2.18
11.36,46.47,1,1,1,1,1.0,18.93
7.54,30.61,2,2,1,0,2.0,10.96
13.84,48.78,3,1,1,1,2.0,-1.55
5.13,28.39,3,1,1,0,2.0,6.94
7.55,27.51,2,1,1,0,1.5,-9.62
12.93,49.38,3,2,1,1,2.5,9.65
9.29,43.46,2,4,1,0,3.0,10.54
4.62,11.96,1,2,1,0,1.5,0.43
13.52,18.57,2,4,1,1,3.0,-6.57
8.89,24.07,2,1,1,0,1.5,-8.17
11.9,36.01,1,1,1,1,1.0,-0.74
11.05,33.04,3,1,1,1,2.0,12.3
11.61,29.73,3,1,1,1,2.0,1.74
5.93,37.14,1,1,1,0,1.0,3.25
6.5,20.87,3,1,1,0,2.0,-7.12
3.48,5.31,2,2,1,0,2.0,5.73
4.49,8.05,2,1,1,0,1.5,8.06
4.57,37.9,3,1,1,0,2.0,8.44
4.53,9.67,3,1,1,0,2.0,-9.63
3.29,8.91,1,4,1,0,2.5,-2.32
14.98,13.32,2,2,1,1,2.0,15.95
14.76,29.26,3,1,1,1,2.0,-0.78
10.32,37.34,1,2,1,1,1.5,-0.57
3.54,49.79,1,1,1,0,1.0,12.46
12.79,5.72,3,1,1,1,2.0,3.93
8.62,42.87,2,1,1,0,1.5,-3.73
6.18,16.7,1,1,1,0,1.0,13.4
14.07,35.7,2,2,1,1,2.0,16.95
14.4,22.3,2,4,1,1,3.0,4.52
12.3,43.81,3,1,1,1,2.0,-1.2
14.0,42.72,3,1,1,1,2.0,-1.86
3.82,32.48,3,4,1,0,3.5,5.52
2.23,49.66,1,2,1,0,1.5,-3.53
10.5,23.64,2,2,1,1,2.0,-3.13
9.14,38.65,1,1,1,0,1.0,-4.51
5.23,39.01,1,1,1,0,1.0,1.48
10.22,23.44,2,1,1,1,1.5,-4.16
3.19,31.82,1,4,1,0,2.5,11.58
7.9,32.4,3,1,1,0,2.0,11.89
8.91,44.74,3,4,1,0,3.5,9.87
5.25,9.42,2,4,1,0,3.0,12.1
6.65,42.26,3,4,1,0,3.5,-2.86
3.86,26.48,3,4,1,0,3.5,11.04
5.9,15.13,2,1,1,0,1.5,8.9
2.05,7.52,1,4,1,0,2.5,14.58
9.23,29.76,3,1,1,0,2.0,4.78
5.02,11.22,3,4,1,0,3.5,10.96
3.5,44.4,3,2,1,0,2.5,-4.08
4.3,46.15,1,4,1,0,2.5,3.24
11.49,34.96,2,1,1,1,1.5,-6.76
5.91,15.67,2,2,1,0,2.0,-7.18
7.68,16.72,1,2,1,0,1.5,4.82
7.95,5.61,2,1,1,0,1.5,15.99
10.18,35.48,2,1,1,1,1.5,-4.11
7.29,16.62,3,1,1,0,2.0,-5.55
4.56,9.22,1,4,1,0,2.5,-9.64
13.54,28.96,2,4,1,1,3.0,4.37
12.49,6.52,1,1,1,1,1.0,-4.86
3.78,12.22,1,1,1,0,1.0,-5.7
13.22,41.45,1,1,1,1,1.0,16.12
14.56,16.33,2,1,1,1,1.5,-3.7
5.52,15.76,3,1,1,0,2.0,4.43
11.77,19.17,2,4,1,1,3.0,-8.63
13.31,32.51,2,2,1,1,2.0,3.99
13.62,21.84,3,2,1,1,2.5,6.31
6.58,17.96,1,1,1,0,1.0,-5.72
11.24,46.12,2,2,1,1,2.0,7.19
11.56,12.0,2,4,1,1,3.0,6.26
2.66,17.1,1,2,1,0,1.5,1.36
4.35,39.92,3,2,1,0,2.5,12.87
9.42,49.2,2,2,1,0,2.0,18.66
14.16,13.95,2,1,1,1,1.5,-7.51
9.77,18.31,1,4,1,0,2.5,-6.58
2.35,14.4,2,1,1,0,1.5,6.68
11.23,20.74,2,2,1,1,2.0,19.77
6.83,10.18,2,2,1,0,2.0,9.26
7.43,14.69,1,4,1,0,2.5,16.83
14.51,14.85,1,2,1,1,1.5,-3.93
3.93,41.15,1,2,1,0,1.5,9.88
13.82,15.52,3,2,1,1,2.5,0.09
4.93,49.68,2,4,1,0,3.0,8.31
9.47,8.41,3,1,1,0,2.0,-0.78
13.86,31.85,1,1,1,1,1.0,15.4
3.37,25.38,2,4,1,0,3.0,0.36
12.5,11.07,3,4,1,1,3.5,6.27
6.57,23.59,2,1,1,0,1.5,-5.15
4.11,45.77,3,4,1,0,3.5,-6.57
5.88,42.27,1,4,1,0,2.5,11.31
12.83,49.22,2,2,1,1,2.0,-2.61
9.79,36.5,3,2,1,0,2.5,-3.5
10.74,16.64,3,1,1,1,2.0,6.55
11.39,16.24,1,2,1,1,1.5,-5.59
10.75,9.13,3,2,1,1,2.5,18.5
14.53,33.93,1,2,1,1,1.5,15.74
4.78,10.76,2,2,1,0,2.0,8.55
9.81,12.51,1,2,1,0,1.5,-6.43
8.11,16.7,1,2,1,0,1.5,-7.75
7.24,40.4,2,2,1,0,2.0,17.66
3.61,36.15,1,4,1,0,2.5,19.43
11.35,20.42,2,4,1,1,3.0,2.77
5.67,15.36,3,4,1,0,3.5,12.65
14.47,18.33,2,4,1,1,3.0,12.76
5.12,36.43,3,4,1,0,3.5,19.01
4.18,38.37,2,4,1,0,3.0,18.08
2.03,42.39,3,1,1,0,2.0,11.02
14.53,35.75,2,4,1,1,3.0,-0.67
12.27,31.56,2,4,1,1,3.0,11.61
8.21,10.57,2,1,1,0,1.5,18.87
14.51,26.34,1,2,1,1,1.5,-3.41
8.24,45.84,2,4,1,0,3.0,1.71
3.99,6.17,3,4,1,0,3.5,11.73
6.6,43.08,2,1,1,0,1.5,-6.39
13.49,40.93,3,4,1,1,3.5,10.68
4.93,18.84,1,4,1,0,2.5,11.13
5.73,5.66,1,1,1,0,1.0,9.22
4.96,29.52,1,2,1,0,1.5,8.05
13.87,19.56,2,4,1,1,3.0,-1.76
5.91,15.33,3,1,1,0,2.0,-7.69
12.45,19.91,3,1,1,1,2.0,-3.05
10.99,15.85,2,2,1,1,2.0,1.26
9.36,40.81,1,4,1,0,2.5,10.12
14.43,19.01,1,1,1,1,1.0,-5.1
12.87,31.27,2,1,1,1,1.5,-9.71
9.26,44.58,3,2,1,0,2.5,-6.14
10.49,41.07,3,4,1,1,3.5,-6.22
14.48,31.36,2,1,1,1,1.5,0.91
3.1,34.29,1,2,1,0,1.5,8.16
12.33,33.57,2,1,1,1,1.5,8.03
2.31,9.42,3,1,1,0,2.0,5.21
2.81,32.38,3,1,1,0,2.0,-1.15
8.24,39.4,1,1,1,0,1.0,14.26
11.91,12.26,1,1,1,1,1.0,16.03
8.33,35.37,1,4,1,0,2.5,7.96
4.25,15.36,3,1,1,0,2.0,9.98
7.77,20.63,2,2,1,0,2.0,8.48
11.66,38.47,2,1,1,1,1.5,15.72
14.04,22.06,3,4,1,1,3.5,10.37
4.08,44.98,1,2,1,0,1.5,-9.49
9.89,13.07,2,4,1,0,3.0,-6.93
10.66,14.99,3,4,1,1,3.5,-1.62
13.56,11.24,1,1,1,1,1.0,-0.34
5.01,14.47,3,2,1,0,2.5,7.94
12.59,25.7,2,4,1,1,3.0,14.85
4.05,33.33,2,2,1,0,2.0,19.04
10.89,41.14,3,2,1,1,2.5,12.8
13.85,24.38,2,4,1,1,3.0,1.05
8.81,35.12,3,4,1,0,3.5,19.59
13.31,25.22,2,1,1,1,1.5,-9.86
12.23,10.62,1,4,1,1,2.5,12.1
4.61,10.13,1,4,1,0,2.5,8.08
2.62,28.88,3,4,1,0,3.5,-0.59
4.23,30.25,1,4,1,0,2.5,-3.45
12.84,18.04,2,1,1,1,1.5,7.78
13.62,44.99,2,1,1,1,1.5,17.35
8.25,8.02,3,4,1,0,3.5,18.67
13.03,41.44,1,1,1,1,1.0,14.45
10.09,39.48,3,4,1,1,3.5,-1.89
4.09,20.11,1,4,1,0,2.5,10.16
14.98,48.04,3,2,1,1,2.5,10.99
13.51,43.3,1,2,1,1,1.5,9.95
3.24,19.37,2,2,1,0,2.0,-1.45
10.72,23.39,2,1,1,1,1.5,-0.59
12.08,48.96,2,2,1,1,2.0,2.22
13.68,41.98,1,2,1,1,1.5,-3.96
5.28,12.51,1,2,1,0,1.5,-0.06
7.01,40.55,2,2,1,0,2.0,-0.05
6.36,23.21,3,1,1,0,2.0,16.71
12.96,28.61,2,2,1,1,2.0,12.09
12.69,45.67,3,2,1,1,2.5,12.1
13.57,24.44,1,2,1,1,1.5,18.21
3.75,35.75,1,2,1,0,1.5,3.88
6.91,28.48,2,4,1,0,3.0,-4.68
11.48,32.55,1,2,1,1,1.5,4.06
7.57,8.87,1,4,1,0,2.5,9.86
12.33,39.93,2,2,1,1,2.0,11.66
14.07,27.62,3,2,1,1,2.5,18.52
8.32,39.67,2,4,1,0,3.0,5.57
12.81,33.19,2,4,1,1,3.0,10.81
11.72,41.78,3,1,1,1,2.0,10.56
4.08,46.86,2,1,1,0,1.5,-6.58
4.71,14.54,2,4,1,0,3.0,16.71
12.06,49.12,2,2,1,1,2.0,7.47
10.06,46.63,3,4,1,1,3.5,17.17
6.25,6.31,1,2,1,0,1.5,17.99
10.03,47.96,2,1,1,1,1.5,-7.61
7.51,35.16,2,4,1,0,3.0,14.5
10.18,39.28,3,2,1,1,2.5,0.47
6.66,28.85,3,4,1,0,3.5,-6.02
8.76,7.08,3,4,1,0,3.5,6.4
5.07,22.9,3,1,1,0,2.0,-3.32
13.27,17.31,3,4,1,1,3.5,11.05
8.7,46.39,3,4,1,0,3.5,16.47
8.67,33.49,2,1,1,0,1.5,15.54
7.57,47.4,2,2,1,0,2.0,18.34
3.54,38.67,1,2,1,0,1.5,7.28
10.74,43.19,2,1,1,1,1.5,13.71
7.13,39.33,3,4,1,0,3.5,-3.62
3.97,32.79,3,2,1,0,2.5,-9.02
13.69,17.12,1,4,1,1,2.5,5.34
2.84,10.75,2,4,1,0,3.0,19.36
9.23,25.98,2,1,1,0,1.5,-0.33
2.18,15.33,2,1,1,0,1.5,-5.92
6.41,33.77,2,4,1,0,3.0,17.43
3.88,29.58,3,4,1,0,3.5,16.6
9.72,29.53,3,2,1,0,2.5,1.0
13.3,37.84,2,4,1,1,3.0,4.57
9.05,29.68,1,1,1,0,1.0,-7.24
14.65,28.52,1,1,1,1,1.0,0.03
14.7,24.29,1,2,1,1,1.5,8.39
7.17,18.62,2,4,1,0,3.0,12.97
11.22,34.42,1,2,1,1,1.5,7.25
9.55,31.24,3,1,1,0,2.0,-4.27
6.28,24.13,1,2,1,0,1.5,15.21
4.12,48.98,1,1,1,0,1.0,19.82
11.04,20.25,2,1,1,1,1.5,-6.44
10.24,20.88,3,1,1,1,2.0,12.52
14.17,9.1,1,1,1,1,1.0,-7.83
14.18,18.6,3,2,1,1,2.5,4.64
7.3,31.16,2,2,1,0,2.0,0.5
7.72,13.53,1,1,1,0,1.0,15.97
4.95,30.03,2,4,1,0,3.0,-1.5
7.6,8.75,2,4,1,0,3.0,-3.44
12.01,24.4,3,4,1,1,3.5,-5.1
5.02,24.56,2,4,1,0,3.0,-9.18
5.57,5.8,3,4,1,0,3.5,12.29
8.6,49.97,2,1,1,0,1.5,19.66
12.84,5.69,3,4,1,1,3.5,9.73
3.37,5.78,3,4,1,0,3.5,0.75
7.0,11.56,2,1,1,0,1.5,7.14
10.26,40.62,2,1,1,1,1.5,12.32
13.83,22.86,3,1,1,1,2.0,17.21
4.57,45.4,1,2,1,0,1.5,4.44
2.76,25.32,3,4,1,0,3.5,1.86
3.57,6.8,3,4,1,0,3.5,16.12
7.16,16.27,3,2,1,0,2.5,-7.76
7.73,9.97,2,1,1,0,1.5,-2.25
14.21,46.75,3,1,1,1,2.0,-5.76
6.75,9.3,2,1,1,0,1.5,-9.9
5.01,45.11,1,4,1,0,2.5,-6.39
8.19,30.59,1,1,1,0,1.0,-9.98
13.61,10.93,1,1,1,1,1.0,13.83
11.36,12.1,2,2,1,1,2.0,6.52
13.29,23.13,3,1,1,1,2.0,5.86
14.23,15.83,1,4,1,1,2.5,10.91
10.52,29.9,2,4,1,1,3.0,-8.47
4.36,17.11,2,4,1,0,3.0,-6.72
12.15,41.25,1,2,1,1,1.5,16.73
13.0,43.46,3,2,1,1,2.5,-1.03
14.82,26.82,3,1,1,1,2.0,-3.06
7.07,19.35,2,1,1,0,1.5,10.86
4.05,45.32,3,1,1,0,2.0,2.72
3.06,45.9,3,2,1,0,2.5,-7.76
4.09,22.15,2,1,1,0,1.5,-6.65
9.5,38.87,2,4,1,0,3.0,13.76
3.34,23.39,1,4,1,0,2.5,6.95
11.87,6.55,1,4,1,1,2.5,15.83
7.69,28.82,3,4,1,0,3.5,-1.93
12.01,35.95,1,4,1,1,2.5,19.37
8.17,13.55,1,2,1,0,1.5,3.74
10.08,37.46,3,4,1,1,3.5,5.8
8.04,11.56,2,1,1,0,1.5,16.3
9.44,42.52,1,2,1,0,1.5,19.32
9.31,39.15,2,1,1,0,1.5,-9.24
2.01,29.16,2,4,1,0,3.0,5.98
6.09,8.32,1,1,1,0,1.0,-7.99
7.93,32.93,3,4,1,0,3.5,-5.44
5.07,48.7,3,2,1,0,2.5,11.61
13.77,38.91,1,4,1,1,2.5,-4.78
14.93,25.99,1,2,1,1,1.5,-2.45
12.1,8.34,2,4,1,1,3.0,-5.41
9.34,37.94,3,4,1,0,3.5,16.64
10.65,38.26,2,4,1,1,3.0,-9.64
10.85,13.3,2,2,1,1,2.0,13.23
12.22,23.37,1,2,1,1,1.5,2.47
14.73,19.73,2,2,1,1,2.0,-3.08
2.85,23.44,1,1,1,0,1.0,19.57
10.29,25.2,2,1,1,1,1.5,16.96
9.04,32.63,3,2,1,0,2.5,6.17
5.57,43.69,3,4,1,0,3.5,15.54
2.25,41.81,2,1,1,0,1.5,18.25
4.09,26.54,2,2,1,0,2.0,0.59
14.37,14.66,1,1,1,1,1.0,15.33
3.73,45.16,1,2,1,0,1.5,-1.51
10.45,28.26,2,2,1,1,2.0,-6.01
14.27,32.48,2,2,1,1,2.0,3.95
14.6,22.09,3,2,1,1,2.5,-5.07
5.45,23.52,1,2,1,0,1.5,-6.87
13.63,45.49,3,4,1,1,3.5,-9.76
3.48,24.87,2,4,1,0,3.0,1.13
10.93,21.26,3,1,1,1,2.0,-1.96
5.68,18.18,2,1,1,0,1.5,-2.84
7.0,6.99,3,4,1,0,3.5,12.58
2.96,43.62,1,1,1,0,1.0,13.66
9.39,33.3,3,2,1,0,2.5,-0.33
12.4,38.88,3,1,1,1,2.0,3.88
9.65,40.61,2,2,1,0,2.0,-4.64
14.08,41.79,2,1,1,1,1.5,16.83
3.64,21.77,2,4,1,0,3.0,14.26
7.82,29.54,1,1,1,0,1.0,9.99
5.13,40.92,1,2,1,0,1.5,-4.72
10.53,23.3,2,1,1,1,1.5,2.79
12.54,9.82,3,4,1,1,3.5,1.38
8.75,16.89,2,4,1,0,3.0,12.83
13.77,34.57,3,1,1,1,2.0,12.23
12.89,40.18,1,2,1,1,1.5,12.51
10.32,14.79,1,1,1,1,1.0,-5.92
13.34,40.46,3,1,1,1,2.0,12.45
7.07,21.87,1,4,1,0,2.5,18.89
10.26,38.87,2,1,1,1,1.5,-0.38
8.18,27.81,1,4,1,0,2.5,0.18
11.21,9.42,2,4,1,1,3.0,1.83
13.68,30.9,1,4,1,1,2.5,-9.7
4.38,5.89,3,1,1,0,2.0,3.28
4.27,15.67,2,1,1,0,1.5,6.02
12.29,13.72,3,4,1,1,3.5,16.67
12.86,23.24,1,1,1,1,1.0,0.22
5.48,6.47,1,2,1,0,1.5,-6.2
10.76,42.67,1,1,1,1,1.0,16.14
3.18,40.05,2,2,1,0,2.0,-8.26
3.79,30.26,2,4,1,0,3.0,-7.22
11.37,15.47,2,1,1,1,1.5,17.96
5.17,34.37,1,4,1,0,2.5,11.23
2.13,49.41,2,1,1,0,1.5,-6.45
7.94,43.17,1,2,1,0,1.5,15.96
7.26,29.98,3,2,1,0,2.5,10.06
9.34,44.18,1,1,1,0,1.0,15.68
12.11,49.23,1,2,1,1,1.5,14.87
11.92,16.04,3,1,1,1,2.0,15.7
8.03,28.53,1,1,1,0,1.0,9.05
13.01,27.83,2,1,1,1,1.5,4.74
10.39,9.57,1,2,1,1,1.5,15.53
3.72,40.77,3,1,1,0,2.0,3.9
4.27,23.75,3,4,1,0,3.5,15.87
13.17,24.09,1,2,1,1,1.5,2.9
14.89,38.78,2,1,1,1,1.5,-0.63
13.72,46.79,3,2,1,1,2.5,-4.96
3.41,19.14,2,4,1,0,3.0,1.86
14.17,17.59,1,1,1,1,1.0,0.78
13.02,41.63,3,4,1,1,3.5,-5.45
8.94,28.54,2,1,1,0,1.5,-0.86
9.87,8.27,1,4,1,0,2.5,19.59
13.95,28.98,1,2,1,1,1.5,5.5
6.98,26.77,1,4,1,0,2.5,0.26
3.3,34.94,2,1,1,0,1.5,-6.41
5.11,40.64,3,4,1,0,3.5,0.79
7.78,10.25,1,2,1,0,1.5,11.21
11.72,10.23,1,4,1,1,2.5,-1.04
6.86,6.76,2,1,1,0,1.5,-5.65
6.67,32.59,1,4,1,0,2.5,6.75
9.7,35.37,1,1,1,0,1.0,-2.23
5.89,26.36,2,2,1,0,2.0,5.15
11.85,38.23,2,1,1,1,1.5,2.27
8.82,6.36,1,2,1,0,1.5,-2.42
5.03,15.4,2,1,1,0,1.5,1.94
10.32,6.16,2,2,1,1,2.0,-4.87
14.53,25.58,3,1,1,1,2.0,6.69
8.99,42.75,3,1,1,0,2.0,19.9
12.15,32.32,3,4,1,1,3.5,13.94
5.17,27.82,3,2,1,0,2.5,6.55
2.77,33.52,3,4,1,0,3.5,4.59
10.2,18.49,1,2,1,1,1.5,2.49
10.3,34.6,1,4,1,1,2.5,10.31
7.61,15.89,1,4,1,0,2.5,5.81
4.86,21.2,3,4,1,0,3.5,17.96
13.5,34.97,2,1,1,1,1.5,8.77
2.89,7.07,1,4,1,0,2.5,-2.45
7.56,36.41,3,2,1,0,2.5,-7.08
4.21,19.4,3,2,1,0,2.5,1.94
2.9,7.74,2,2,1,0,2.0,-6.22
6.18,17.21,2,1,1,0,1.5,5.52
5.04,49.51,1,4,1,0,2.5,1.57
5.89,48.85,2,2,1,0,2.0,10.31
8.98,30.87,2,4,1,0,3.0,19.34
6.12,22.28,2,1,1,0,1.5,6.53
4.41,24.56,2,4,1,0,3.0,-8.16
10.77,28.01,1,2,1,1,1.5,5.87
9.65,29.82,2,4,1,0,3.0,-6.96
9.54,12.5,1,4,1,0,2.5,-4.84
3.35,25.67,1,2,1,0,1.5,19.63
4.33,14.06,3,4,1,0,3.5,1.82
9.38,45.15,3,2,1,0,2.5,-8.56
11.59,34.41,3,1,1,1,2.0,2.33
6.73,42.7,3,2,1,0,2.5,-3.63
4.95,25.84,1,2,1,0,1.5,-0.65
12.09,9.83,3,2,1,1,2.5,-7.9
5.24,15.33,2,4,1,0,3.0,-1.21
9.91,10.11,3,4,1,0,3.5,8.99
3.59,21.53,1,4,1,0,2.5,17.91
6.34,40.99,1,1,1,0,1.0,3.54
2.2,27.96,3,1,1,0,2.0,13.05
9.15,43.07,3,2,1,0,2.5,17.52
4.22,14.75,1,2,1,0,1.5,-7.28
10.39,21.04,3,2,1,1,2.5,4.39
2.05,28.3,1,1,1,0,1.0,10.48
4.63,22.3,3,2,1,0,2.5,17.06
14.54,34.92,2,1,1,1,1.5,-4.14
6.69,40.84,2,4,1,0,3.0,17.25
2.02,34.46,2,1,1,0,1.5,-0.79
8.2,14.45,3,2,1,0,2.5,-2.82
8.59,40.21,2,2,1,0,2.0,14.73
4.97,32.46,3,4,1,0,3.5,13.78
9.31,31.99,3,1,1,0,2.0,-9.78
7.41,27.37,2,2,1,0,2.0,15.04
12.37,15.98,2,1,1,1,1.5,-7.68
10.73,14.8,2,2,1,1,2.0,13.28
13.12,12.42,3,1,1,1,2.0,0.32
4.67,47.56,2,1,1,0,1.5,8.25
10.11,17.77,2,4,1,1,3.0,6.6
9.03,21.25,2,2,1,0,2.0,1.84
2.39,12.67,2,1,1,0,1.5,13.76
14.11,14.79,2,1,1,1,1.5,8.53
9.99,8.94,1,4,1,0,2.5,-7.68
11.3,33.05,2,2,1,1,2.0,-7.79
7.4,23.93,3,1,1,0,2.0,-5.56
13.32,34.8,3,1,1,1,2.0,3.05
9.45,33.1,2,4,1,0,3.0,-5.56
4.84,21.51,3,2,1,0,2.5,13.72
3.37,8.4,2,4,1,0,3.0,19.47
11.54,35.8,2,4,1,1,3.0,11.31
5.1,48.4,3,2,1,0,2.5,4.08
7.54,44.58,1,1,1,0,1.0,17.22
2.35,24.65,1,2,1,0,1.5,2.82
5.21,5.05,3,2,1,0,2.5,5.72
8.05,42.98,2,4,1,0,3.0,1.34
2.96,24.26,3,4,1,0,3.5,1.94
10.57,22.92,2,4,1,1,3.0,11.71
3.18,33.26,1,4,1,0,2.5,-1.93
3.36,14.0,3,2,1,0,2.5,15.57
3.12,48.57,3,2,1,0,2.5,-8.94
13.85,46.8,2,4,1,1,3.0,-5.98
4.06,15.53,3,1,1,0,2.0,1.59
5.52,43.97,3,2,1,0,2.5,14.22
8.64,45.73,2,4,1,0,3.0,4.98
5.45,46.09,3,4,1,0,3.5,-6.81
9.11,45.15,1,4,1,0,2.5,19.87
2.41,45.11,2,1,1,0,1.5,9.6
4.03,14.83,2,1,1,0,1.5,9.29
14.53,17.88,2,2,1,1,2.0,3.31
11.37,11.05,2,4,1,1,3.0,13.5
5.57,14.25,3,4,1,0,3.5,10.95
10.73,16.41,1,1,1,1,1.0,-0.18
2.52,33.19,2,1,1,0,1.5,11.17
10.84,26.06,1,1,1,1,1.0,-6.73
8.64,16.19,2,1,1,0,1.5,6.18
5.66,13.51,3,2,1,0,2.5,11.57
10.44,17.28,1,4,1,1,2.5,-6.47
8.54,9.2,3,2,1,0,2.5,-0.07
3.56,47.51,1,1,1,0,1.0,9.96
8.36,33.42,1,1,1,0,1.0,11.65
6.36,46.23,1,2,1,0,1.5,17.92
2.82,9.39,1,4,1,0,2.5,17.51
10.51,22.33,3,4,1,1,3.5,0.87
14.58,9.0,1,2,1,1,1.5,16.53
7.88,16.79,1,1,1,0,1.0,-7.64
8.26,29.12,2,4,1,0,3.0,-1.09
3.65,9.08,1,4,1,0,2.5,12.22
2.78,8.12,2,1,1,0,1.5,-3.36
9.84,14.36,1,1,1,0,1.0,7.91
13.34,25.39,3,4,1,1,3.5,-6.82
4.89,44.81,2,1,1,0,1.5,10.81
7.41,22.46,2,1,1,0,1.5,-3.38
9.86,33.75,3,2,1,0,2.5,13.58
6.68,16.96,3,1,1,0,2.0,9.61
9.48,30.84,2,4,1,0,3.0,-2.13
12.29,28.0,1,2,1,1,1.5,5.92
10.49,17.84,3,4,1,1,3.5,6.0
10.16,20.2,3,1,1,1,2.0,0.46
4.15,24.32,3,2,1,0,2.5,19.14
4.2,37.8,1,2,1,0,1.5,10.41
6.69,17.19,2,2,1,0,2.0,16.79
2.23,38.97,3,1,1,0,2.0,15.5
8.76,44.2,2,2,1,0,2.0,13.39
7.7,9.49,2,2,1,0,2.0,-9.78
11.53,20.55,2,2,1,1,2.0,11.52
13.34,48.77,3,4,1,1,3.5,5.98
10.41,18.17,2,4,1,1,3.0,4.07
11.18,38.68,2,4,1,1,3.0,9.46
10.36,11.72,1,4,1,1,2.5,5.88
9.47,21.13,2,2,1,0,2.0,4.51
3.68,12.54,3,1,1,0,2.0,5.2
6.46,21.82,1,4,1,0,2.5,-7.97
11.55,14.67,3,1,1,1,2.0,9.89
14.34,19.2,3,1,1,1,2.0,18.06
12.1,29.3,3,1,1,1,2.0,-5.02
3.54,25.94,3,1,1,0,2.0,7.52
3.07,48.36,3,1,1,0,2.0,10.64
5.76,48.38,2,2,1,0,2.0,-1.06
6.97,9.29,1,1,1,0,1.0,7.99
9.23,38.23,1,4,1,0,2.5,16.28
6.59,25.49,3,4,1,0,3.5,0.79
6.71,27.08,1,1,1,0,1.0,9.25
2.78,38.06,1,4,1,0,2.5,7.97
13.65,46.54,1,4,1,1,2.5,-1.95
9.6,31.1,3,2,1,0,2.5,-9.7
4.82,14.46,2,2,1,0,2.0,6.24
4.46,45.12,3,2,1,0,2.5,0.29
7.33,12.05,2,4,1,0,3.0,18.06
10.93,18.88,1,4,1,1,2.5,1.04
3.94,24.61,2,4,1,0,3.0,16.01
5.83,29.51,1,4,1,0,2.5,14.21
3.21,24.13,1,4,1,0,2.5,18.51
2.27,9.32,1,1,1,0,1.0,-8.62
3.36,16.97,3,1,1,0,2.0,-9.81
13.99,41.39,2,4,1,1,3.0,-7.45
6.45,43.94,1,1,1,0,1.0,7.74
4.08,18.78,1,1,1,0,1.0,2.17
8.49,24.43,1,2,1,0,1.5,-2.64
14.97,10.56,1,2,1,1,1.5,6.7
7.36,42.79,1,1,1,0,1.0,7.11
6.73,16.43,2,1,1,0,1.5,12.96
5.19,45.03,3,1,1,0,2.0,1.55
14.38,47.25,1,2,1,1,1.5,15.02
13.68,13.37,2,1,1,1,1.5,18.68
11.45,41.71,2,2,1,1,2.0,-5.7
9.08,49.66,3,2,1,0,2.5,-6.97
14.04,24.96,1,4,1,1,2.5,0.86
8.45,42.65,3,1,1,0,2.0,17.43
8.43,6.49,1,4,1,0,2.5,-0.34
7.8,11.75,2,1,1,0,1.5,1.78
4.08,8.15,3,1,1,0,2.0,-8.97
14.29,6.71,1,2,1,1,1.5,4.58
7.89,10.13,3,1,1,0,2.0,17.6
13.88,27.45,1,4,1,1,2.5,-1.66
2.45,21.17,3,2,1,0,2.5,5.56
9.29,28.65,1,2,1,0,1.5,-0.37
11.4,33.75,3,2,1,1,2.5,6.64
13.41,49.39,1,4,1,1,2.5,12.73
8.73,31.67,2,4,1,0,3.0,8.84
4.59,6.44,1,2,1,0,1.5,6.69
4.33,13.7,3,4,1,0,3.5,17.54
3.6,45.96,2,2,1,0,2.0,9.93
14.6,34.66,3,2,1,1,2.5,0.03
3.24,22.9,3,1,1,0,2.0,5.8
6.47,31.22,1,2,1,0,1.5,-1.93
6.06,26.17,3,2,1,0,2.5,-0.93
13.73,23.54,3,1,1,1,2.0,17.13
7.03,17.39,1,4,1,0,2.5,-0.74
8.93,40.19,2,4,1,0,3.0,-8.07
8.9,36.76,3,1,1,0,2.0,15.86
12.29,45.12,2,1,1,1,1.5,16.07
7.73,6.32,2,2,1,0,2.0,-3.5
9.67,34.86,1,4,1,0,2.5,4.66
14.31,42.17,1,4,1,1,2.5,19.78
4.74,36.77,1,2,1,0,1.5,-4.37
14.98,19.91,1,1,1,1,1.0,-1.89
7.05,13.25,3,1,1,0,2.0,9.16
14.91,34.21,2,2,1,1,2.0,-8.7
2.05,39.51,3,1,1,0,2.0,-8.03
14.81,15.84,3,4,1,1,3.5,2.7
2.82,44.48,1,1,1,0,1.0,18.84
12.58,29.19,2,4,1,1,3.0,0.33
13.64,36.77,3,4,1,1,3.5,-7.1
6.83,23.36,2,4,1,0,3.0,-4.26
7.96,25.85,2,4,1,0,3.0,0.81
4.82,9.58,3,1,1,0,2.0,17.04
3.11,10.32,1,4,1,0,2.5,-4.37
13.11,14.97,2,2,1,1,2.0,15.52
8.17,42.58,2,2,1,0,2.0,-1.6
9.24,33.95,2,2,1,0,2.0,14.63
5.71,45.18,3,4,1,0,3.5,6.73
14.94,41.34,1,4,1,1,2.5,16.88
6.0,20.4,2,1,1,0,1.5,-4.18
2.51,36.72,1,2,1,0,1.5,-9.03
12.28,14.01,3,4,1,1,3.5,1.75
5.76,5.78,2,2,1,0,2.0,3.52
6.78,6.12,2,1,1,0,1.5,5.9
14.35,34.27,1,1,1,1,1.0,-4.76
7.46,27.11,1,2,1,0,1.5,5.86
4.74,42.36,2,2,1,0,2.0,3.38
5.36,5.03,2,1,1,0,1.5,11.85
13.57,19.29,3,1,1,1,2.0,15.69
12.63,10.67,2,4,1,1,3.0,4.17
2.44,6.16,3,4,1,0,3.5,14.42
14.41,6.35,1,2,1,1,1.5,10.0
9.73,46.21,1,4,1,0,2.5,0.49
12.86,36.11,3,4,1,1,3.5,-8.79
7.86,13.5,3,1,1,0,2.0,17.28
13.11,10.61,1,1,1,1,1.0,11.63
8.58,49.73,1,2,1,0,1.5,15.19
2.69,5.14,2,4,1,0,3.0,1.15
2.97,17.79,3,2,1,0,2.5,-1.37
11.37,48.7,1,4,1,1,2.5,-6.26
14.7,10.07,1,1,1,1,1.0,17.65
3.37,18.85,1,1,1,0,1.0,16.84
9.24,37.16,1,4,1,0,2.5,5.32
12.48,33.75,2,1,1,1,1.5,19.34
11.02,27.22,2,4,1,1,3.0,-1.43
13.11,30.35,2,2,1,1,2.0,9.63
2.85,43.58,2,2,1,0,2.0,-6.68
4.36,9.97,1,1,1,0,1.0,-2.88
5.24,38.8,2,1,1,0,1.5,-1.19
9.6,15.49,3,1,1,0,2.0,4.53
5.28,43.33,1,1,1,0,1.0,3.87
13.9,16.33,1,2,1,1,1.5,-9.21
3.85,38.54,2,2,1,0,2.0,2.45
14.38,49.22,2,4,1,1,3.0,8.92
11.59,19.84,2,1,1,1,1.5,8.91
12.36,34.92,2,1,1,1,1.5,8.36
7.73,8.52,2,4,1,0,3.0,-5.09
10.01,9.13,3,4,1,1,3.5,14.18
2.16,22.99,2,4,1,0,3.0,0.69
4.68,34.27,1,2,1,0,1.5,17.37
11.35,42.64,3,1,1,1,2.0,-0.25
14.38,20.77,2,1,1,1,1.5,18.25
8.4,18.27,3,4,1,0,3.5,14.06
2.02,40.24,2,1,1,0,1.5,1.37
11.87,26.69,3,2,1,1,2.5,-7.22
14.38,22.89,2,4,1,1,3.0,11.68
14.19,30.78,2,2,1,1,2.0,-1.31
10.59,32.64,1,1,1,1,1.0,-0.63
7.99,19.1,1,4,1,0,2.5,0.25
10.94,12.44,1,4,1,1,2.5,6.36
12.15,21.3,1,4,1,1,2.5,2.79
13.06,43.44,3,2,1,1,2.5,-8.67
3.2,29.59,2,1,1,0,1.5,7.19
2.51,31.49,2,1,1,0,1.5,12.06
3.25,29.45,2,1,1,0,1.5,-7.8
7.18,11.9,3,1,1,0,2.0,-9.26
3.74,25.27,3,2,1,0,2.5,10.52
2.23,18.0,2,2,1,0,2.0,17.25
5.52,12.25,3,2,1,0,2.5,18.75
9.95,40.62,2,4,1,0,3.0,9.2
6.87,20.46,3,4,1,0,3.5,-0.2
12.01,30.88,1,1,1,1,1.0,16.44
12.31,17.74,1,4,1,1,2.5,12.59
2.68,40.4,1,2,1,0,1.5,10.01
4.02,30.01,3,2,1,0,2.5,-8.93
12.67,42.46,2,2,1,1,2.0,11.74
6.55,20.19,2,4,1,0,3.0,12.14
14.32,39.29,1,4,1,1,2.5,-7.15
9.89,48.66,3,1,1,0,2.0,10.68
6.43,8.0,3,2,1,0,2.5,6.9
14.38,10.26,1,2,1,1,1.5,-2.22
6.36,34.17,3,4,1,0,3.5,3.28
2.15,45.63,2,1,1,0,1.5,8.95
7.55,35.95,1,4,1,0,2.5,5.99
12.94,14.56,2,1,1,1,1.5,15.45
12.29,37.54,2,1,1,1,1.5,17.91
7.27,30.46,3,4,1,0,3.5,-5.94
2.05,20.04,3,4,1,0,3.5,3.42
7.44,43.45,2,2,1,0,2.0,0.14
13.33,23.62,3,2,1,1,2.5,19.77
3.54,43.8,2,4,1,0,3.0,15.96
14.44,40.73,3,1,1,1,2.0,12.07
6.6,22.5,1,4,1,0,2.5,3.01
4.35,41.29,2,2,1,0,2.0,17.07
8.57,9.13,3,4,1,0,3.5,8.46
13.75,12.45,2,1,1,1,1.5,9.53
14.48,9.14,3,1,1,1,2.0,9.02
3.87,11.53,1,2,1,0,1.5,-8.14
4.32,9.27,3,4,1,0,3.5,-0.35
6.37,31.02,2,1,1,0,1.5,-1.15
8.44,41.46,2,4,1,0,3.0,6.98
12.94,34.91,3,4,1,1,3.5,7.37
5.78,16.87,2,4,1,0,3.0,-5.18
11.13,20.57,2,4,1,1,3.0,2.25
10.47,33.83,2,1,1,1,1.5,4.29
9.87,21.33,2,4,1,0,3.0,-1.53
13.25,16.91,1,2,1,1,1.5,16.5
8.79,7.47,1,4,1,0,2.5,-0.74
5.81,22.93,2,1,1,0,1.5,-7.51
4.51,11.63,2,2,1,0,2.0,-4.79
9.8,29.09,2,2,1,0,2.0,4.9
14.42,20.25,2,2,1,1,2.0,-6.3
10.32,25.24,1,2,1,1,1.5,7.16
10.29,39.54,2,4,1,1,3.0,1.88
12.68,12.96,2,2,1,1,2.0,-4.07
9.28,15.23,3,4,1,0,3.5,17.37
11.8,45.65,2,2,1,1,2.0,7.11
8.59,18.6,1,4,1,0,2.5,1.92
2.84,31.15,2,2,1,0,2.0,10.38
7.9,12.33,3,4,1,0,3.5,-5.68
3.4,37.72,1,1,1,0,1.0,17.65
10.91,42.2,3,2,1,1,2.5,9.09
4.87,6.58,2,4,1,0,3.0,6.65
4.6,45.08,1,2,1,0,1.5,10.97
10.34,13.68,2,1,1,1,1.5,15.09
12.22,17.83,1,4,1,1,2.5,5.88
2.74,35.43,2,4,1,0,3.0,-2.72
8.24,30.49,3,1,1,0,2.0,-2.95
14.13,25.52,3,4,1,1,3.5,4.43
5.36,46.84,2,2,1,0,2.0,1.69
7.7,22.91,2,4,1,0,3.0,-0.04
8.81,25.44,2,1,1,0,1.5,4.42
8.63,28.42,1,4,1,0,2.5,18.16
14.68,44.14,2,2,1,1,2.0,8.18
10.08,15.13,1,2,1,1,1.5,-5.69
4.88,5.94,2,1,1,0,1.5,18.83
5.35,32.49,1,4,1,0,2.5,2.88
8.05,38.64,3,2,1,0,2.5,5.59
13.49,46.61,3,4,1,1,3.5,-7.72
13.26,35.48,1,4,1,1,2.5,5.77
14.89,9.23,3,1,1,1,2.0,11.28
2.51,41.9,3,1,1,0,2.0,6.1
12.04,34.11,2,4,1,1,3.0,14.85
8.32,40.58,1,1,1,0,1.0,12.22
4.11,31.7,3,1,1,0,2.0,18.55
6.19,37.8,2,4,1,0,3.0,2.11
13.54,37.4,1,1,1,1,1.0,14.64
11.56,6.31,1,1,1,1,1.0,11.69
13.38,41.46,3,2,1,1,2.5,17.42
2.42,38.38,2,4,1,0,3.0,-4.38
8.2,15.91,2,4,1,0,3.0,3.98
12.09,29.09,1,1,1,1,1.0,-8.29
5.7,10.18,3,2,1,0,2.5,-6.96
13.22,29.3,3,2,1,1,2.5,-7.05
7.54,49.61,2,1,1,0,1.5,-5.93
12.55,10.68,2,2,1,1,2.0,6.15
8.0,48.03,1,4,1,0,2.5,3.32
3.74,6.18,3,1,1,0,2.0,9.85
13.23,9.12,2,4,1,1,3.0,14.43
3.48,10.31,3,1,1,0,2.0,16.86
4.9,34.07,3,2,1,0,2.5,-5.96
11.6,42.43,1,4,1,1,2.5,-8.07
10.21,31.71,2,2,1,1,2.0,2.86
6.97,28.38,2,1,1,0,1.5,8.44
2.46,26.91,1,1,1,0,1.0,12.19
13.56,16.36,2,4,1,1,3.0,2.86
8.41,32.57,2,1,1,0,1.5,5.51
5.32,28.39,3,4,1,0,3.5,11.75
4.43,40.27,1,1,1,0,1.0,0.19
4.14,33.44,1,2,1,0,1.5,12.67
14.81,9.21,2,4,1,1,3.0,1.92
5.72,25.82,1,2,1,0,1.5,6.88
13.21,48.74,2,1,1,1,1.5,2.7
3.02,39.89,1,2,1,0,1.5,-9.92
12.19,5.32,1,1,1,1,1.0,13.06
9.62,34.79,3,2,1,0,2.5,-1.32
9.22,7.11,1,4,1,0,2.5,13.66
6.21,15.64,1,4,1,0,2.5,19.66
14.07,32.05,3,1,1,1,2.0,-7.11
5.47,12.16,2,1,1,0,1.5,5.84
13.64,10.51,3,4,1,1,3.5,1.59
13.64,42.42,1,1,1,1,1.0,-8.6
7.64,7.34,1,1,1,0,1.0,0.72
2.21,23.37,2,1,1,0,1.5,-3.81
11.94,44.14,2,2,1,1,2.0,-5.8
14.5,48.24,3,1,1,1,2.0,16.28
7.0,22.3,2,4,1,0,3.0,-0.28
2.97,35.35,2,2,1,0,2.0,-6.0
9.24,6.41,3,2,1,0,2.5,0.34
8.27,38.99,3,1,1,0,2.0,19.75
12.66,46.55,3,1,1,1,2.0,-0.3
8.98,34.15,2,1,1,0,1.5,19.85
10.83,20.58,2,4,1,1,3.0,-8.84
4.61,47.85,3,1,1,0,2.0,14.32
4.24,13.29,3,4,1,0,3.5,7.29
6.57,42.58,1,4,1,0,2.5,16.14
2.85,11.0,3,1,1,0,2.0,4.54
7.06,9.71,3,2,1,0,2.5,14.7
14.84,14.09,1,2,1,1,1.5,17.29
7.98,23.78,2,1,1,0,1.5,4.19
12.8,27.54,1,2,1,1,1.5,-4.7
9.26,31.12,3,2,1,0,2.5,-8.03
4.73,37.58,1,4,1,0,2.5,8.65
2.08,13.69,2,1,1,0,1.5,-1.88
6.79,21.01,2,4,1,0,3.0,-4.56
9.65,35.11,1,1,1,0,1.0,6.09
6.65,42.4,3,1,1,0,2.0,10.15
10.38,22.54,1,4,1,1,2.5,-3.78
6.42,29.1,2,1,1,0,1.5,-3.61
13.68,7.93,3,1,1,1,2.0,3.65
14.36,12.47,2,4,1,1,3.0,-0.31
10.37,13.25,1,2,1,1,1.5,6.28
2.05,47.61,1,1,1,0,1.0,9.69
2.6,24.96,2,2,1,0,2.0,5.26
14.41,6.24,1,1,1,1,1.0,9.09
4.71,37.86,3,4,1,0,3.5,-5.42
12.91,48.45,2,2,1,1,2.0,18.8
5.27,26.93,2,4,1,0,3.0,-2.34
11.36,14.42,2,2,1,1,2.0,-8.88
8.16,49.3,3,4,1,0,3.5,19.2
9.78,48.13,1,2,1,0,1.5,-9.42
10.92,14.97,2,4,1,1,3.0,-1.35
4.61,42.6,2,1,1,0,1.5,18.89
7.63,6.35,3,1,1,0,2.0,-1.36
13.72,15.44,2,2,1,1,2.0,2.38
6.96,48.08,3,4,1,0,3.5,9.94
10.95,46.33,3,2,1,1,2.5,-0.98
6.36,34.83,1,1,1,0,1.0,-4.12
5.18,30.58,2,1,1,0,1.5,-5.14
5.33,49.96,2,4,1,0,3.0,3.25
9.7,6.03,1,2,1,0,1.5,11.56
4.85,28.07,2,2,1,0,2.0,7.46
14.52,42.21,2,2,1,1,2.0,-1.46
9.12,24.4,2,2,1,0,2.0,-4.95
3.2,38.45,2,2,1,0,2.0,6.38
2.55,17.74,2,4,1,0,3.0,-9.31
2.52,12.16,1,1,1,0,1.0,-1.14
12.06,28.63,3,1,1,1,2.0,3.15
14.26,23.74,3,4,1,1,3.5,10.91
13.06,47.48,3,2,1,1,2.5,-7.37
12.86,15.06,2,1,1,1,1.5,-1.8
11.44,14.42,1,1,1,1,1.0,-0.96
13.86,25.33,3,4,1,1,3.5,6.35
7.02,35.51,2,1,1,0,1.5,12.5
2.35,44.42,1,4,1,0,2.5,15.39
11.5,26.16,3,1,1,1,2.0,-5.4
9.15,12.13,3,2,1,0,2.5,18.79
3.42,11.91,2,2,1,0,2.0,8.11
5.54,45.41,2,2,1,0,2.0,0.06
6.25,24.1,3,4,1,0,3.5,-9.38
4.59,14.18,1,2,1,0,1.5,-1.72
11.74,8.67,1,1,1,1,1.0,-2.15
11.16,20.96,2,2,1,1,2.0,19.2
7.32,49.75,2,4,1,0,3.0,-2.93
7.63,30.63,1,2,1,0,1.5,-1.83
2.15,34.17,2,2,1,0,2.0,-5.44
12.97,17.32,1,4,1,1,2.5,9.19
12.64,41.09,2,2,1,1,2.0,2.1
3.92,41.51,1,4,1,0,2.5,9.12
10.57,21.66,3,2,1,1,2.5,0.02
13.29,26.28,1,1,1,1,1.0,-0.2
7.3,13.96,1,4,1,0,2.5,14.74
9.74,15.54,1,1,1,0,1.0,-8.94
5.34,32.67,3,1,1,0,2.0,-6.89
11.19,31.74,2,2,1,1,2.0,-3.11
11.91,27.07,3,4,1,1,3.5,-7.2
7.3,11.33,2,4,1,0,3.0,0.75
5.56,36.1,3,1,1,0,2.0,1.82
7.79,37.49,3,1,1,0,2.0,4.9
5.47,30.93,1,1,1,0,1.0,15.53
8.81,41.04,3,4,1,0,3.5,3.38
2.91,13.25,3,2,1,0,2.5,-8.76
13.6,46.43,2,1,1,1,1.5,0.61
5.68,5.43,1,1,1,0,1.0,15.91
4.05,17.67,2,2,1,0,2.0,6.19
3.09,7.15,1,4,1,0,2.5,9.97
3.73,47.02,1,1,1,0,1.0,-7.99
5.62,6.75,3,4,1,0,3.5,7.77
13.12,35.48,2,1,1,1,1.5,6.69
4.66,20.38,1,4,1,0,2.5,4.09
5.82,7.36,1,4,1,0,2.5,7.45
12.24,45.49,3,2,1,1,2.5,7.81
14.36,36.45,3,1,1,1,2.0,17.65
9.88,24.01,2,1,1,0,1.5,6.1
13.51,49.76,3,2,1,1,2.5,0.65
2.04,25.49,1,2,1,0,1.5,7.76
8.24,41.16,1,4,1,0,2.5,-4.72
12.56,15.74,2,4,1,1,3.0,-6.59
4.13,13.72,2,4,1,0,3.0,0.47
13.64,26.29,2,4,1,1,3.0,-8.93
9.35,25.43,1,1,1,0,1.0,-0.59
9.44,21.82,2,4,1,0,3.0,10.77
7.65,44.44,3,4,1,0,3.5,-5.01
2.74,6.42,2,1,1,0,1.5,17.51
7.74,8.54,2,1,1,0,1.5,6.22
13.98,24.5,3,2,1,1,2.5,15.58
3.48,32.63,3,2,1,0,2.5,7.08
12.29,11.64,3,4,1,1,3.5,1.18
8.82,18.26,1,4,1,0,2.5,8.05
3.68,45.92,2,4,1,0,3.0,17.72
3.57,21.74,2,2,1,0,2.0,18.17
14.43,42.43,2,2,1,1,2.0,-8.39
14.28,25.8,2,2,1,1,2.0,0.43
4.03,24.35,2,1,1,0,1.5,11.01
8.75,48.6,3,2,1,0,2.5,10.47
4.63,35.88,3,1,1,0,2.0,11.15
12.04,22.69,3,4,1,1,3.5,-8.84
11.29,48.13,2,1,1,1,1.5,17.56
4.11,29.73,3,2,1,0,2.5,-7.37
12.5,26.97,3,1,1,1,2.0,17.86
12.22,41.54,1,1,1,1,1.0,17.91
9.2,42.15,2,1,1,0,1.5,6.18
7.43,20.36,1,1,1,0,1.0,-1.84
6.01,44.87,1,1,1,0,1.0,16.52
10.6,32.7,1,4,1,1,2.5,6.07
8.65,19.15,1,2,1,0,1.5,3.24
8.78,45.79,1,4,1,0,2.5,-3.61
5.37,18.76,2,2,1,0,2.0,11.08
9.79,12.73,1,4,1,0,2.5,-4.09
4.11,30.37,1,2,1,0,1.5,1.67
6.01,26.98,1,1,1,0,1.0,-3.46
11.59,27.07,1,2,1,1,1.5,18.79
14.44,33.26,3,2,1,1,2.5,12.52
14.91,26.33,1,2,1,1,1.5,0.69
7.07,12.23,2,4,1,0,3.0,7.56
11.78,37.9,2,2,1,1,2.0,-4.8
3.44,48.03,2,2,1,0,2.0,7.84
9.26,9.41,3,4,1,0,3.5,0.71
8.78,36.42,1,2,1,0,1.5,19.92
9.06,19.95,2,1,1,0,1.5,18.99
12.98,32.55,1,2,1,1,1.5,18.01
7.39,29.37,1,2,1,0,1.5,-6.32
14.36,27.63,1,1,1,1,1.0,3.29
12.44,28.1,2,1,1,1,1.5,-6.32
13.96,13.64,3,1,1,1,2.0,8.08
10.95,14.67,1,4,1,1,2.5,6.24
12.49,32.43,1,2,1,1,1.5,9.83
11.3,13.06,3,1,1,1,2.0,16.51
3.85,14.64,2,4,1,0,3.0,7.17
10.45,18.73,3,1,1,1,2.0,6.33
14.22,39.49,3,2,1,1,2.5,-3.62
2.7,20.79,1,4,1,0,2.5,9.2
4.96,42.67,2,4,1,0,3.0,7.52
7.27,35.46,3,1,1,0,2.0,-4.93
8.74,12.71,3,1,1,0,2.0,5.1
13.18,15.19,2,2,1,1,2.0,4.36
6.19,34.05,3,4,1,0,3.5,11.93
12.24,22.52,1,4,1,1,2.5,-9.34
6.31,36.99,2,4,1,0,3.0,6.52
5.01,49.71,2,1,1,0,1.5,12.03
14.03,5.44,1,2,1,1,1.5,-2.9
7.27,16.48,1,2,1,0,1.5,-4.0
14.31,6.82,1,2,1,1,1.5,9.01
7.37,39.64,3,1,1,0,2.0,14.73
5.76,8.48,1,4,1,0,2.5,7.65
13.65,20.23,1,1,1,1,1.0,-6.02
3.63,47.59,3,1,1,0,2.0,8.77
13.0,37.55,1,2,1,1,1.5,1.58
5.05,19.61,2,4,1,0,3.0,14.01
13.69,43.92,1,4,1,1,2.5,18.68
11.74,40.11,1,1,1,1,1.0,-1.29
6.0,33.6,1,4,1,0,2.5,8.17
3.5,44.38,3,2,1,0,2.5,17.47
3.15,32.24,3,1,1,0,2.0,19.8
14.46,29.0,2,2,1,1,2.0,3.22
4.17,22.63,2,2,1,0,2.0,13.8
7.81,20.11,2,2,1,0,2.0,4.11
6.4,11.92,2,4,1,0,3.0,-4.8
3.35,18.39,3,4,1,0,3.5,11.56
14.19,18.67,3,1,1,1,2.0,-6.65
5.0,25.95,2,4,1,0,3.0,13.73
14.96,28.06,1,4,1,1,2.5,-3.22
11.44,20.81,1,1,1,1,1.0,4.99
5.32,10.63,1,4,1,0,2.5,-1.84
13.45,45.88,3,4,1,1,3.5,-8.04
12.29,49.08,2,2,1,1,2.0,-6.4
14.53,39.11,3,2,1,1,2.5,-7.39
12.76,33.07,3,4,1,1,3.5,18.29
8.25,35.99,3,1,1,0,2.0,-1.84
14.8,26.68,2,2,1,1,2.0,18.82
9.02,37.22,1,1,1,0,1.0,8.51
10.98,31.35,2,1,1,1,1.5,1.53
4.75,48.63,2,2,1,0,2.0,3.94
10.47,16.59,3,4,1,1,3.5,6.01
2.63,33.28,3,2,1,0,2.5,-5.26
10.22,36.77,2,1,1,1,1.5,15.67
5.22,45.57,1,4,1,0,2.5,18.0
2.57,18.32,1,4,1,0,2.5,-3.93
8.13,8.07,2,2,1,0,2.0,19.93
7.02,34.82,2,1,1,0,1.5,7.43
8.4,19.42,2,2,1,0,2.0,15.5
5.12,14.74,2,4,1,0,3.0,9.77
11.66,23.72,2,2,1,1,2.0,19.47
3.53,35.73,3,4,1,0,3.5,17.93
11.77,24.22,1,4,1,1,2.5,-6.52
3.69,18.44,1,2,1,0,1.5,-3.12
2.97,15.54,1,2,1,0,1.5,0.66
12.45,6.26,3,4,1,1,3.5,-3.77
4.09,26.77,1,2,1,0,1.5,15.97
4.94,20.44,1,1,1,0,1.0,7.76
2.47,14.63,2,1,1,0,1.5,10.85
7.38,27.91,3,4,1,0,3.5,-0.86
5.2,42.85,3,1,1,0,2.0,17.69
9.09,34.48,1,2,1,0,1.5,3.63
5.3,32.75,3,4,1,0,3.5,5.65
6.59,33.7,2,1,1,0,1.5,13.36
2.98,16.45,3,1,1,0,2.0,13.79
4.62,13.61,2,1,1,0,1.5,19.49
11.18,42.41,3,2,1,1,2.5,19.75
14.24,48.17,1,1,1,1,1.0,13.57
3.64,34.12,3,2,1,0,2.5,1.4
3.05,8.97,2,2,1,0,2.0,-4.74
5.41,42.49,2,2,1,0,2.0,3.84
7.18,15.32,2,2,1,0,2.0,-4.89
6.44,34.03,1,4,1,0,2.5,18.01
13.54,30.02,2,4,1,1,3.0,4.4
7.24,41.57,2,1,1,0,1.5,-8.76
6.63,37.14,2,2,1,0,2.0,0.07
6.74,31.23,3,1,1,0,2.0,-7.01
13.74,7.69,1,1,1,1,1.0,2.9
7.61,11.23,2,2,1,0,2.0,11.2
2.36,22.6,3,4,1,0,3.5,13.21
2.82,49.12,1,1,1,0,1.0,13.6
3.88,38.35,3,2,1,0,2.5,2.76
11.94,17.51,3,1,1,1,2.0,4.2
2.38,10.29,2,2,1,0,2.0,7.64
10.28,16.87,2,1,1,1,1.5,5.31
10.22,19.33,2,1,1,1,1.5,6.2
6.58,42.65,1,2,1,0,1.5,-0.19
14.75,16.03,1,2,1,1,1.5,15.42
6.16,49.95,1,4,1,0,2.5,1.3
12.88,14.81,3,2,1,1,2.5,4.21
14.72,48.84,2,4,1,1,3.0,-5.88
2.26,24.65,3,2,1,0,2.5,9.37
13.96,38.4,1,4,1,1,2.5,-2.42
2.24,41.24,1,4,1,0,2.5,13.24
10.19,46.06,3,2,1,1,2.5,13.92
9.83,10.35,3,2,1,0,2.5,4.73
5.91,46.27,3,1,1,0,2.0,-6.18
2.65,19.87,3,1,1,0,2.0,8.65
10.56,26.91,2,1,1,1,1.5,10.54
4.01,41.58,2,4,1,0,3.0,1.37
10.22,26.12,3,1,1,1,2.0,7.55
12.04,14.72,3,4,1,1,3.5,10.38
4.81,40.07,2,2,1,0,2.0,4.98
12.99,18.56,1,4,1,1,2.5,-9.25
12.67,16.04,3,1,1,1,2.0,12.59
5.88,12.6,1,1,1,0,1.0,7.33
9.07,18.6,1,2,1,0,1.5,-4.89
6.71,25.35,2,1,1,0,1.5,-1.62
5.91,35.82,2,2,1,0,2.0,-2.51
3.69,38.1,3,1,1,0,2.0,-5.63
9.0,30.42,3,2,1,0,2.5,1.5
5.47,45.66,1,2,1,0,1.5,17.07
12.47,9.03,3,2,1,1,2.5,19.23
4.2,48.98,1,1,1,0,1.0,17.68
2.09,35.57,3,1,1,0,2.0,0.06
2.3,16.32,1,1,1,0,1.0,17.48
11.85,5.77,1,1,1,1,1.0,8.19
6.29,36.51,1,2,1,0,1.5,5.46
3.34,35.25,3,1,1,0,2.0,2.6
14.66,10.58,1,2,1,1,1.5,0.3
13.57,22.4,1,2,1,1,1.5,-1.21
13.97,49.53,3,2,1,1,2.5,-9.43
11.51,25.02,1,4,1,1,2.5,17.26
13.34,31.26,3,2,1,1,2.5,18.12
7.35,7.7,2,4,1,0,3.0,3.04
6.53,22.48,2,4,1,0,3.0,15.91
10.0,29.28,2,2,1,0,2.0,13.64
3.21,23.46,1,2,1,0,1.5,7.9
10.62,40.96,1,2,1,1,1.5,4.39
2.44,42.51,1,2,1,0,1.5,-6.4
13.42,8.37,2,4,1,1,3.0,-8.2
3.42,48.54,1,4,1,0,2.5,-9.99
9.37,38.97,2,2,1,0,2.0,11.5
14.02,6.55,3,1,1,1,2.0,4.43
4.51,6.98,3,1,1,0,2.0,3.32
12.72,44.64,2,4,1,1,3.0,4.25
11.46,11.83,2,4,1,1,3.0,5.5
14.07,25.4,1,2,1,1,1.5,1.59
8.34,6.15,2,2,1,0,2.0,16.53
13.11,11.97,1,4,1,1,2.5,-6.97
4.38,15.53,1,2,1,0,1.5,-3.37
8.4,29.6,1,1,1,0,1.0,9.79
10.08,17.83,2,1,1,1,1.5,5.84
2.94,33.87,1,1,1,0,1.0,-0.34
6.48,30.85,1,2,1,0,1.5,19.84
7.57,46.71,2,2,1,0,2.0,7.71
10.51,40.49,2,2,1,1,2.0,9.66
11.0,12.78,2,1,1,1,1.5,6.98
4.58,31.4,2,2,1,0,2.0,2.42
13.04,23.66,1,2,1,1,1.5,12.47
8.69,6.36,3,2,1,0,2.5,5.88
12.01,32.9,3,2,1,1,2.5,19.46
6.8,13.37,3,4,1,0,3.5,-4.72
13.75,48.57,1,1,1,1,1.0,8.04
4.07,30.79,3,4,1,0,3.5,0.58
2.86,49.3,2,1,1,0,1.5,-5.34
8.05,32.69,1,1,1,0,1.0,16.72
3.12,48.9,2,4,1,0,3.0,-7.38
14.57,10.82,3,4,1,1,3.5,-0.39
13.22,8.18,3,4,1,1,3.5,7.53
11.67,41.31,2,4,1,1,3.0,-2.91
11.34,37.96,1,4,1,1,2.5,18.71
14.48,49.18,2,4,1,1,3.0,0.02
7.32,23.57,1,4,1,0,2.5,-1.88
5.36,14.64,1,4,1,0,2.5,19.04
9.69,39.2,2,4,1,0,3.0,10.83
6.29,31.67,1,2,1,0,1.5,-3.55
14.05,41.59,3,1,1,1,2.0,10.26
6.33,44.49,3,1,1,0,2.0,-6.24
2.63,13.88,1,1,1,0,1.0,-3.72
9.91,10.57,3,1,1,0,2.0,-1.65
6.68,43.05,2,2,1,0,2.0,4.02
12.64,30.19,3,1,1,1,2.0,-2.86
6.0,37.91,2,1,1,0,1.5,12.48
11.45,38.35,3,2,1,1,2.5,11.81
10.71,25.3,2,2,1,1,2.0,-1.8
3.36,41.21,2,2,1,0,2.0,-3.02
5.63,31.83,1,2,1,0,1.5,13.11
6.3,17.1,1,2,1,0,1.5,3.7
11.0,15.28,2,1,1,1,1.5,1.59
12.45,12.44,3,2,1,1,2.5,-8.72
8.24,19.2,1,2,1,0,1.5,5.95
6.15,12.48,1,2,1,0,1.5,8.88
4.81,28.57,1,2,1,0,1.5,-4.59
3.75,46.66,2,1,1,0,1.5,-0.89
4.16,22.69,3,1,1,0,2.0,8.17
11.11,23.59,3,1,1,1,2.0,-9.45
9.83,39.34,1,2,1,0,1.5,1.42
3.21,27.63,3,4,1,0,3.5,-5.39
14.17,8.93,2,2,1,1,2.0,-8.41
3.36,27.06,2,2,1,0,2.0,10.31
12.85,43.1,2,2,1,1,2.0,13.24
5.85,12.84,3,4,1,0,3.5,7.33
8.68,6.15,2,1,1,0,1.5,9.74
13.97,22.91,2,1,1,1,1.5,12.95
14.02,42.11,2,4,1,1,3.0,16.73
9.65,49.67,3,1,1,0,2.0,9.43
14.5,12.8,2,2,1,1,2.0,-8.8
11.41,15.11,1,1,1,1,1.0,11.22
7.6,40.44,1,4,1,0,2.5,-2.0
8.36,22.36,3,4,1,0,3.5,10.63
5.23,21.13,3,1,1,0,2.0,2.09
6.34,27.36,2,4,1,0,3.0,4.01
13.4,45.05,1,2,1,1,1.5,0.43
13.16,25.67,3,2,1,1,2.5,7.09
5.37,31.15,3,1,1,0,2.0,-7.06
9.53,30.48,3,2,1,0,2.5,-1.83
4.58,15.29,3,4,1,0,3.5,-1.29
8.17,47.28,2,1,1,0,1.5,1.56
10.37,11.45,1,1,1,1,1.0,8.3
7.63,19.18,2,1,1,0,1.5,-6.84
3.59,48.66,1,4,1,0,2.5,-8.38
10.1,23.23,1,1,1,1,1.0,-3.89
7.35,20.64,3,2,1,0,2.5,19.58
8.3,7.19,1,2,1,0,1.5,6.11
12.64,37.03,1,2,1,1,1.5,-3.1
10.2,31.19,2,4,1,1,3.0,-2.45
12.39,37.0,3,1,1,1,2.0,13.46
9.91,20.76,1,2,1,0,1.5,17.11
10.38,36.3,1,2,1,1,1.5,9.4
3.88,5.01,3,1,1,0,2.0,3.85
8.67,45.59,1,1,1,0,1.0,11.97
11.7,32.07,1,2,1,1,1.5,12.83
9.24,22.19,3,1,1,0,2.0,-8.3
9.26,41.66,2,4,1,0,3.0,-8.33
9.84,11.17,1,1,1,0,1.0,-6.28
11.4,35.07,1,4,1,1,2.5,1.4
9.85,13.36,3,2,1,0,2.5,-0.32
12.91,31.9,3,4,1,1,3.5,16.72
2.84,43.93,2,1,1,0,1.5,-1.1
11.65,29.89,1,4,1,1,2.5,19.44
14.09,34.15,2,4,1,1,3.0,-7.08
5.82,9.86,2,1,1,0,1.5,2.92
3.55,46.99,2,4,1,0,3.0,16.58
9.7,30.78,2,2,1,0,2.0,17.56
5.08,12.72,1,4,1,0,2.5,12.53
9.19,15.29,1,4,1,0,2.5,-0.25
6.28,5.21,1,1,1,0,1.0,-3.19
7.2,30.89,1,1,1,0,1.0,-7.52
10.23,33.62,2,1,1,1,1.5,14.99
5.54,20.93,1,1,1,0,1.0,-2.98
13.28,6.51,1,2,1,1,1.5,-1.68
3.85,21.89,3,2,1,0,2.5,4.98
6.48,32.66,2,2,1,0,2.0,-9.0
14.59,27.44,3,1,1,1,2.0,19.9
2.23,8.12,1,2,1,0,1.5,2.14
10.87,6.54,3,4,1,1,3.5,3.75
7.86,27.16,3,1,1,0,2.0,-8.14
13.14,15.17,3,4,1,1,3.5,19.75
4.07,40.63,3,1,1,0,2.0,5.36
4.69,13.26,2,1,1,0,1.5,19.16
6.34,39.24,2,4,1,0,3.0,5.95
11.11,30.95,2,2,1,1,2.0,-6.12
8.86,24.74,1,2,1,0,1.5,5.3
13.49,7.88,3,4,1,1,3.5,-7.16
3.19,16.42,2,2,1,0,2.0,-5.56
14.22,24.95,3,4,1,1,3.5,6.02
5.32,21.58,1,1,1,0,1.0,5.26
14.99,37.55,1,1,1,1,1.0,8.16
6.02,31.05,3,2,1,0,2.5,-2.71
13.21,13.13,2,2,1,1,2.0,3.01
12.8,23.16,1,4,1,1,2.5,1.53
13.09,48.25,3,2,1,1,2.5,-0.68
10.11,20.45,2,4,1,1,3.0,-0.16
7.05,25.84,3,4,1,0,3.5,15.19
10.38,44.71,1,2,1,1,1.5,7.31
2.14,27.21,2,4,1,0,3.0,-2.35
5.43,48.55,1,4,1,0,2.5,-0.52
4.38,5.71,2,4,1,0,3.0,7.64
2.53,21.13,3,4,1,0,3.5,0.89
6.68,28.3,1,2,1,0,1.5,1.65
5.83,23.89,2,1,1,0,1.5,18.92
7.51,29.17,2,4,1,0,3.0,4.18
10.46,6.22,3,2,1,1,2.5,2.85
8.85,38.48,2,2,1,0,2.0,-8.03
3.88,16.16,2,4,1,0,3.0,-3.47
12.16,32.44,1,1,1,1,1.0,5.51
4.38,21.81,3,1,1,0,2.0,-2.29
7.79,38.35,3,4,1,0,3.5,1.43
11.67,9.17,3,4,1,1,3.5,12.94
8.91,20.93,3,2,1,0,2.5,11.78
4.18,38.06,3,2,1,0,2.5,-8.19
3.59,8.69,3,1,1,0,2.0,16.9
6.37,13.37,1,2,1,0,1.5,-8.53
12.47,14.04,3,2,1,1,2.5,3.09
7.16,11.71,1,1,1,0,1.0,1.5
3.68,10.74,1,2,1,0,1.5,13.7
5.63,48.92,1,4,1,0,2.5,-6.57
14.83,45.56,2,1,1,1,1.5,3.91
6.75,15.17,2,2,1,0,2.0,-8.69
8.05,16.27,2,4,1,0,3.0,8.64
10.62,49.23,2,4,1,1,3.0,4.08
5.65,28.88,3,1,1,0,2.0,-4.72
4.72,42.71,3,1,1,0,2.0,-4.15
6.06,29.61,3,4,1,0,3.5,-7.16
12.28,9.54,2,4,1,1,3.0,-5.13
6.11,43.17,1,1,1,0,1.0,18.24
3.88,15.77,3,4,1,0,3.5,13.56
11.27,17.52,1,2,1,1,1.5,0.75
7.35,44.42,3,2,1,0,2.5,19.66
11.14,22.64,1,4,1,1,2.5,-3.73
7.48,33.51,3,1,1,0,2.0,3.34
6.0,31.16,2,4,1,0,3.0,14.28
13.79,43.93,2,1,1,1,1.5,6.74
8.15,8.26,3,1,1,0,2.0,0.64
5.24,12.8,1,4,1,0,2.5,9.36
2.58,48.49,2,2,1,0,2.0,19.3
4.03,19.53,1,1,1,0,1.0,1.73
4.12,46.15,2,4,1,0,3.0,-4.87
3.23,13.73,1,1,1,0,1.0,2.26
6.3,45.68,1,2,1,0,1.5,-5.45
14.79,7.17,3,1,1,1,2.0,9.27
12.7,16.44,3,2,1,1,2.5,14.9
5.49,46.69,3,2,1,0,2.5,17.81
9.84,7.9,2,1,1,0,1.5,0.3
4.8,34.62,3,2,1,0,2.5,3.55
14.05,49.75,1,2,1,1,1.5,-7.34
2.58,44.33,2,4,1,0,3.0,-4.09
11.12,7.85,1,4,1,1,2.5,13.29
11.08,29.66,1,4,1,1,2.5,15.25
9.75,44.98,2,1,1,0,1.5,1.26
6.99,40.21,1,1,1,0,1.0,-7.76
12.41,16.21,3,1,1,1,2.0,-8.49
7.96,27.69,2,4,1,0,3.0,-5.47
9.43,6.0,1,4,1,0,2.5,17.08
6.19,24.13,3,4,1,0,3.5,-8.94
7.49,49.05,2,1,1,0,1.5,18.62
14.3,18.1,2,1,1,1,1.5,0.99
3.7,19.88,1,1,1,0,1.0,19.23
3.33,44.13,3,1,1,0,2.0,2.03
3.31,45.74,3,2,1,0,2.5,8.81
10.69,28.83,1,4,1,1,2.5,8.83
10.31,14.71,1,1,1,1,1.0,3.15
9.36,10.96,3,1,1,0,2.0,11.27
10.79,46.79,1,4,1,1,2.5,9.18
8.3,34.63,3,2,1,0,2.5,-9.13
11.78,41.12,1,1,1,1,1.0,16.95
8.78,8.33,1,2,1,0,1.5,4.88
6.95,33.89,2,1,1,0,1.5,15.06
2.29,25.98,2,4,1,0,3.0,-0.33
14.89,17.78,1,4,1,1,2.5,16.65
13.21,49.38,3,4,1,1,3.5,2.38
7.45,16.47,1,4,1,0,2.5,12.89
10.63,48.84,1,2,1,1,1.5,1.46
8.47,23.72,1,1,1,0,1.0,6.72
10.38,18.55,3,2,1,1,2.5,9.29
3.02,18.08,1,2,1,0,1.5,15.04
5.73,44.71,1,2,1,0,1.5,-7.49
3.25,45.37,3,2,1,0,2.5,-2.89
13.13,46.81,3,1,1,1,2.0,19.87
3.35,16.95,3,4,1,0,3.5,5.08
10.92,41.49,3,2,1,1,2.5,0.83
14.73,38.96,3,4,1,1,3.5,-4.64
14.48,30.17,2,1,1,1,1.5,12.07
14.82,47.27,2,2,1,1,2.0,13.36
6.66,49.15,1,4,1,0,2.5,9.5
10.72,9.47,1,2,1,1,1.5,14.8
6.04,26.3,2,2,1,0,2.0,12.82
11.12,32.44,2,4,1,1,3.0,-9.98
6.84,9.42,1,2,1,0,1.5,14.4
4.6,40.77,3,4,1,0,3.5,9.52
10.15,48.6,3,2,1,1,2.5,-8.85
8.42,12.0,3,2,1,0,2.5,-5.41
14.66,34.2,3,2,1,1,2.5,-9.95
4.78,31.01,1,1,1,0,1.0,-8.53
11.27,19.67,3,4,1,1,3.5,-1.57
4.69,48.66,2,4,1,0,3.0,19.19
11.85,40.74,1,4,1,1,2.5,-7.59
4.12,37.31,3,2,1,0,2.5,18.46
9.71,5.32,1,4,1,0,2.5,14.25
9.13,9.21,2,1,1,0,1.5,0.3
5.16,20.37,3,4,1,0,3.5,0.86
4.96,42.64,3,2,1,0,2.5,19.68
8.64,45.71,1,1,1,0,1.0,9.07
8.16,42.83,2,2,1,0,2.0,17.49
3.62,24.55,1,2,1,0,1.5,-5.1
3.6,13.91,2,1,1,0,1.5,-1.74
4.67,23.56,2,2,1,0,2.0,1.58
4.25,10.23,2,4,1,0,3.0,-4.88
6.59,46.76,2,4,1,0,3.0,-3.65
11.7,17.86,2,1,1,1,1.5,8.84
11.99,29.19,2,4,1,1,3.0,7.36
10.26,6.56,3,1,1,1,2.0,-9.54
12.62,15.04,2,1,1,1,1.5,-0.17
9.71,31.89,1,1,1,0,1.0,17.9
8.82,36.16,3,2,1,0,2.5,15.92
10.56,22.26,3,4,1,1,3.5,-5.09
7.36,29.96,2,2,1,0,2.0,9.06
3.73,20.56,2,4,1,0,3.0,4.25
6.9,21.83,2,1,1,0,1.5,13.0
14.8,13.23,2,4,1,1,3.0,-2.06
3.06,20.02,3,2,1,0,2.5,7.01
7.53,44.83,2,4,1,0,3.0,18.06
6.4,5.61,2,2,1,0,2.0,3.01
11.74,16.84,1,1,1,1,1.0,2.74
14.3,26.59,3,4,1,1,3.5,-0.52
14.11,21.15,2,4,1,1,3.0,-2.53
9.78,22.76,2,4,1,0,3.0,-9.96
9.63,20.31,1,2,1,0,1.5,-0.8
10.54,9.56,3,4,1,1,3.5,1.92
8.0,10.52,2,4,1,0,3.0,-7.28
11.19,36.52,2,2,1,1,2.0,14.01
14.83,9.93,1,2,1,1,1.5,15.91
10.08,43.01,1,1,1,1,1.0,8.99
2.34,7.97,1,2,1,0,1.5,-5.35
7.15,16.59,3,1,1,0,2.0,19.13
7.58,23.1,2,1,1,0,1.5,-8.77
8.81,10.61,1,4,1,0,2.5,6.22
6.73,19.09,2,2,1,0,2.0,-9.23
13.8,27.83,2,1,1,1,1.5,-7.98
8.29,19.43,1,4,1,0,2.5,-5.87
13.73,24.15,3,2,1,1,2.5,16.27
3.69,10.25,3,4,1,0,3.5,-4.79
6.16,13.36,2,4,1,0,3.0,-6.55
3.25,28.78,1,2,1,0,1.5,16.89
5.7,30.66,3,1,1,0,2.0,-8.05
14.43,46.66,2,2,1,1,2.0,18.05
10.09,10.41,2,1,1,1,1.5,7.38
14.21,39.56,2,2,1,1,2.0,18.27
6.23,37.63,1,2,1,0,1.5,-7.41
6.66,7.4,3,2,1,0,2.5,7.86
14.91,23.96,3,4,1,1,3.5,9.2
3.7,19.37,1,4,1,0,2.5,-4.47
13.3,9.17,2,1,1,1,1.5,10.54
14.51,9.03,1,4,1,1,2.5,13.69
11.17,18.65,1,4,1,1,2.5,-8.49
14.28,6.54,2,1,1,1,1.5,14.74
8.05,5.48,2,4,1,0,3.0,12.07
12.17,25.96,1,1,1,1,1.0,15.4
5.31,12.29,3,4,1,0,3.5,8.57
12.07,47.35,3,1,1,1,2.0,1.37
9.29,25.88,2,1,1,0,1.5,-9.09
9.36,34.45,2,4,1,0,3.0,3.07
11.88,32.85,2,2,1,1,2.0,18.25
4.93,36.41,1,1,1,0,1.0,1.52
7.7,19.28,3,2,1,0,2.5,9.1
5.98,49.58,2,2,1,0,2.0,1.42
7.89,12.31,2,1,1,0,1.5,2.24
6.43,5.27,1,2,1,0,1.5,4.83
13.45,35.25,1,1,1,1,1.0,8.49
9.14,43.46,1,1,1,0,1.0,-4.1
6.18,13.41,1,4,1,0,2.5,-8.09
4.17,23.49,2,1,1,0,1.5,19.82
13.79,29.18,2,2,1,1,2.0,-6.86
7.99,32.79,1,2,1,0,1.5,19.56
12.3,27.76,2,4,1,1,3.0,16.75
13.61,46.25,1,4,1,1,2.5,-2.78
11.44,15.27,3,4,1,1,3.5,-3.28
9.92,44.01,2,2,1,0,2.0,-9.9
5.12,9.0,3,4,1,0,3.5,5.06
8.49,41.39,1,4,1,0,2.5,8.03
4.0,37.52,3,2,1,0,2.5,2.57
4.78,6.4,1,2,1,0,1.5,2.59
14.9,6.67,3,1,1,1,2.0,7.4
11.35,22.46,1,2,1,1,1.5,15.07
6.79,40.16,1,2,1,0,1.5,-9.37
3.5,8.88,3,1,1,0,2.0,2.36
5.02,49.14,2,2,1,0,2.0,-7.9
7.95,12.98,2,4,1,0,3.0,-2.28
7.64,38.7,2,1,1,0,1.5,8.02
8.51,23.06,3,2,1,0,2.5,-9.63
6.31,6.95,1,1,1,0,1.0,17.25
8.52,18.92,3,1,1,0,2.0,13.34
14.23,46.52,3,2,1,1,2.5,16.11
12.68,12.63,2,2,1,1,2.0,4.38
11.98,5.73,1,2,1,1,1.5,4.51
6.76,15.13,1,2,1,0,1.5,2.0
8.34,11.47,1,2,1,0,1.5,11.81
13.42,17.68,1,2,1,1,1.5,15.31
3.72,48.16,3,4,1,0,3.5,-8.97
11.78,8.47,2,1,1,1,1.5,-7.8
12.06,33.58,3,4,1,1,3.5,13.77
8.71,13.48,1,1,1,0,1.0,10.29
13.42,49.15,2,4,1,1,3.0,13.04
13.56,24.68,3,4,1,1,3.5,8.76
5.32,40.98,2,4,1,0,3.0,-7.24
7.5,20.89,3,4,1,0,3.5,-0.02
13.36,46.34,1,2,1,1,1.5,-8.73
2.46,12.07,1,2,1,0,1.5,15.02
2.1,39.6,3,4,1,0,3.5,19.02
7.05,23.84,1,4,1,0,2.5,10.29
14.5,44.4,3,4,1,1,3.5,-8.07
5.16,17.12,1,2,1,0,1.5,15.96
2.67,47.97,2,2,1,0,2.0,13.81
9.24,49.86,3,4,1,0,3.5,10.07
5.52,37.94,3,4,1,0,3.5,8.82
14.66,35.01,3,4,1,1,3.5,3.97
2.1,16.38,1,1,1,0,1.0,19.81
10.16,17.51,1,2,1,1,1.5,0.84
9.08,30.65,3,4,1,0,3.5,-8.24
11.12,7.36,1,4,1,1,2.5,1.61
9.84,30.83,1,4,1,0,2.5,-2.44
2.23,45.85,2,1,1,0,1.5,2.22
10.65,36.68,1,1,1,1,1.0,2.77
4.37,46.86,2,2,1,0,2.0,9.29
9.9,30.18,3,1,1,0,2.0,19.41
9.97,35.65,2,4,1,0,3.0,14.52
5.98,19.96,1,2,1,0,1.5,16.48
8.65,30.41,3,2,1,0,2.5,-9.85
14.88,24.47,2,4,1,1,3.0,-5.63
11.46,39.66,2,4,1,1,3.0,-5.29
2.62,11.55,3,2,1,0,2.5,-9.03
3.61,30.5,3,1,1,0,2.0,15.32
4.96,6.44,1,4,1,0,2.5,11.76
13.18,17.81,2,1,1,1,1.5,14.48
12.89,15.96,1,1,1,1,1.0,16.03
7.5,35.71,3,1,1,0,2.0,5.35
6.09,27.91,1,2,1,0,1.5,16.63
3.24,8.59,3,2,1,0,2.5,1.77
5.61,22.53,1,1,1,0,1.0,4.35
3.34,29.17,2,2,1,0,2.0,17.28
6.21,18.13,1,1,1,0,1.0,1.47
5.48,10.87,3,2,1,0,2.5,0.77
4.92,33.98,1,2,1,0,1.5,19.0
4.69,37.52,2,2,1,0,2.0,13.25
10.89,40.87,1,4,1,1,2.5,19.87
14.56,24.87,2,1,1,1,1.5,10.55
11.33,49.04,3,4,1,1,3.5,-6.46
9.43,26.07,3,4,1,0,3.5,-3.2
3.59,11.09,3,4,1,0,3.5,12.78
9.98,14.83,1,1,1,0,1.0,-2.96
4.82,22.62,1,4,1,0,2.5,-9.28
14.24,12.92,2,1,1,1,1.5,18.33
6.16,47.23,2,4,1,0,3.0,11.86
3.43,42.12,2,2,1,0,2.0,-5.2
12.1,21.23,2,4,1,1,3.0,0.99
7.52,18.68,1,4,1,0,2.5,-8.17
6.98,8.8,1,4,1,0,2.5,-1.08
5.25,18.59,1,2,1,0,1.5,14.44
12.72,21.41,2,2,1,1,2.0,8.45
10.43,31.89,2,1,1,1,1.5,9.79
5.44,5.75,3,1,1,0,2.0,-0.07
4.61,11.47,1,2,1,0,1.5,-0.06
3.67,45.46,3,1,1,0,2.0,9.65
10.53,7.36,2,4,1,1,3.0,4.62
8.39,29.49,1,2,1,0,1.5,16.97
4.07,18.11,3,2,1,0,2.5,19.36
2.19,17.4,3,1,1,0,2.0,9.1
9.84,47.43,3,1,1,0,2.0,-5.62
12.63,7.87,2,2,1,1,2.0,-6.25
8.39,16.38,1,1,1,0,1.0,18.04
4.46,12.87,3,1,1,0,2.0,-5.83
13.76,49.72,1,4,1,1,2.5,-5.36
6.16,8.02,1,2,1,0,1.5,9.66
13.2,29.08,1,2,1,1,1.5,-9.7
8.0,23.53,2,4,1,0,3.0,-0.54
2.89,48.68,3,1,1,0,2.0,8.33
3.59,19.09,1,4,1,0,2.5,11.23
9.42,12.83,3,1,1,0,2.0,8.68
5.89,27.31,2,1,1,0,1.5,10.5
8.05,27.88,2,2,1,0,2.0,-5.51
14.59,10.39,2,4,1,1,3.0,-5.42
11.3,43.87,2,4,1,1,3.0,7.19
11.76,6.32,1,2,1,1,1.5,-1.35
12.12,46.94,1,4,1,1,2.5,10.29
11.98,36.34,2,4,1,1,3.0,-3.22
3.2,32.88,3,2,1,0,2.5,1.28
7.26,17.85,1,4,1,0,2.5,-1.31
9.86,34.9,3,2,1,0,2.5,3.51
5.68,42.64,3,1,1,0,2.0,15.34
5.18,23.13,2,4,1,0,3.0,-1.49
12.85,47.83,3,1,1,1,2.0,-9.63
12.98,28.93,2,2,1,1,2.0,-2.58
10.77,7.87,3,1,1,1,2.0,16.73
3.03,11.18,1,1,1,0,1.0,-1.83
10.62,41.71,3,1,1,1,2.0,11.66
8.86,43.7,2,2,1,0,2.0,-9.58
7.63,39.26,3,4,1,0,3.5,13.36
8.6,38.05,3,4,1,0,3.5,5.76
2.77,20.06,1,2,1,0,1.5,11.06
9.54,28.91,3,2,1,0,2.5,14.72
13.37,49.1,3,1,1,1,2.0,-2.9
6.51,9.55,1,2,1,0,1.5,12.59
8.72,45.62,3,1,1,0,2.0,13.28
11.31,29.75,1,2,1,1,1.5,11.11
5.64,42.34,3,2,1,0,2.5,16.39
3.05,6.76,1,4,1,0,2.5,8.64
9.73,44.68,3,1,1,0,2.0,12.99
14.96,11.47,2,4,1,1,3.0,17.86
8.83,34.94,3,4,1,0,3.5,16.27
6.98,36.03,1,2,1,0,1.5,3.66
12.33,32.76,2,4,1,1,3.0,13.41
11.55,12.26,1,2,1,1,1.5,11.13
7.1,40.66,1,1,1,0,1.0,-6.13
6.84,41.66,1,2,1,0,1.5,-4.6
8.58,12.88,1,2,1,0,1.5,16.8
7.42,10.53,2,1,1,0,1.5,4.08
13.25,6.61,1,1,1,1,1.0,11.3
8.24,8.86,2,2,1,0,2.0,-8.3
6.26,17.15,2,1,1,0,1.5,-7.86
8.89,29.27,1,2,1,0,1.5,17.76
3.06,25.97,2,1,1,0,1.5,8.99
4.52,40.26,2,1,1,0,1.5,2.93
10.25,13.93,2,2,1,1,2.0,-5.05
13.53,11.01,1,2,1,1,1.5,3.83
8.67,14.48,1,4,1,0,2.5,-7.81
2.61,24.0,1,4,1,0,2.5,3.13
13.51,46.5,1,1,1,1,1.0,15.18
10.79,49.49,1,1,1,1,1.0,5.14
7.98,11.68,2,1,1,0,1.5,4.79
13.84,48.73,3,2,1,1,2.5,-3.07
3.59,46.56,2,2,1,0,2.0,19.34
12.68,40.46,2,2,1,1,2.0,1.7
9.11,47.83,3,2,1,0,2.5,2.97
4.93,49.58,2,4,1,0,3.0,-8.07
8.32,8.31,1,1,1,0,1.0,18.43
13.8,47.69,2,4,1,1,3.0,19.87
5.87,36.18,1,2,1,0,1.5,18.81
5.54,17.94,3,4,1,0,3.5,-8.09
14.63,7.32,3,4,1,1,3.5,16.25
4.72,31.04,1,4,1,0,2.5,14.06
3.48,46.61,1,1,1,0,1.0,4.11
13.76,23.34,3,1,1,1,2.0,11.63
4.02,40.03,3,2,1,0,2.5,14.89
11.95,42.25,3,1,1,1,2.0,-9.11
7.94,38.73,1,2,1,0,1.5,6.87
14.28,46.13,1,2,1,1,1.5,11.62
14.7,46.8,2,2,1,1,2.0,-5.39
3.38,37.91,2,4,1,0,3.0,-8.13
9.3,44.11,1,1,1,0,1.0,-2.39
5.27,37.99,1,2,1,0,1.5,7.0
6.59,26.1,2,1,1,0,1.5,-0.35
8.23,13.77,3,1,1,0,2.0,14.46
2.43,31.57,3,2,1,0,2.5,-3.38
11.32,22.54,3,2,1,1,2.5,-2.66
14.94,17.39,1,1,1,1,1.0,-8.08
6.03,6.01,3,2,1,0,2.5,13.3
9.63,35.6,2,1,1,0,1.5,-9.91
14.25,18.03,2,2,1,1,2.0,-0.3
4.97,30.21,1,1,1,0,1.0,-0.79
13.85,8.52,1,2,1,1,1.5,3.41
14.73,22.23,2,1,1,1,1.5,-3.61
5.14,46.67,2,1,1,0,1.5,-9.6
4.77,25.2,2,1,1,0,1.5,-3.95
14.06,27.89,3,4,1,1,3.5,2.44
2.16,26.81,3,4,1,0,3.5,6.83
4.06,10.48,1,2,1,0,1.5,8.39
6.16,16.0,3,1,1,0,2.0,0.67
9.0,13.64,1,4,1,0,2.5,-0.27
7.53,47.96,1,2,1,0,1.5,-7.55
9.22,36.36,3,1,1,0,2.0,7.57
12.69,47.04,3,1,1,1,2.0,7.96
11.25,11.89,1,4,1,1,2.5,2.51
10.73,30.02,1,2,1,1,1.5,3.94
3.54,7.79,2,2,1,0,2.0,2.08
11.5,10.87,3,2,1,1,2.5,-5.24
7.99,18.6,2,1,1,0,1.5,16.96
5.05,29.23,1,2,1,0,1.5,8.85
5.35,48.61,1,2,1,0,1.5,8.69
2.22,27.48,2,2,1,0,2.0,-1.72
10.54,32.03,2,2,1,1,2.0,6.32
5.54,36.5,3,2,1,0,2.5,9.25
14.39,38.25,2,2,1,1,2.0,18.43
7.02,33.18,3,1,1,0,2.0,-7.05
8.34,15.25,1,2,1,0,1.5,-6.89
5.5,49.84,1,4,1,0,2.5,3.31
14.46,5.8,1,4,1,1,2.5,14.48
13.85,31.78,2,2,1,1,2.0,9.06
12.31,18.98,1,1,1,1,1.0,3.06
4.31,32.13,1,1,1,0,1.0,-5.09
4.82,39.34,3,2,1,0,2.5,-6.73
7.21,23.98,2,2,1,0,2.0,-2.51
12.01,34.09,1,1,1,1,1.0,19.77
13.21,49.72,3,2,1,1,2.5,-2.74
3.6,5.14,2,4,1,0,3.0,-4.17
13.54,9.47,3,2,1,1,2.5,2.69
4.85,12.23,1,1,1,0,1.0,14.74
14.08,25.07,2,4,1,1,3.0,7.83
11.57,23.49,3,2,1,1,2.5,-8.62
8.56,11.05,1,2,1,0,1.5,5.71
8.6,9.45,3,4,1,0,3.5,12.81
2.02,31.79,1,4,1,0,2.5,19.32
12.68,12.84,3,2,1,1,2.5,-2.75
7.7,30.12,1,4,1,0,2.5,8.71
11.87,46.3,1,4,1,1,2.5,-1.64
14.53,20.47,2,4,1,1,3.0,18.52
2.75,37.74,3,2,1,0,2.5,2.63
14.55,32.6,1,4,1,1,2.5,17.97
5.58,20.45,1,2,1,0,1.5,-5.86
13.13,12.59,2,4,1,1,3.0,7.18
9.79,13.98,1,1,1,0,1.0,5.28
12.75,45.28,2,4,1,1,3.0,2.56
9.3,14.98,1,2,1,0,1.5,10.04
9.34,18.3,3,2,1,0,2.5,-2.16
12.39,25.8,3,4,1,1,3.5,-4.86
3.64,12.01,3,2,1,0,2.5,-2.69
3.37,30.08,2,1,1,0,1.5,-4.71
5.08,27.2,1,2,1,0,1.5,17.87
7.7,13.76,3,1,1,0,2.0,-4.84
12.43,34.85,1,1,1,1,1.0,-8.48
3.46,38.01,3,4,1,0,3.5,17.46
14.06,34.23,3,4,1,1,3.5,3.81
5.24,34.19,1,1,1,0,1.0,3.78
4.32,42.64,3,1,1,0,2.0,6.39
7.56,34.75,3,2,1,0,2.5,-3.41
3.5,5.15,1,4,1,0,2.5,19.52
3.84,19.23,2,1,1,0,1.5,1.12
13.62,29.88,1,1,1,1,1.0,-5.66
11.16,33.55,1,1,1,1,1.0,5.41
3.86,44.72,1,4,1,0,2.5,19.92
13.28,39.08,1,1,1,1,1.0,9.9
8.94,30.61,2,4,1,0,3.0,0.02
5.64,43.87,1,1,1,0,1.0,-8.52
2.92,10.5,3,2,1,0,2.5,14.68
5.28,15.12,2,4,1,0,3.0,13.05
12.13,39.82,1,2,1,1,1.5,-4.61
9.85,36.02,2,1,1,0,1.5,14.66
11.63,10.4,1,2,1,1,1.5,-3.4
5.48,44.41,1,2,1,0,1.5,10.36
9.06,19.5,1,2,1,0,1.5,19.91
10.88,35.64,2,4,1,1,3.0,-2.28
5.48,30.25,1,1,1,0,1.0,-8.77
11.77,6.29,1,4,1,1,2.5,-1.59
3.78,7.5,2,4,1,0,3.0,15.66
7.78,18.82,3,1,1,0,2.0,-0.04
6.33,48.19,3,1,1,0,2.0,-9.7
4.92,21.44,3,1,1,0,2.0,3.35
13.01,35.89,2,2,1,1,2.0,1.89
4.15,44.01,1,2,1,0,1.5,2.31
2.94,15.11,3,2,1,0,2.5,16.11
12.91,25.32,1,1,1,1,1.0,-5.83
3.7,9.7,1,2,1,0,1.5,-4.29
12.92,5.16,3,2,1,1,2.5,14.65
8.38,38.67,1,1,1,0,1.0,-2.71
8.46,22.55,3,1,1,0,2.0,11.89
9.5,19.19,2,4,1,0,3.0,18.06
10.04,30.37,1,1,1,1,1.0,-0.57
13.4,13.18,2,1,1,1,1.5,-3.21
5.3,22.68,2,1,1,0,1.5,14.81
11.08,18.04,2,4,1,1,3.0,8.57
14.18,5.25,3,4,1,1,3.5,-5.96
4.91,34.66,3,4,1,0,3.5,19.92
2.83,8.87,3,1,1,0,2.0,18.44
4.29,44.74,1,2,1,0,1.5,7.16
5.68,25.26,1,4,1,0,2.5,-1.07
11.32,23.15,1,4,1,1,2.5,-4.87
6.4,42.12,3,4,1,0,3.5,19.19
11.86,33.75,2,1,1,1,1.5,13.26
14.53,19.92,2,2,1,1,2.0,14.06
14.31,29.21,3,4,1,1,3.5,-8.89
7.72,23.08,3,2,1,0,2.5,-4.47
13.06,34.81,3,4,1,1,3.5,-6.75
11.03,45.09,1,2,1,1,1.5,6.54
9.64,41.96,2,4,1,0,3.0,8.93
8.54,37.6,2,1,1,0,1.5,1.22
6.25,7.07,2,1,1,0,1.5,19.43
2.56,27.86,1,2,1,0,1.5,17.39
2.83,28.2,3,2,1,0,2.5,5.65
8.95,9.03,1,2,1,0,1.5,5.42
14.85,49.63,2,2,1,1,2.0,9.05
3.79,11.89,3,1,1,0,2.0,7.15
3.01,31.13,2,2,1,0,2.0,-3.12
2.53,21.09,3,2,1,0,2.5,10.29
8.49,30.71,3,2,1,0,2.5,0.67
6.36,45.91,1,2,1,0,1.5,-7.92
11.57,43.42,2,4,1,1,3.0,8.0
14.52,27.49,3,2,1,1,2.5,17.56
13.16,49.46,3,1,1,1,2.0,15.83
7.5,30.42,1,1,1,0,1.0,3.58
6.68,5.63,2,1,1,0,1.5,-6.19
9.37,47.32,1,1,1,0,1.0,-2.39
14.16,42.67,1,4,1,1,2.5,7.51
7.51,45.02,3,2,1,0,2.5,3.47
14.92,32.21,3,1,1,1,2.0,13.55
11.63,14.23,3,1,1,1,2.0,-1.9
4.19,31.15,2,2,1,0,2.0,-9.85
11.81,41.62,1,2,1,1,1.5,5.35
8.71,10.3,2,4,1,0,3.0,-2.99
11.63,48.18,3,1,1,1,2.0,10.05
3.83,49.73,3,2,1,0,2.5,1.37
8.12,37.45,2,4,1,0,3.0,-5.4
3.7,43.14,2,2,1,0,2.0,2.69
10.06,7.29,1,4,1,1,2.5,-5.59
3.18,13.53,1,1,1,0,1.0,-8.93
4.03,47.71,2,4,1,0,3.0,4.63
7.93,43.57,1,2,1,0,1.5,0.54
10.98,13.17,1,2,1,1,1.5,9.72
3.5,28.1,1,1,1,0,1.0,3.77
13.01,16.85,2,1,1,1,1.5,-7.1
4.67,9.73,3,2,1,0,2.5,14.04
13.18,12.11,2,4,1,1,3.0,11.96
11.63,28.07,2,1,1,1,1.5,18.51
3.17,41.52,1,1,1,0,1.0,11.29
5.92,9.66,2,2,1,0,2.0,5.31
11.82,34.76,3,2,1,1,2.5,8.35
3.15,28.63,3,4,1,0,3.5,-5.07
2.74,39.95,3,4,1,0,3.5,-5.16
6.73,40.6,2,4,1,0,3.0,-3.22
5.65,26.38,2,2,1,0,2.0,-2.03
4.93,17.75,2,2,1,0,2.0,9.36
13.23,11.95,3,4,1,1,3.5,12.95
12.2,45.93,1,1,1,1,1.0,16.44
12.38,9.73,3,2,1,1,2.5,9.83
8.46,22.48,1,4,1,0,2.5,15.94
13.99,46.22,2,4,1,1,3.0,14.58
11.49,21.19,1,4,1,1,2.5,-7.75
7.0,27.39,1,2,1,0,1.5,-9.03
7.99,48.09,1,4,1,0,2.5,16.58
3.74,12.63,1,2,1,0,1.5,5.19
13.47,11.14,2,4,1,1,3.0,0.45
11.03,45.55,3,4,1,1,3.5,2.57
11.49,14.9,2,4,1,1,3.0,0.75
13.72,45.42,3,2,1,1,2.5,8.45
4.15,23.79,1,2,1,0,1.5,10.88
7.53,25.97,2,1,1,0,1.5,-6.51
14.1,12.63,2,1,1,1,1.5,-6.44
5.31,30.6,1,4,1,0,2.5,19.88
6.4,42.65,3,1,1,0,2.0,0.13
9.38,11.47,1,2,1,0,1.5,15.85
9.19,44.85,1,2,1,0,1.5,4.66
5.38,28.97,1,2,1,0,1.5,10.99
3.74,15.62,2,4,1,0,3.0,9.95
2.93,39.49,3,4,1,0,3.5,-3.13
9.19,14.71,3,2,1,0,2.5,12.61
11.77,37.81,3,2,1,1,2.5,-0.6
8.16,45.22,3,2,1,0,2.5,6.5
12.0,47.6,1,4,1,1,2.5,10.22
13.32,8.36,3,4,1,1,3.5,-5.62
9.36,18.23,1,2,1,0,1.5,5.86
11.09,18.97,3,2,1,1,2.5,8.05
12.3,22.07,2,1,1,1,1.5,15.93
2.52,28.74,2,1,1,0,1.5,10.37
7.0,30.3,1,2,1,0,1.5,-2.69
12.35,11.66,3,2,1,1,2.5,-6.93
12.84,12.51,3,4,1,1,3.5,2.11
2.27,8.38,1,1,1,0,1.0,11.26
4.11,37.66,3,1,1,0,2.0,-5.97
3.9,49.85,3,2,1,0,2.5,7.4
7.76,36.71,2,4,1,0,3.0,7.37
13.85,5.98,2,4,1,1,3.0,-4.18
13.94,37.83,2,1,1,1,1.5,10.27
9.05,21.81,2,1,1,0,1.5,6.58
4.98,32.84,1,4,1,0,2.5,19.5
13.09,24.43,3,2,1,1,2.5,6.19
2.43,12.22,1,1,1,0,1.0,11.51
4.82,37.1,2,4,1,0,3.0,3.69
13.29,10.83,3,2,1,1,2.5,0.7
6.26,33.85,2,4,1,0,3.0,2.75
4.25,14.31,3,2,1,0,2.5,6.93
4.78,10.83,2,1,1,0,1.5,3.56
12.03,29.02,3,4,1,1,3.5,8.34
2.35,12.75,1,4,1,0,2.5,2.0
3.46,17.23,3,1,1,0,2.0,-3.57
13.81,42.31,3,4,1,1,3.5,-1.74
8.86,33.37,1,4,1,0,2.5,14.61
13.25,22.71,2,2,1,1,2.0,3.66
3.84,39.8,1,2,1,0,1.5,17.37
11.7,31.3,1,2,1,1,1.5,13.82
9.59,40.81,3,2,1,0,2.5,8.15
4.29,39.57,3,2,1,0,2.5,10.46
4.29,11.19,3,2,1,0,2.5,4.69
10.23,49.53,2,2,1,1,2.0,-4.09
7.49,26.5,3,4,1,0,3.5,16.22
14.81,47.64,1,1,1,1,1.0,-4.65
9.82,15.61,3,2,1,0,2.5,-3.24
14.63,38.43,3,2,1,1,2.5,10.04
11.89,38.89,2,4,1,1,3.0,-4.45
9.8,47.29,2,4,1,0,3.0,-5.62
10.99,22.17,3,1,1,1,2.0,8.51
11.59,15.77,2,4,1,1,3.0,-1.56
8.64,31.28,3,4,1,0,3.5,-8.16
3.2,27.8,2,2,1,0,2.0,-2.66
11.03,28.16,2,2,1,1,2.0,-7.2
12.42,42.47,2,4,1,1,3.0,-7.41
7.75,44.91,2,4,1,0,3.0,8.76
10.66,25.21,2,4,1,1,3.0,16.09
14.27,24.85,3,2,1,1,2.5,18.18
6.29,22.71,3,1,1,0,2.0,6.2
5.52,29.33,3,4,1,0,3.5,19.9
12.94,12.07,2,1,1,1,1.5,11.05
6.93,12.03,1,1,1,0,1.0,6.43
11.2,28.73,2,2,1,1,2.0,17.65
2.46,10.82,3,4,1,0,3.5,-8.72
12.56,29.31,3,2,1,1,2.5,12.83
14.76,45.33,2,4,1,1,3.0,-7.37
3.27,13.14,2,2,1,0,2.0,14.42
6.13,10.72,1,2,1,0,1.5,16.49
9.85,46.47,3,2,1,0,2.5,8.0
3.35,12.75,3,2,1,0,2.5,11.24
10.51,43.62,2,1,1,1,1.5,4.79
6.2,29.51,2,1,1,0,1.5,-6.63
12.58,43.66,1,4,1,1,2.5,2.62
14.88,37.97,2,4,1,1,3.0,-0.2
7.5,41.04,2,1,1,0,1.5,18.83
11.72,16.42,1,1,1,1,1.0,-8.59
9.36,12.23,1,4,1,0,2.5,8.5
14.52,15.94,3,2,1,1,2.5,-4.75
3.56,20.55,2,4,1,0,3.0,-1.72
14.39,49.55,2,2,1,1,2.0,-1.24
4.82,34.13,1,4,1,0,2.5,10.53
12.08,23.28,2,2,1,1,2.0,15.56
10.15,45.46,1,1,1,1,1.0,-7.64
14.53,10.4,2,2,1,1,2.0,-6.88
14.6,20.29,3,4,1,1,3.5,17.5
9.66,41.25,2,2,1,0,2.0,-8.87
14.43,28.62,3,2,1,1,2.5,8.22
10.26,37.26,2,2,1,1,2.0,12.54
5.42,47.08,2,1,1,0,1.5,9.51
7.79,6.97,3,1,1,0,2.0,-6.59
14.62,37.95,2,4,1,1,3.0,9.87
13.1,10.25,3,2,1,1,2.5,-6.71
8.54,22.59,3,2,1,0,2.5,14.37
2.96,15.51,2,2,1,0,2.0,3.78
8.52,25.89,3,2,1,0,2.5,-7.16
10.44,38.33,1,2,1,1,1.5,9.46
6.39,19.21,2,2,1,0,2.0,17.72
8.59,37.63,3,2,1,0,2.5,6.03
7.02,20.67,1,1,1,0,1.0,2.67
9.39,31.27,3,2,1,0,2.5,-9.04
3.21,7.12,2,4,1,0,3.0,9.17
2.31,21.1,3,4,1,0,3.5,3.0
2.02,37.95,1,2,1,0,1.5,-1.44
6.49,25.74,1,1,1,0,1.0,18.66
3.33,8.94,3,2,1,0,2.5,19.91
3.98,14.31,1,1,1,0,1.0,8.04
5.01,40.75,3,1,1,0,2.0,-5.07
6.04,17.27,3,4,1,0,3.5,-6.5
12.02,45.96,3,4,1,1,3.5,-4.71
4.49,19.19,1,2,1,0,1.5,0.3
13.03,14.0,1,4,1,1,2.5,-1.85
8.35,40.33,3,4,1,0,3.5,-1.13
10.43,18.9,3,1,1,1,2.0,0.98
13.5,46.22,1,4,1,1,2.5,1.71
4.42,44.89,2,2,1,0,2.0,-3.7
10.85,48.48,1,1,1,1,1.0,19.41
12.7,26.95,3,4,1,1,3.5,-9.97
14.0,26.12,2,4,1,1,3.0,13.6
6.79,27.01,3,4,1,0,3.5,-3.45
10.94,27.93,2,2,1,1,2.0,7.46
5.53,6.41,3,2,1,0,2.5,-7.42
9.84,27.91,3,2,1,0,2.5,-5.93
10.74,42.28,3,4,1,1,3.5,6.46
7.02,36.55,1,2,1,0,1.5,10.26
11.57,23.74,1,1,1,1,1.0,19.11
2.52,11.35,1,4,1,0,2.5,19.24
12.16,44.34,3,4,1,1,3.5,19.1
9.96,9.42,2,4,1,0,3.0,-0.8
12.9,18.87,3,1,1,1,2.0,14.24
3.14,39.13,1,1,1,0,1.0,-1.97
9.92,25.16,2,2,1,0,2.0,6.88
14.13,38.69,2,2,1,1,2.0,0.33
7.44,23.17,3,2,1,0,2.5,7.84
10.84,21.92,3,2,1,1,2.5,5.3
3.62,7.27,2,4,1,0,3.0,3.59
5.94,21.46,3,1,1,0,2.0,14.13
14.49,28.23,1,4,1,1,2.5,-6.09
8.51,10.78,2,4,1,0,3.0,-4.27
4.0,42.22,1,2,1,0,1.5,-4.07
9.93,19.56,2,2,1,0,2.0,13.14
12.93,40.14,2,4,1,1,3.0,-7.7
4.7,5.28,3,4,1,0,3.5,-4.17
2.19,44.58,1,1,1,0,1.0,6.1
9.85,12.66,2,1,1,0,1.5,6.9
6.04,16.86,3,2,1,0,2.5,-7.96
12.57,11.37,1,4,1,1,2.5,18.6
3.06,14.0,1,2,1,0,1.5,2.98
3.18,34.46,1,2,1,0,1.5,-9.21
8.71,25.39,1,4,1,0,2.5,9.47
3.92,39.49,2,2,1,0,2.0,-7.93
13.64,49.81,3,2,1,1,2.5,-3.93
13.53,26.1,3,2,1,1,2.5,1.21
3.71,6.69,2,2,1,0,2.0,5.76
3.8,22.28,2,4,1,0,3.0,3.77
10.13,30.12,2,1,1,1,1.5,11.23
10.32,32.23,1,1,1,1,1.0,17.47
3.92,17.78,3,1,1,0,2.0,-6.5
7.52,25.36,2,4,1,0,3.0,-9.65
5.55,26.27,2,2,1,0,2.0,13.48
8.75,35.43,2,4,1,0,3.0,-9.38
11.89,45.08,3,2,1,1,2.5,-0.6
5.99,27.04,3,2,1,0,2.5,1.39
12.94,46.03,2,4,1,1,3.0,19.55
9.32,36.22,2,4,1,0,3.0,11.67
5.14,14.87,3,4,1,0,3.5,5.71
4.67,14.66,2,4,1,0,3.0,15.62
4.53,37.7,3,2,1,0,2.5,-1.68
12.76,48.8,2,2,1,1,2.0,3.85
2.4,46.36,1,2,1,0,1.5,11.0
5.01,6.32,1,2,1,0,1.5,14.65
4.8,21.63,3,4,1,0,3.5,-0.16
9.85,43.95,1,4,1,0,2.5,-4.46
3.89,14.02,2,1,1,0,1.5,12.29
11.41,49.49,1,2,1,1,1.5,-4.74
2.04,33.56,1,4,1,0,2.5,6.29
3.75,18.62,2,4,1,0,3.0,-8.38
2.55,8.34,3,4,1,0,3.5,19.79
11.71,17.35,1,1,1,1,1.0,13.21
9.26,44.22,2,2,1,0,2.0,10.94
11.77,7.52,3,4,1,1,3.5,-7.59
14.61,37.53,3,1,1,1,2.0,-5.52
10.34,14.76,3,2,1,1,2.5,-2.19
14.46,6.28,1,4,1,1,2.5,6.48
9.65,37.23,3,4,1,0,3.5,-6.47
12.14,5.24,3,1,1,1,2.0,11.4
5.14,7.61,1,1,1,0,1.0,8.85
11.02,13.11,2,4,1,1,3.0,5.18
2.64,21.36,1,4,1,0,2.5,-5.84
6.78,15.0,3,2,1,0,2.5,3.57
14.96,17.29,1,2,1,1,1.5,6.93
8.4,5.12,1,1,1,0,1.0,3.71
12.42,44.71,3,4,1,1,3.5,19.62
9.68,47.21,1,4,1,0,2.5,0.53
13.62,46.15,1,4,1,1,2.5,-2.6
12.78,48.49,1,4,1,1,2.5,12.82
8.69,11.8,3,1,1,0,2.0,0.56
7.44,24.51,3,4,1,0,3.5,15.52
2.14,29.58,1,4,1,0,2.5,18.25
12.58,43.19,3,1,1,1,2.0,10.99
6.44,11.21,3,1,1,0,2.0,5.06
12.49,43.08,2,2,1,1,2.0,19.49
3.35,25.16,3,1,1,0,2.0,8.91
11.51,21.32,2,4,1,1,3.0,-6.77
3.89,9.19,3,1,1,0,2.0,16.69
6.54,21.64,1,1,1,0,1.0,18.8
11.16,28.13,3,2,1,1,2.5,1.8
4.21,49.88,3,4,1,0,3.5,-2.86
14.06,7.55,1,1,1,1,1.0,10.62
13.77,38.12,2,4,1,1,3.0,15.01
9.14,28.0,3,4,1,0,3.5,-9.73
14.77,37.74,1,4,1,1,2.5,-8.71
7.13,13.37,1,4,1,0,2.5,14.12
5.58,18.67,3,4,1,0,3.5,-6.63
6.2,29.66,2,1,1,0,1.5,-0.97
5.65,13.75,1,2,1,0,1.5,17.83
4.11,5.07,3,4,1,0,3.5,17.0
10.46,16.31,3,4,1,1,3.5,-0.99
5.91,39.89,3,1,1,0,2.0,4.23
12.25,15.11,1,2,1,1,1.5,1.37
12.7,25.71,3,1,1,1,2.0,11.0
12.37,22.93,3,2,1,1,2.5,-1.7
7.57,27.16,2,2,1,0,2.0,-2.7
11.32,46.37,3,1,1,1,2.0,3.13
2.54,14.52,3,4,1,0,3.5,0.83
11.65,19.82,3,4,1,1,3.5,3.55
2.98,36.57,2,4,1,0,3.0,2.49
7.08,10.48,3,2,1,0,2.5,19.9
10.57,21.21,1,4,1,1,2.5,-6.73
14.98,24.43,2,1,1,1,1.5,13.13
2.21,22.61,3,4,1,0,3.5,-2.05
4.77,20.8,2,4,1,0,3.0,10.27
13.33,45.56,2,1,1,1,1.5,-4.38
3.92,5.22,2,2,1,0,2.0,12.4
2.94,11.96,1,2,1,0,1.5,-4.52
6.26,7.96,2,2,1,0,2.0,11.32
10.76,5.09,1,1,1,1,1.0,0.67
6.86,42.89,2,1,1,0,1.5,-6.69
8.62,7.27,2,1,1,0,1.5,-4.02
5.88,9.39,2,1,1,0,1.5,18.51
12.65,36.5,3,4,1,1,3.5,16.39
10.88,32.69,1,2,1,1,1.5,4.13
3.41,13.58,3,2,1,0,2.5,-5.01
5.78,21.12,2,2,1,0,2.0,12.08
12.95,32.32,1,4,1,1,2.5,17.94
9.1,18.63,3,1,1,0,2.0,10.21
12.3,12.78,1,4,1,1,2.5,3.4
4.0,12.5,2,1,1,0,1.5,11.09
8.92,27.05,1,4,1,0,2.5,-4.0
8.93,39.15,1,1,1,0,1.0,-5.93
8.5,5.31,3,2,1,0,2.5,-4.92
4.01,27.45,1,4,1,0,2.5,18.64
13.59,17.18,2,4,1,1,3.0,7.53
2.72,24.37,1,2,1,0,1.5,14.28
5.02,38.12,1,1,1,0,1.0,11.16
8.55,14.86,1,4,1,0,2.5,0.18
2.86,43.4,1,2,1,0,1.5,19.78
8.68,41.72,3,2,1,0,2.5,18.36
3.78,11.37,3,1,1,0,2.0,16.43
5.58,42.04,3,1,1,0,2.0,0.41
6.73,14.16,1,4,1,0,2.5,-0.75
14.53,24.68,1,1,1,1,1.0,-1.73
8.2,29.88,3,4,1,0,3.5,-6.47
10.69,10.5,3,4,1,1,3.5,17.06
3.37,32.14,1,1,1,0,1.0,-3.94
7.65,43.48,1,2,1,0,1.5,5.26
11.49,6.92,3,4,1,1,3.5,-3.42
9.5,13.35,1,1,1,0,1.0,1.95
11.42,36.27,1,4,1,1,2.5,0.4
12.55,31.69,3,2,1,1,2.5,-0.32
9.64,44.38,1,1,1,0,1.0,-5.72
5.21,47.3,2,4,1,0,3.0,-7.4
10.71,6.62,1,2,1,1,1.5,-8.63
14.76,10.0,3,4,1,1,3.5,2.13
2.73,49.85,1,1,1,0,1.0,5.03
2.73,35.01,3,1,1,0,2.0,-9.42
8.24,43.93,2,1,1,0,1.5,17.02
2.95,14.72,3,4,1,0,3.5,18.45
6.85,14.96,3,4,1,0,3.5,15.08
12.94,11.27,2,2,1,1,2.0,16.38
6.15,19.18,1,1,1,0,1.0,14.49
9.52,30.84,1,1,1,0,1.0,18.14
12.99,28.62,3,1,1,1,2.0,16.91
7.14,40.0,1,4,1,0,2.5,-2.6
3.85,17.47,3,1,1,0,2.0,-0.89
2.34,20.03,3,4,1,0,3.5,-1.3
6.85,21.58,2,4,1,0,3.0,17.01
8.84,17.58,1,2,1,0,1.5,-9.08
7.95,26.04,1,2,1,0,1.5,18.0
5.42,36.31,2,4,1,0,3.0,-8.8
12.62,42.53,2,2,1,1,2.0,3.28
2.16,16.41,3,1,1,0,2.0,8.21
7.07,28.73,1,2,1,0,1.5,10.47
7.34,19.73,2,2,1,0,2.0,-7.14
2.77,19.41,3,2,1,0,2.5,14.51
12.0,11.46,1,2,1,1,1.5,-9.05
9.3,47.9,3,4,1,0,3.5,-1.64
10.71,27.6,3,1,1,1,2.0,2.51
9.46,43.29,2,2,1,0,2.0,14.79
4.63,42.87,1,4,1,0,2.5,-4.26
7.45,36.38,1,4,1,0,2.5,11.85
13.26,37.33,2,4,1,1,3.0,-5.3
2.23,40.77,3,2,1,0,2.5,17.55
10.27,24.0,3,2,1,1,2.5,-5.26
8.32,30.34,1,2,1,0,1.5,5.83
7.2,39.02,1,1,1,0,1.0,7.92
7.73,44.75,1,2,1,0,1.5,12.32
6.45,37.15,1,1,1,0,1.0,12.78
2.54,41.25,3,1,1,0,2.0,9.18
2.8,49.74,2,4,1,0,3.0,1.96
6.42,6.94,2,4,1,0,3.0,7.76
9.31,16.79,3,4,1,0,3.5,-1.77
6.83,34.15,3,4,1,0,3.5,15.91
7.78,11.95,3,4,1,0,3.5,2.43
9.06,34.76,3,4,1,0,3.5,11.43
14.67,48.53,1,2,1,1,1.5,18.33
3.98,34.74,1,2,1,0,1.5,2.94
8.24,30.26,2,2,1,0,2.0,2.82
11.35,25.06,2,4,1,1,3.0,-4.47
12.87,21.22,2,2,1,1,2.0,13.41
8.36,9.07,1,1,1,0,1.0,8.05
7.55,27.83,2,2,1,0,2.0,16.89
4.31,7.23,3,2,1,0,2.5,5.81
10.22,41.49,1,2,1,1,1.5,12.67
3.56,11.28,2,2,1,0,2.0,-6.58
5.76,41.74,1,1,1,0,1.0,2.57
7.57,43.4,2,2,1,0,2.0,18.69
13.09,26.47,3,1,1,1,2.0,17.36
5.28,16.99,2,2,1,0,2.0,-8.39
13.42,26.45,1,2,1,1,1.5,4.38
5.44,44.23,2,4,1,0,3.0,13.96
5.92,19.76,1,2,1,0,1.5,1.77
2.82,43.85,3,2,1,0,2.5,-2.78
11.81,8.52,2,2,1,1,2.0,-4.21
6.16,46.43,3,1,1,0,2.0,3.11
3.46,38.8,2,4,1,0,3.0,-4.23
5.57,31.22,2,2,1,0,2.0,14.74
6.15,24.2,1,2,1,0,1.5,-6.83
9.05,34.02,3,1,1,0,2.0,-7.42
7.67,49.95,2,1,1,0,1.5,-5.48
12.34,21.07,3,4,1,1,3.5,-2.37
9.14,17.71,2,2,1,0,2.0,-9.96
11.31,20.66,2,2,1,1,2.0,10.03
9.33,26.69,3,1,1,0,2.0,9.15
10.54,22.96,3,4,1,1,3.5,0.4
2.99,24.68,3,1,1,0,2.0,-9.45
3.43,47.72,3,1,1,0,2.0,-2.34
8.68,42.64,1,4,1,0,2.5,8.31
12.29,43.01,1,1,1,1,1.0,5.51
5.49,10.35,1,2,1,0,1.5,-9.55
8.34,25.85,2,2,1,0,2.0,10.17
3.65,8.01,2,4,1,0,3.0,-8.07
10.21,11.49,1,2,1,1,1.5,-9.6
6.6,8.64,2,2,1,0,2.0,-1.92
13.75,29.24,1,2,1,1,1.5,18.1
5.28,18.23,1,2,1,0,1.5,8.81
3.29,16.65,3,4,1,0,3.5,3.48
2.8,22.08,3,2,1,0,2.5,8.34
8.61,47.67,3,4,1,0,3.5,1.17
12.11,13.41,2,1,1,1,1.5,-3.04
5.95,11.19,1,4,1,0,2.5,-9.99
2.46,27.74,1,2,1,0,1.5,18.94
5.64,47.16,3,1,1,0,2.0,-3.68
9.84,7.77,2,4,1,0,3.0,15.49
8.49,16.79,1,1,1,0,1.0,8.36
3.24,10.68,1,4,1,0,2.5,14.96
11.93,25.67,1,1,1,1,1.0,-0.3
12.21,45.41,3,4,1,1,3.5,11.48
12.78,43.34,2,4,1,1,3.0,-3.96
6.07,26.28,1,1,1,0,1.0,-3.28
6.76,49.18,3,4,1,0,3.5,19.83
5.77,49.46,1,4,1,0,2.5,1.85
12.15,22.95,2,4,1,1,3.0,-1.8
2.12,11.61,1,1,1,0,1.0,0.87
3.33,24.42,1,2,1,0,1.5,-1.73
14.83,45.5,3,2,1,1,2.5,16.94
9.4,31.77,2,2,1,0,2.0,13.81
10.6,22.26,2,1,1,1,1.5,12.93
10.79,13.08,1,4,1,1,2.5,-3.13
12.74,20.03,1,4,1,1,2.5,-9.56
14.4,37.04,2,4,1,1,3.0,-2.51
13.97,7.97,3,4,1,1,3.5,-9.43
13.02,13.97,2,1,1,1,1.5,10.03
5.44,47.0,2,1,1,0,1.5,-2.39
5.67,29.41,1,4,1,0,2.5,-1.93
7.77,11.72,1,2,1,0,1.5,-8.72
8.56,28.09,3,2,1,0,2.5,11.8
10.52,25.61,3,4,1,1,3.5,-0.11
8.01,9.63,3,2,1,0,2.5,15.93
2.18,15.36,3,4,1,0,3.5,-3.13
12.4,37.21,2,2,1,1,2.0,-7.74
14.44,33.16,1,1,1,1,1.0,15.51
6.16,46.8,3,2,1,0,2.5,-5.42
11.27,15.34,3,1,1,1,2.0,-1.92
7.7,24.1,3,1,1,0,2.0,14.73
12.62,35.67,1,4,1,1,2.5,1.31
13.77,9.8,1,4,1,1,2.5,-4.48
12.54,26.2,3,4,1,1,3.5,6.44
3.61,41.61,1,4,1,0,2.5,7.96
7.26,11.59,1,1,1,0,1.0,-8.34
2.59,47.89,3,2,1,0,2.5,16.94
2.04,7.35,1,4,1,0,2.5,-6.39
11.05,30.15,3,4,1,1,3.5,8.51
2.6,48.69,1,1,1,0,1.0,-7.03
4.23,14.51,1,2,1,0,1.5,8.26
9.83,14.38,1,2,1,0,1.5,2.64
4.72,27.17,3,2,1,0,2.5,3.02
4.24,14.15,1,1,1,0,1.0,9.02
3.28,29.41,2,4,1,0,3.0,1.91
11.26,47.96,1,2,1,1,1.5,1.65
5.97,9.95,3,2,1,0,2.5,-5.09
9.99,41.64,2,2,1,0,2.0,12.86
9.98,28.88,2,4,1,0,3.0,-5.18
7.31,19.37,2,1,1,0,1.5,9.48
12.51,47.0,2,2,1,1,2.0,4.77
14.59,7.0,3,4,1,1,3.5,-2.98
2.46,26.58,3,2,1,0,2.5,7.4
10.21,25.89,3,1,1,1,2.0,6.86
6.96,30.15,2,1,1,0,1.5,-7.07
11.79,7.65,1,2,1,1,1.5,6.77
2.01,9.89,1,2,1,0,1.5,7.74
4.79,11.31,2,2,1,0,2.0,-8.55
12.97,15.13,1,2,1,1,1.5,19.91
11.92,20.82,2,2,1,1,2.0,-2.15
10.9,38.65,3,1,1,1,2.0,12.13
13.37,32.4,2,1,1,1,1.5,6.69
2.94,22.7,3,4,1,0,3.5,-4.19
11.35,18.06,2,1,1,1,1.5,13.24
11.7,39.02,1,4,1,1,2.5,14.83
14.92,23.03,2,4,1,1,3.0,-9.89
14.61,34.04,2,1,1,1,1.5,14.31
3.7,29.31,2,1,1,0,1.5,17.17
3.81,46.67,1,1,1,0,1.0,-4.83
11.57,13.06,2,2,1,1,2.0,16.48
3.26,21.51,2,1,1,0,1.5,1.46
13.77,22.42,2,1,1,1,1.5,-6.64
13.43,46.9,2,4,1,1,3.0,-0.67
9.44,8.69,1,1,1,0,1.0,-2.06
7.07,39.97,2,1,1,0,1.5,13.52
13.42,32.18,1,1,1,1,1.0,1.48
7.39,27.88,3,1,1,0,2.0,17.72
11.14,14.06,1,1,1,1,1.0,-4.43
8.25,7.58,2,1,1,0,1.5,8.9
2.82,32.08,3,1,1,0,2.0,12.72
8.37,44.76,2,4,1,0,3.0,-0.69
5.94,26.32,3,1,1,0,2.0,10.72
10.41,44.83,2,4,1,1,3.0,-2.82
6.27,28.47,1,1,1,0,1.0,-1.36
9.74,26.92,1,1,1,0,1.0,4.65
10.63,41.04,1,2,1,1,1.5,11.42
7.1,38.02,1,2,1,0,1.5,15.18
6.0,38.53,2,4,1,0,3.0,-5.38
4.15,34.67,1,1,1,0,1.0,-7.47
6.18,30.45,3,1,1,0,2.0,-0.91
11.18,24.81,3,4,1,1,3.5,-5.35
4.1,16.4,2,4,1,0,3.0,11.42
12.94,49.96,3,1,1,1,2.0,3.16
8.25,9.73,1,1,1,0,1.0,5.29
6.18,45.67,3,1,1,0,2.0,6.19
10.4,37.58,1,2,1,1,1.5,12.58
9.23,28.71,3,4,1,0,3.5,19.35
11.3,30.64,3,4,1,1,3.5,-3.21
13.94,43.86,3,2,1,1,2.5,-5.85
11.5,11.76,1,4,1,1,2.5,5.7
6.12,31.36,2,4,1,0,3.0,-4.38
13.57,46.29,2,4,1,1,3.0,-4.57
4.59,29.28,1,1,1,0,1.0,4.73
14.25,39.32,2,2,1,1,2.0,-1.66
6.31,23.92,1,2,1,0,1.5,4.31
7.1,31.75,2,4,1,0,3.0,10.25
3.78,30.61,2,4,1,0,3.0,-3.47
3.4,27.05,2,2,1,0,2.0,1.11
13.14,24.71,1,1,1,1,1.0,-6.7
9.17,31.51,3,2,1,0,2.5,-7.4
11.05,6.69,1,2,1,1,1.5,12.54
11.67,18.07,2,4,1,1,3.0,-1.53
6.51,29.11,2,1,1,0,1.5,4.25
3.27,26.38,1,2,1,0,1.5,7.38
12.76,29.96,1,1,1,1,1.0,9.52
6.04,12.06,2,4,1,0,3.0,-5.34
7.48,39.83,3,4,1,0,3.5,-3.11
13.48,39.17,3,1,1,1,2.0,-3.99
5.42,45.11,3,1,1,0,2.0,5.54
11.05,27.2,2,2,1,1,2.0,-9.56
14.69,37.51,1,4,1,1,2.5,-6.81
12.99,13.64,3,4,1,1,3.5,2.61
3.23,13.86,3,2,1,0,2.5,-5.9
5.7,10.87,2,2,1,0,2.0,-0.19
6.73,34.95,3,2,1,0,2.5,5.29
6.63,43.9,2,2,1,0,2.0,-0.41
8.78,49.02,2,1,1,0,1.5,-4.84
12.74,42.39,3,4,1,1,3.5,14.34
7.74,19.55,1,4,1,0,2.5,17.21
10.86,33.64,2,1,1,1,1.5,0.86
7.52,12.27,2,1,1,0,1.5,7.78
4.79,26.99,2,1,1,0,1.5,12.99
10.63,49.77,2,4,1,1,3.0,18.94
4.45,45.37,2,1,1,0,1.5,-6.94
10.49,45.01,3,4,1,1,3.5,6.08
10.44,31.66,3,4,1,1,3.5,-6.55
4.22,43.83,2,2,1,0,2.0,-8.64
9.01,49.46,1,2,1,0,1.5,-3.27
4.02,36.68,3,1,1,0,2.0,-4.29
5.41,23.59,3,1,1,0,2.0,6.8
14.47,7.45,3,1,1,1,2.0,-1.15
5.76,14.95,1,4,1,0,2.5,1.76
14.59,6.74,2,4,1,1,3.0,2.69
7.39,47.46,2,4,1,0,3.0,11.72
6.51,35.07,1,2,1,0,1.5,-4.19
2.81,16.45,2,1,1,0,1.5,-6.86
4.39,25.3,3,2,1,0,2.5,-1.68
9.93,44.48,3,2,1,0,2.5,14.02
11.62,13.22,3,2,1,1,2.5,-3.65
6.93,39.99,2,4,1,0,3.0,9.05
2.75,14.24,1,1,1,0,1.0,4.26
10.6,29.71,2,1,1,1,1.5,7.11
8.72,33.0,1,2,1,0,1.5,-3.35
10.27,7.46,3,1,1,1,2.0,-9.33
12.72,14.24,2,2,1,1,2.0,10.29
12.68,18.07,1,4,1,1,2.5,5.8
5.37,34.83,2,1,1,0,1.5,17.15
4.15,35.92,1,4,1,0,2.5,16.48
2.27,19.92,2,1,1,0,1.5,1.86
14.06,15.97,1,1,1,1,1.0,-3.11
13.37,9.65,3,4,1,1,3.5,-2.11
7.84,37.56,3,4,1,0,3.5,-9.17
13.99,41.25,2,2,1,1,2.0,-3.23
6.47,19.6,2,2,1,0,2.0,6.55
7.48,12.47,2,2,1,0,2.0,4.72
7.74,43.6,1,2,1,0,1.5,7.08
10.65,36.8,1,2,1,1,1.5,5.23
13.8,34.41,2,4,1,1,3.0,-3.52
6.99,32.39,2,4,1,0,3.0,17.0
2.48,28.12,1,4,1,0,2.5,1.91
14.64,33.55,1,1,1,1,1.0,2.52
11.13,7.9,3,2,1,1,2.5,17.08
5.71,30.49,2,2,1,0,2.0,16.46
13.57,48.78,2,1,1,1,1.5,4.91
12.65,23.89,3,1,1,1,2.0,-6.31
4.32,40.97,2,2,1,0,2.0,0.89
11.79,15.74,2,4,1,1,3.0,3.67
5.67,12.46,2,2,1,0,2.0,16.14
4.13,15.98,3,1,1,0,2.0,-2.59
8.7,9.33,3,2,1,0,2.5,-4.19
9.04,11.32,1,1,1,0,1.0,1.11
14.14,46.24,1,2,1,1,1.5,-8.72
2.78,17.54,2,2,1,0,2.0,11.09
14.72,23.54,1,4,1,1,2.5,1.1
5.33,20.59,1,1,1,0,1.0,-6.61
2.07,26.99,1,1,1,0,1.0,13.65
7.32,40.11,2,2,1,0,2.0,4.75
2.52,46.44,1,2,1,0,1.5,4.38
4.84,34.99,1,1,1,0,1.0,15.51
4.63,14.26,1,1,1,0,1.0,17.38
7.89,14.42,1,2,1,0,1.5,-6.08
3.2,32.66,2,4,1,0,3.0,14.85
13.56,40.21,2,1,1,1,1.5,-3.25
7.86,32.04,1,1,1,0,1.0,14.37
6.85,45.55,2,1,1,0,1.5,-6.17
4.83,29.59,1,4,1,0,2.5,10.41
7.94,31.08,3,4,1,0,3.5,-0.01
3.66,39.13,2,2,1,0,2.0,3.73
9.5,28.68,2,2,1,0,2.0,1.43
9.6,49.06,3,2,1,0,2.5,5.92
13.33,32.69,2,1,1,1,1.5,17.4
5.73,44.54,3,2,1,0,2.5,17.49
12.34,21.09,2,4,1,1,3.0,-6.4
9.02,29.69,2,2,1,0,2.0,14.57
13.6,42.34,3,4,1,1,3.5,10.87
12.29,13.46,3,1,1,1,2.0,6.33
12.06,9.24,2,1,1,1,1.5,-2.33
12.87,47.42,1,1,1,1,1.0,-1.28
4.53,8.77,1,2,1,0,1.5,-7.8
5.14,15.85,1,4,1,0,2.5,-5.78
8.06,11.8,3,4,1,0,3.5,1.53
14.82,30.34,1,2,1,1,1.5,10.22
8.09,5.07,2,4,1,0,3.0,12.51
8.55,42.01,1,1,1,0,1.0,0.76
10.6,15.74,1,2,1,1,1.5,2.6
8.4,37.72,1,4,1,0,2.5,6.17
11.8,17.55,1,2,1,1,1.5,18.74
4.39,34.7,2,4,1,0,3.0,9.59
4.69,28.13,1,2,1,0,1.5,16.88
4.64,36.41,1,1,1,0,1.0,2.86
9.19,11.19,3,1,1,0,2.0,13.72
8.44,5.64,1,2,1,0,1.5,-9.39
11.4,27.82,2,1,1,1,1.5,12.35
9.36,9.02,3,2,1,0,2.5,-2.72
7.37,24.81,2,1,1,0,1.5,17.46
3.46,36.66,1,4,1,0,2.5,11.14
6.51,39.96,1,2,1,0,1.5,11.63
11.97,40.67,1,1,1,1,1.0,7.94
6.84,29.53,1,4,1,0,2.5,-7.57
11.27,46.16,3,1,1,1,2.0,13.74
6.95,30.88,3,4,1,0,3.5,16.51
10.8,7.89,3,2,1,1,2.5,5.65
12.43,44.97,2,1,1,1,1.5,-6.72
12.47,11.81,1,4,1,1,2.5,9.86
8.94,10.31,3,1,1,0,2.0,12.62
5.69,12.11,2,1,1,0,1.5,6.89
10.18,22.56,1,4,1,1,2.5,-1.66
5.22,39.62,2,1,1,0,1.5,12.28
12.78,48.97,2,4,1,1,3.0,5.18
2.78,48.08,3,4,1,0,3.5,-9.38
9.32,17.44,1,4,1,0,2.5,8.14
11.59,10.51,1,4,1,1,2.5,17.37
4.45,19.43,1,2,1,0,1.5,17.43
6.24,26.47,2,4,1,0,3.0,-2.32
7.09,34.08,2,1,1,0,1.5,15.3
11.53,26.05,1,2,1,1,1.5,15.37
2.57,19.25,2,1,1,0,1.5,-1.67
13.38,28.13,3,1,1,1,2.0,-5.44
14.29,5.12,2,2,1,1,2.0,4.19
8.88,43.02,1,1,1,0,1.0,15.54
7.88,32.02,2,4,1,0,3.0,-2.58
9.96,24.86,1,4,1,0,2.5,-1.0
8.31,15.39,1,2,1,0,1.5,-0.68
6.1,40.4,3,1,1,0,2.0,-0.95
14.48,10.03,2,1,1,1,1.5,-7.65
10.08,19.25,1,1,1,1,1.0,16.79
13.53,13.91,3,2,1,1,2.5,5.39
6.69,46.37,3,2,1,0,2.5,2.41
5.85,21.51,1,1,1,0,1.0,5.01
2.1,34.27,1,4,1,0,2.5,7.71
8.77,6.08,3,2,1,0,2.5,-9.73
10.86,31.64,2,2,1,1,2.0,-6.77
11.15,30.21,2,2,1,1,2.0,8.27
14.05,17.95,1,1,1,1,1.0,-9.02
5.17,31.49,2,4,1,0,3.0,5.17
11.66,14.72,3,4,1,1,3.5,18.72
2.16,34.64,3,1,1,0,2.0,-3.52
8.72,35.43,2,1,1,0,1.5,-6.09
12.5,9.98,3,4,1,1,3.5,14.31
11.7,37.43,1,4,1,1,2.5,-8.42
6.57,22.1,2,2,1,0,2.0,6.58
4.15,30.19,3,1,1,0,2.0,1.1
9.1,47.08,1,4,1,0,2.5,1.31
7.65,43.84,1,2,1,0,1.5,11.13
4.11,18.94,1,1,1,0,1.0,3.49
8.91,43.05,3,1,1,0,2.0,14.13
7.21,41.33,1,4,1,0,2.5,-6.56
13.28,18.65,3,2,1,1,2.5,-3.41
4.83,48.8,2,2,1,0,2.0,1.16
7.12,43.52,1,1,1,0,1.0,-7.56
13.48,13.25,3,4,1,1,3.5,-3.05
11.47,35.3,2,1,1,1,1.5,10.47
10.34,26.25,1,4,1,1,2.5,10.65
8.92,22.69,1,1,1,0,1.0,5.32
12.09,29.09,2,1,1,1,1.5,2.45
8.95,27.46,2,1,1,0,1.5,9.0
4.92,39.76,3,1,1,0,2.0,-8.97
2.48,42.22,3,1,1,0,2.0,1.92
14.57,16.75,3,2,1,1,2.5,18.87
2.29,25.5,3,2,1,0,2.5,-7.51
7.29,22.26,1,1,1,0,1.0,13.28
14.72,40.37,3,4,1,1,3.5,3.19
5.29,45.95,1,2,1,0,1.5,6.23
12.54,17.22,2,1,1,1,1.5,13.91
3.59,32.19,3,4,1,0,3.5,-8.39
6.81,13.27,3,1,1,0,2.0,6.92
6.81,32.63,1,2,1,0,1.5,14.64
8.45,18.41,2,4,1,0,3.0,13.04
8.34,40.39,3,2,1,0,2.5,19.98
12.71,45.05,3,2,1,1,2.5,12.32
11.99,27.97,1,4,1,1,2.5,16.31
11.59,42.78,2,1,1,1,1.5,16.57
14.83,7.14,1,4,1,1,2.5,-6.08
7.11,49.25,2,4,1,0,3.0,1.03
5.85,29.25,3,1,1,0,2.0,-6.57
3.94,29.74,2,2,1,0,2.0,0.66
2.54,32.24,1,1,1,0,1.0,4.64
14.14,33.1,2,4,1,1,3.0,-2.48
9.51,37.35,1,2,1,0,1.5,12.26
13.56,41.62,3,2,1,1,2.5,2.87
6.66,5.47,3,2,1,0,2.5,-8.55
11.07,49.1,3,1,1,1,2.0,20.0
3.64,24.55,3,1,1,0,2.0,0.97
14.79,12.58,2,2,1,1,2.0,2.18
8.21,22.83,2,1,1,0,1.5,6.43
14.61,12.03,3,4,1,1,3.5,-0.15
6.6,47.46,3,2,1,0,2.5,-4.51
6.6,23.07,2,4,1,0,3.0,-6.43
9.04,6.67,3,4,1,0,3.5,10.03
4.61,10.3,3,1,1,0,2.0,8.67
14.4,33.6,3,4,1,1,3.5,4.76
5.82,17.89,1,4,1,0,2.5,2.43
13.96,38.41,2,1,1,1,1.5,-0.56
5.53,37.94,1,2,1,0,1.5,6.33
14.93,26.8,2,4,1,1,3.0,-8.28
11.13,11.2,2,4,1,1,3.0,-5.35
11.92,7.74,3,2,1,1,2.5,14.52
14.7,32.97,1,2,1,1,1.5,-9.3
10.39,8.3,3,1,1,1,2.0,-3.68
2.97,9.29,2,4,1,0,3.0,18.07
7.07,40.93,2,1,1,0,1.5,-0.59
6.64,8.16,3,4,1,0,3.5,-0.86
3.75,9.53,1,1,1,0,1.0,-2.45
4.12,45.76,3,1,1,0,2.0,19.16
6.7,5.92,1,1,1,0,1.0,5.26
13.85,46.5,1,1,1,1,1.0,13.23
4.72,40.17,3,2,1,0,2.5,12.76
13.1,7.75,3,2,1,1,2.5,-4.61
12.79,8.8,1,1,1,1,1.0,-7.49
8.56,40.45,1,4,1,0,2.5,8.0
10.74,32.24,2,4,1,1,3.0,-9.36
2.37,9.6,1,2,1,0,1.5,14.25
7.53,24.6,1,1,1,0,1.0,11.53
3.46,7.5,2,1,1,0,1.5,11.4
4.94,21.9,1,2,1,0,1.5,-5.46
5.88,6.17,1,2,1,0,1.5,-6.14
3.58,7.55,2,1,1,0,1.5,6.44
12.76,30.43,2,1,1,1,1.5,-7.93
8.64,8.97,2,2,1,0,2.0,0.76
2.88,28.01,2,4,1,0,3.0,15.36
12.12,31.94,1,1,1,1,1.0,-5.34
14.21,30.65,1,1,1,1,1.0,11.86
2.4,5.78,3,1,1,0,2.0,17.76
2.44,11.51,2,1,1,0,1.5,6.95
2.83,6.69,1,4,1,0,2.5,-5.9
13.87,37.46,1,2,1,1,1.5,0.28
12.48,46.88,1,1,1,1,1.0,6.29
5.29,10.96,2,1,1,0,1.5,-0.86
11.04,6.78,3,4,1,1,3.5,-8.67
8.22,44.37,1,4,1,0,2.5,-7.47
9.17,28.73,2,1,1,0,1.5,17.22
13.43,49.04,3,1,1,1,2.0,17.44
3.55,34.9,1,1,1,0,1.0,-1.98
13.83,20.57,2,2,1,1,2.0,2.48
13.9,12.22,1,2,1,1,1.5,-3.47
7.18,33.49,3,1,1,0,2.0,5.2
2.62,28.95,2,2,1,0,2.0,17.55
12.54,25.15,3,1,1,1,2.0,-6.11
14.93,40.15,3,1,1,1,2.0,6.6
5.19,25.56,1,1,1,0,1.0,16.77
8.55,21.41,3,1,1,0,2.0,-0.25
11.43,19.53,2,2,1,1,2.0,8.95
12.11,20.2,3,1,1,1,2.0,-0.41
6.3,29.29,3,4,1,0,3.5,4.69
10.95,29.71,3,1,1,1,2.0,-9.86
4.11,20.16,2,1,1,0,1.5,-0.3
8.1,22.49,1,1,1,0,1.0,11.15
7.16,32.73,3,1,1,0,2.0,-7.94
6.7,36.79,1,4,1,0,2.5,-3.49
14.03,30.53,3,2,1,1,2.5,4.33
2.81,19.06,1,2,1,0,1.5,18.58
5.5,17.08,3,4,1,0,3.5,2.41
13.53,14.69,1,4,1,1,2.5,18.38
12.5,24.59,3,1,1,1,2.0,10.63
3.68,14.78,3,2,1,0,2.5,10.25
5.23,48.17,3,1,1,0,2.0,-4.05
5.66,31.1,2,4,1,0,3.0,15.46
4.27,12.65,3,1,1,0,2.0,-4.53
12.62,23.71,1,1,1,1,1.0,14.94
8.01,9.55,2,4,1,0,3.0,-2.41
8.94,41.79,2,2,1,0,2.0,5.66
8.43,12.84,3,2,1,0,2.5,1.37
2.82,45.18,2,4,1,0,3.0,10.72
12.91,40.94,3,4,1,1,3.5,6.59
12.62,29.72,1,2,1,1,1.5,5.56
3.24,48.4,3,1,1,0,2.0,-6.83
10.44,34.39,2,4,1,1,3.0,16.43
13.87,6.34,2,4,1,1,3.0,10.66
8.6,49.51,1,2,1,0,1.5,10.97
2.99,36.08,2,1,1,0,1.5,-7.98
11.88,49.96,3,1,1,1,2.0,3.27
12.44,16.74,2,4,1,1,3.0,0.31
6.11,38.45,2,2,1,0,2.0,8.74
12.52,33.07,1,2,1,1,1.5,14.74
10.03,34.52,2,1,1,1,1.5,16.87
9.85,28.53,2,1,1,0,1.5,19.88
6.95,9.48,3,4,1,0,3.5,14.25
11.04,48.39,2,2,1,1,2.0,-7.19
4.83,20.13,1,1,1,0,1.0,-7.77
11.21,9.86,3,4,1,1,3.5,0.13
2.43,6.22,2,4,1,0,3.0,13.19
8.54,6.4,2,4,1,0,3.0,2.37
3.36,48.55,3,1,1,0,2.0,-6.89
14.44,42.38,2,2,1,1,2.0,18.2
4.82,5.38,2,2,1,0,2.0,0.47
6.28,30.5,2,4,1,0,3.0,12.51
7.36,20.67,1,2,1,0,1.5,16.67
4.39,26.69,2,2,1,0,2.0,14.08
7.04,44.99,3,4,1,0,3.5,-7.81
4.58,49.47,2,4,1,0,3.0,10.84
5.69,20.79,1,4,1,0,2.5,10.54
11.0,8.2,3,4,1,1,3.5,14.8
4.43,42.8,1,2,1,0,1.5,14.87
11.56,43.68,2,1,1,1,1.5,-0.07
11.05,38.28,2,4,1,1,3.0,5.36
7.54,24.43,1,1,1,0,1.0,13.67
14.04,22.8,3,2,1,1,2.5,14.17
14.45,28.19,1,1,1,1,1.0,-0.09
5.05,25.07,1,4,1,0,2.5,-8.03
13.85,13.04,2,2,1,1,2.0,-3.35
6.85,41.33,3,2,1,0,2.5,-4.29
14.89,14.18,3,1,1,1,2.0,4.5
5.0,26.24,2,2,1,0,2.0,9.07
7.56,41.1,3,2,1,0,2.5,-3.15
9.53,6.86,2,4,1,0,3.0,-0.93
4.34,23.05,3,2,1,0,2.5,5.99
12.71,25.89,1,4,1,1,2.5,15.31
14.04,16.75,3,1,1,1,2.0,-8.65
2.88,46.53,1,4,1,0,2.5,4.23
8.94,9.04,2,2,1,0,2.0,-2.1
9.49,10.47,2,4,1,0,3.0,-9.08
5.01,11.8,1,4,1,0,2.5,9.44
2.39,26.55,3,4,1,0,3.5,-1.84
6.13,18.49,1,1,1,0,1.0,-6.98
10.81,44.73,3,2,1,1,2.5,7.73
12.94,5.36,2,2,1,1,2.0,6.16
11.8,34.02,1,4,1,1,2.5,11.19
11.56,37.75,2,1,1,1,1.5,17.13
3.15,6.99,2,1,1,0,1.5,-7.11
8.46,29.96,3,2,1,0,2.5,11.44
4.79,15.36,1,2,1,0,1.5,-2.42
4.16,19.22,2,2,1,0,2.0,-5.11
13.8,36.08,1,2,1,1,1.5,12.28
2.04,17.26,2,1,1,0,1.5,2.84
14.47,31.33,2,1,1,1,1.5,12.29
14.46,49.91,3,1,1,1,2.0,-1.34
4.67,25.45,3,4,1,0,3.5,3.09
2.1,36.58,1,2,1,0,1.5,0.43
10.35,30.04,1,4,1,1,2.5,11.87
7.61,41.84,2,2,1,0,2.0,16.58
7.32,29.86,1,1,1,0,1.0,3.76
10.42,24.71,1,1,1,1,1.0,15.18
9.66,47.53,1,1,1,0,1.0,17.56
7.84,14.38,3,1,1,0,2.0,16.68
11.12,40.27,1,4,1,1,2.5,17.84
2.44,5.92,1,1,1,0,1.0,17.49
12.0,6.33,3,2,1,1,2.5,-3.65
7.26,7.22,3,4,1,0,3.5,9.37
12.17,45.99,1,4,1,1,2.5,10.27
7.05,34.02,2,1,1,0,1.5,-8.97
8.16,28.27,1,4,1,0,2.5,-1.74
12.31,31.02,1,4,1,1,2.5,1.59
3.05,40.99,2,1,1,0,1.5,-7.06
9.8,25.53,2,1,1,0,1.5,-5.4
13.71,29.76,2,2,1,1,2.0,6.14
5.11,8.86,2,2,1,0,2.0,15.81
12.11,20.23,3,4,1,1,3.5,-9.59
5.63,48.5,2,2,1,0,2.0,7.11
2.78,31.07,1,1,1,0,1.0,14.96
2.06,30.81,1,2,1,0,1.5,3.06
10.43,25.48,1,4,1,1,2.5,17.12
2.12,36.53,2,1,1,0,1.5,4.14
10.99,29.03,2,4,1,1,3.0,2.29
9.31,31.66,2,2,1,0,2.0,6.94
12.51,23.46,3,2,1,1,2.5,-6.52
14.46,39.11,1,2,1,1,1.5,2.79
8.27,36.15,2,1,1,0,1.5,-4.4
6.16,5.54,3,4,1,0,3.5,-8.33
7.33,30.4,2,2,1,0,2.0,-1.11
7.21,35.01,2,2,1,0,2.0,-2.68
3.06,25.48,2,4,1,0,3.0,5.65
11.95,22.32,1,2,1,1,1.5,6.47
14.93,15.68,3,1,1,1,2.0,13.3
5.95,7.94,3,2,1,0,2.5,15.44
10.25,46.72,1,1,1,1,1.0,16.4
6.26,48.97,1,4,1,0,2.5,-1.37
9.58,13.21,2,4,1,0,3.0,7.23
7.39,26.44,1,1,1,0,1.0,15.98
4.5,45.95,3,1,1,0,2.0,5.01
9.82,10.2,3,2,1,0,2.5,16.13
8.18,29.99,1,1,1,0,1.0,1.24
6.2,12.05,3,1,1,0,2.0,17.59
3.97,23.76,1,2,1,0,1.5,10.12
14.0,20.56,2,1,1,1,1.5,-1.65
8.49,48.92,2,2,1,0,2.0,-5.44
12.19,10.73,1,4,1,1,2.5,6.26
14.35,16.98,1,4,1,1,2.5,-8.95
10.64,22.69,3,1,1,1,2.0,16.89
6.2,31.63,3,2,1,0,2.5,12.55
12.81,14.61,2,4,1,1,3.0,16.7
11.21,35.15,2,2,1,1,2.0,19.87
4.12,41.39,1,1,1,0,1.0,1.45
8.52,39.56,1,1,1,0,1.0,-2.64
5.67,14.27,1,1,1,0,1.0,1.73
14.33,13.43,3,2,1,1,2.5,12.56
9.14,10.05,2,2,1,0,2.0,-0.89
13.82,31.89,1,1,1,1,1.0,-6.55
3.99,38.84,3,1,1,0,2.0,12.78
14.51,21.03,2,4,1,1,3.0,3.58
9.91,11.98,2,1,1,0,1.5,-2.98
14.14,36.67,1,2,1,1,1.5,5.65
2.64,36.3,3,1,1,0,2.0,-1.96
6.08,34.49,3,1,1,0,2.0,-1.27
4.2,23.47,1,2,1,0,1.5,18.11
4.48,11.37,1,1,1,0,1.0,10.64
8.2,31.23,2,1,1,0,1.5,19.59
13.67,42.84,2,4,1,1,3.0,19.21
9.38,32.96,2,1,1,0,1.5,17.66
2.56,23.56,3,1,1,0,2.0,9.79
6.95,26.11,2,2,1,0,2.0,17.96
6.79,47.82,3,4,1,0,3.5,3.35
12.96,18.82,2,1,1,1,1.5,8.28
12.46,34.48,1,4,1,1,2.5,6.69
6.45,19.23,2,2,1,0,2.0,-7.53
12.89,11.34,1,4,1,1,2.5,1.65
11.15,27.8,2,1,1,1,1.5,-5.0
8.39,7.53,1,1,1,0,1.0,12.71
13.81,35.17,1,2,1,1,1.5,10.38
8.12,45.76,3,1,1,0,2.0,10.46
10.93,30.8,2,4,1,1,3.0,10.15
10.7,46.76,3,2,1,1,2.5,-7.97
2.72,23.54,3,2,1,0,2.5,8.74
5.52,36.79,1,2,1,0,1.5,2.43
10.58,13.51,1,2,1,1,1.5,12.71
2.39,44.85,3,4,1,0,3.5,14.59
11.91,12.52,1,2,1,1,1.5,10.81
10.19,9.11,2,2,1,1,2.0,-8.11
7.66,28.42,3,4,1,0,3.5,8.4
5.29,16.67,3,2,1,0,2.5,10.12
9.01,40.13,2,2,1,0,2.0,2.64
5.42,43.55,1,2,1,0,1.5,-2.41
3.6,12.06,3,2,1,0,2.5,0.8
9.98,48.17,1,2,1,0,1.5,1.07
7.37,31.49,1,1,1,0,1.0,18.79
11.01,14.04,3,2,1,1,2.5,-8.04
14.24,14.46,3,1,1,1,2.0,9.85
4.75,47.25,3,2,1,0,2.5,4.0
3.02,35.98,3,4,1,0,3.5,7.21
5.86,33.17,2,4,1,0,3.0,-5.41
13.47,33.04,2,4,1,1,3.0,-1.16
11.12,42.4,2,2,1,1,2.0,-8.42
3.88,42.68,2,1,1,0,1.5,5.51
2.66,7.1,2,1,1,0,1.5,0.8
6.96,17.23,2,2,1,0,2.0,13.49
8.18,43.74,2,1,1,0,1.5,2.37
3.11,42.64,2,2,1,0,2.0,6.47
12.39,10.54,2,1,1,1,1.5,-2.7
7.4,7.76,2,4,1,0,3.0,-3.92
3.12,38.45,2,2,1,0,2.0,10.7
6.66,35.28,2,2,1,0,2.0,-8.06
14.08,17.54,2,1,1,1,1.5,-5.12
10.34,47.53,2,4,1,1,3.0,7.94
9.16,20.65,3,2,1,0,2.5,18.57
4.99,15.93,3,1,1,0,2.0,9.83
7.82,29.85,2,4,1,0,3.0,-0.82
4.43,29.11,3,1,1,0,2.0,16.11
13.79,11.84,1,4,1,1,2.5,18.41
13.54,34.37,2,2,1,1,2.0,2.23
11.77,9.48,1,4,1,1,2.5,10.94
5.58,46.81,2,1,1,0,1.5,1.99
10.21,40.7,3,1,1,1,2.0,-2.18
7.34,18.23,1,1,1,0,1.0,15.9
3.27,19.92,1,2,1,0,1.5,2.06
6.84,49.58,3,4,1,0,3.5,18.01
5.02,48.3,3,1,1,0,2.0,-2.35
2.21,10.16,3,4,1,0,3.5,-6.51
2.1,33.42,2,1,1,0,1.5,9.87
4.7,48.62,1,4,1,0,2.5,19.9
11.04,28.26,3,2,1,1,2.5,13.07
9.2,14.64,1,2,1,0,1.5,10.32
12.72,12.65,1,1,1,1,1.0,-8.29
9.44,38.21,2,1,1,0,1.5,10.31
3.07,32.78,3,2,1,0,2.5,-9.8
5.66,12.31,2,4,1,0,3.0,4.52
10.21,26.57,2,1,1,1,1.5,18.33
5.57,48.41,2,1,1,0,1.5,9.69
5.51,10.77,2,1,1,0,1.5,-4.24
3.93,47.83,2,2,1,0,2.0,10.25
3.43,10.59,1,4,1,0,2.5,2.8
14.43,36.56,1,4,1,1,2.5,2.52
5.54,16.6,1,2,1,0,1.5,6.63
7.02,29.08,2,1,1,0,1.5,14.74
6.1,13.64,3,1,1,0,2.0,-7.55
8.2,27.26,2,1,1,0,1.5,-8.39
9.79,24.61,1,1,1,0,1.0,17.1
3.86,5.91,1,4,1,0,2.5,13.78
4.87,35.34,3,1,1,0,2.0,3.51
4.77,48.65,1,1,1,0,1.0,13.36
14.27,8.28,1,2,1,1,1.5,-7.14
4.59,11.74,1,1,1,0,1.0,14.37
12.3,33.19,1,2,1,1,1.5,-2.72
7.24,31.16,2,1,1,0,1.5,0.74
13.78,5.91,3,2,1,1,2.5,17.7
5.37,12.64,3,1,1,0,2.0,-7.56
8.43,44.52,3,1,1,0,2.0,-2.19
2.49,45.37,2,2,1,0,2.0,-5.19
2.28,36.7,3,4,1,0,3.5,10.82
14.88,39.97,2,2,1,1,2.0,19.97
13.37,11.14,1,2,1,1,1.5,-6.53
8.26,17.31,3,1,1,0,2.0,7.52
10.93,28.04,1,1,1,1,1.0,-2.53
7.62,47.88,1,1,1,0,1.0,-3.43
9.49,36.47,2,2,1,0,2.0,-3.47
4.13,10.26,1,2,1,0,1.5,16.97
11.45,43.0,2,4,1,1,3.0,12.12
2.53,15.44,1,2,1,0,1.5,14.31
9.09,43.31,3,1,1,0,2.0,-5.98
12.67,38.87,1,2,1,1,1.5,14.59
7.98,32.41,1,4,1,0,2.5,11.97
6.04,34.68,1,4,1,0,2.5,-9.8
4.94,26.02,3,2,1,0,2.5,1.28
7.51,42.86,2,2,1,0,2.0,19.14
9.81,24.85,3,1,1,0,2.0,18.97
7.42,44.23,1,2,1,0,1.5,-4.99
5.34,32.67,2,2,1,0,2.0,2.73
10.61,14.54,1,4,1,1,2.5,-1.89
10.56,9.41,2,1,1,1,1.5,14.47
4.91,35.76,2,1,1,0,1.5,-6.78
14.11,47.51,2,2,1,1,2.0,-4.84
4.9,37.54,1,1,1,0,1.0,-0.07
11.7,32.83,2,2,1,1,2.0,-8.17
6.63,12.56,2,1,1,0,1.5,-9.15
6.67,35.13,3,2,1,0,2.5,2.86
8.8,12.63,3,4,1,0,3.5,-7.46
7.37,32.06,3,2,1,0,2.5,-3.12
12.66,49.51,1,4,1,1,2.5,6.35
2.78,21.53,1,1,1,0,1.0,12.74
6.39,5.05,2,4,1,0,3.0,11.56
3.83,27.24,3,4,1,0,3.5,11.44
6.85,27.96,3,2,1,0,2.5,1.69
10.89,7.97,1,2,1,1,1.5,11.55
2.16,11.34,1,1,1,0,1.0,4.25
12.58,43.42,2,2,1,1,2.0,13.15
4.12,6.79,1,4,1,0,2.5,4.15
5.76,6.0,2,4,1,0,3.0,-2.79
7.58,20.44,2,4,1,0,3.0,-3.87
3.6,6.33,3,1,1,0,2.0,6.81
3.97,41.29,2,1,1,0,1.5,-8.3
10.77,35.93,3,1,1,1,2.0,12.12
13.98,24.64,3,4,1,1,3.5,-6.57
7.01,42.66,3,4,1,0,3.5,-8.84
14.49,31.47,1,2,1,1,1.5,-8.84
6.9,12.42,3,1,1,0,2.0,10.15
11.66,33.4,3,4,1,1,3.5,4.16
4.34,45.56,3,4,1,0,3.5,-2.24
2.25,17.56,2,4,1,0,3.0,14.61
9.0,18.07,1,1,1,0,1.0,-5.41
11.85,38.77,1,1,1,1,1.0,1.97
3.73,14.83,1,1,1,0,1.0,0.01
4.02,32.2,1,4,1,0,2.5,18.22
6.57,41.0,2,1,1,0,1.5,12.23
8.04,22.68,3,4,1,0,3.5,-9.61
8.89,25.24,2,1,1,0,1.5,8.83
6.97,28.5,2,4,1,0,3.0,9.54
2.4,26.82,3,2,1,0,2.5,-2.57
10.05,11.7,2,4,1,1,3.0,16.92
5.72,12.99,3,1,1,0,2.0,-6.94
14.17,47.36,3,4,1,1,3.5,11.32
4.73,33.08,1,2,1,0,1.5,-1.99
14.52,12.3,1,2,1,1,1.5,6.47
10.61,45.28,2,2,1,1,2.0,4.17
11.97,19.92,2,4,1,1,3.0,6.49
6.26,46.56,2,1,1,0,1.5,7.33
11.21,9.14,1,2,1,1,1.5,-8.04
14.03,38.69,1,4,1,1,2.5,18.91
5.27,48.24,1,4,1,0,2.5,9.32
13.03,16.75,2,4,1,1,3.0,12.91
14.11,18.5,2,4,1,1,3.0,14.41
9.35,8.96,3,2,1,0,2.5,-0.34
9.05,42.13,3,2,1,0,2.5,-9.56
13.19,16.34,1,1,1,1,1.0,9.8
8.12,47.55,3,1,1,0,2.0,5.43
9.39,12.19,1,1,1,0,1.0,-9.38
2.08,34.32,2,1,1,0,1.5,-4.76
4.73,16.64,1,1,1,0,1.0,17.65
14.06,45.92,1,1,1,1,1.0,15.1
7.07,13.59,1,2,1,0,1.5,11.63
4.54,6.39,1,1,1,0,1.0,-0.12
6.78,44.93,3,2,1,0,2.5,19.18
6.62,40.13,1,2,1,0,1.5,2.95
9.48,37.9,1,1,1,0,1.0,12.05
4.7,8.55,2,1,1,0,1.5,-2.03
2.48,25.31,3,1,1,0,2.0,15.06
12.92,9.42,1,1,1,1,1.0,-1.71
10.44,42.13,1,1,1,1,1.0,13.85
13.99,15.5,3,1,1,1,2.0,-0.51
13.34,41.99,1,4,1,1,2.5,17.77
14.22,42.17,3,1,1,1,2.0,16.5
2.33,28.04,3,1,1,0,2.0,1.11
2.43,41.04,2,1,1,0,1.5,19.8
9.27,30.12,3,2,1,0,2.5,-3.52
13.13,35.06,2,2,1,1,2.0,10.86
7.63,47.85,1,4,1,0,2.5,11.72
6.04,38.37,2,1,1,0,1.5,-2.44
6.4,8.2,2,4,1,0,3.0,0.22
12.27,13.54,3,1,1,1,2.0,-3.11
14.76,43.89,2,1,1,1,1.5,11.5
2.74,29.53,1,4,1,0,2.5,-3.96
14.98,42.78,2,1,1,1,1.5,-9.03
13.09,14.7,1,1,1,1,1.0,16.75
9.43,37.14,2,1,1,0,1.5,7.42
8.61,8.31,2,1,1,0,1.5,12.8
8.05,22.7,2,4,1,0,3.0,2.19
3.41,27.5,2,4,1,0,3.0,5.92
14.62,29.26,3,1,1,1,2.0,-3.78
3.85,43.6,1,1,1,0,1.0,9.65
14.48,7.81,2,1,1,1,1.5,0.18
12.56,28.92,3,4,1,1,3.5,11.06
4.21,23.13,3,1,1,0,2.0,-1.59
6.38,17.69,1,2,1,0,1.5,6.77
3.99,25.5,3,4,1,0,3.5,11.94
5.28,22.34,3,1,1,0,2.0,-4.91
10.52,35.8,1,4,1,1,2.5,-7.86
11.57,7.33,1,2,1,1,1.5,11.95
4.01,34.1,2,4,1,0,3.0,-9.37
4.24,47.96,2,1,1,0,1.5,1.88
7.48,25.49,2,1,1,0,1.5,5.66
8.15,12.68,2,1,1,0,1.5,-8.97
11.47,12.62,1,2,1,1,1.5,4.66
12.87,43.45,1,2,1,1,1.5,7.16
3.25,9.64,2,1,1,0,1.5,19.56
9.83,11.96,1,1,1,0,1.0,14.59
7.58,47.86,2,2,1,0,2.0,-9.67
8.52,10.21,2,1,1,0,1.5,-6.0
14.5,26.36,2,2,1,1,2.0,-6.46
2.76,8.4,3,4,1,0,3.5,14.04
14.66,11.43,1,2,1,1,1.5,2.74
11.23,11.38,1,4,1,1,2.5,13.85
8.5,35.35,2,4,1,0,3.0,3.41
8.08,33.31,1,2,1,0,1.5,3.81
13.7,17.47,2,4,1,1,3.0,-0.81
6.78,8.92,2,2,1,0,2.0,11.22
14.66,23.08,2,2,1,1,2.0,-9.28
7.1,36.69,2,4,1,0,3.0,10.6
6.63,41.77,1,1,1,0,1.0,9.51
3.61,30.17,3,2,1,0,2.5,13.56
11.39,13.88,2,2,1,1,2.0,15.07
11.42,18.53,3,4,1,1,3.5,-6.52
6.57,18.29,1,4,1,0,2.5,0.1
9.4,48.39,1,4,1,0,2.5,-6.2
6.7,40.32,2,4,1,0,3.0,12.55
9.92,18.72,3,1,1,0,2.0,-8.3
12.7,33.08,3,4,1,1,3.5,9.52
3.45,32.6,2,1,1,0,1.5,-8.5
4.75,9.72,1,2,1,0,1.5,10.34
2.94,18.09,2,1,1,0,1.5,0.75
12.14,39.1,3,1,1,1,2.0,-6.14
6.93,38.0,2,1,1,0,1.5,3.01
2.92,27.44,1,2,1,0,1.5,2.73
3.27,14.81,1,4,1,0,2.5,3.76
5.18,38.46,3,4,1,0,3.5,-2.03
6.3,28.92,3,1,1,0,2.0,12.3
13.27,25.84,2,1,1,1,1.5,11.96
13.28,49.77,1,2,1,1,1.5,10.99
5.15,38.08,2,2,1,0,2.0,-4.75
13.52,38.86,3,2,1,1,2.5,5.51
11.68,34.09,3,1,1,1,2.0,-1.59
8.2,22.88,1,4,1,0,2.5,2.68
3.37,6.02,3,2,1,0,2.5,-3.37
2.77,25.31,2,1,1,0,1.5,7.42
6.68,5.63,2,1,1,0,1.5,12.91
4.65,46.76,1,2,1,0,1.5,4.43
2.31,21.72,3,4,1,0,3.5,6.71
2.69,42.77,2,1,1,0,1.5,-0.56
11.2,33.18,3,4,1,1,3.5,-1.24
8.13,20.75,2,1,1,0,1.5,16.46
4.06,31.08,2,1,1,0,1.5,-9.24
9.78,17.67,3,1,1,0,2.0,-0.03
14.04,44.44,1,4,1,1,2.5,-5.34
3.03,13.06,3,2,1,0,2.5,16.59
8.85,36.47,2,2,1,0,2.0,1.66
2.5,45.8,3,2,1,0,2.5,2.39
6.64,6.73,3,2,1,0,2.5,-1.61
3.86,22.75,2,4,1,0,3.0,19.17
6.23,17.26,2,4,1,0,3.0,-7.39
13.71,44.27,2,1,1,1,1.5,12.91
5.9,22.4,2,4,1,0,3.0,6.09
7.94,20.08,2,4,1,0,3.0,11.03
12.92,30.41,3,4,1,1,3.5,-4.96
14.07,41.93,2,4,1,1,3.0,15.17
7.09,38.39,1,4,1,0,2.5,2.31
3.34,42.89,3,2,1,0,2.5,4.3
13.48,13.98,3,2,1,1,2.5,4.5
2.79,6.08,2,1,1,0,1.5,-3.36
13.8,19.43,2,1,1,1,1.5,2.17
8.47,43.17,2,2,1,0,2.0,-7.77
10.97,15.65,3,4,1,1,3.5,5.0
4.69,47.08,2,1,1,0,1.5,16.01
8.06,16.27,1,1,1,0,1.0,9.61
11.2,44.56,2,2,1,1,2.0,-3.51
7.07,23.33,2,1,1,0,1.5,4.07
11.04,41.7,1,1,1,1,1.0,-1.67
10.3,37.98,2,2,1,1,2.0,-3.75
4.52,8.28,1,1,1,0,1.0,19.01
3.13,35.93,1,1,1,0,1.0,9.93
2.22,20.55,1,2,1,0,1.5,-9.85
11.0,46.28,1,1,1,1,1.0,8.02
2.72,30.29,1,1,1,0,1.0,-2.93
7.84,31.87,2,4,1,0,3.0,-0.74
4.94,44.69,2,4,1,0,3.0,5.65
13.73,22.7,3,1,1,1,2.0,17.96
11.3,18.56,2,1,1,1,1.5,-1.71
6.01,31.13,2,2,1,0,2.0,-1.66
10.76,29.4,1,2,1,1,1.5,-0.76
14.59,41.92,3,2,1,1,2.5,3.6
3.13,11.96,3,4,1,0,3.5,14.46
9.85,8.37,2,4,1,0,3.0,-6.64
14.14,44.21,2,2,1,1,2.0,16.76
3.33,9.83,3,1,1,0,2.0,15.94
12.86,49.2,1,4,1,1,2.5,1.11
3.16,19.49,3,2,1,0,2.5,11.31
11.45,31.08,2,1,1,1,1.5,5.31
5.84,6.26,2,4,1,0,3.0,18.73
11.18,40.94,3,2,1,1,2.5,7.1
14.43,10.34,2,1,1,1,1.5,0.59
14.4,27.36,1,2,1,1,1.5,15.87
8.22,43.32,2,1,1,0,1.5,16.42
14.22,39.85,3,2,1,1,2.5,15.73
3.03,45.32,1,1,1,0,1.0,17.24
4.07,8.34,3,2,1,0,2.5,11.87
9.56,7.97,1,2,1,0,1.5,12.62
9.96,35.3,1,1,1,0,1.0,0.11
5.28,40.62,3,2,1,0,2.5,9.01
14.13,24.57,3,4,1,1,3.5,6.34
12.58,19.05,1,4,1,1,2.5,6.28
6.88,6.73,3,4,1,0,3.5,-2.47
13.13,17.92,1,4,1,1,2.5,-9.2
11.93,38.43,2,4,1,1,3.0,-2.86
12.03,17.35,1,4,1,1,2.5,18.54
8.81,41.82,1,1,1,0,1.0,8.24
12.6,39.91,2,1,1,1,1.5,-8.31
14.55,15.17,2,4,1,1,3.0,-5.69
13.56,31.76,3,4,1,1,3.5,-9.72
10.21,24.46,3,2,1,1,2.5,-2.34
9.8,28.74,1,1,1,0,1.0,15.5
11.48,39.58,3,2,1,1,2.5,18.19
11.11,15.75,1,2,1,1,1.5,-8.66
2.11,26.91,2,4,1,0,3.0,12.23
12.26,32.35,3,1,1,1,2.0,6.72
3.04,35.08,2,4,1,0,3.0,4.77
5.39,36.34,1,1,1,0,1.0,-5.06
9.81,39.98,1,4,1,0,2.5,0.29
12.08,12.68,1,2,1,1,1.5,18.82
3.77,27.77,2,2,1,0,2.0,11.18
10.71,7.45,2,4,1,1,3.0,14.43
14.25,12.31,3,4,1,1,3.5,-6.16
4.0,22.53,2,1,1,0,1.5,7.17
10.16,27.34,2,4,1,1,3.0,3.11
12.85,31.3,3,2,1,1,2.5,10.06
4.5,5.94,3,4,1,0,3.5,17.26
12.35,15.01,2,4,1,1,3.0,17.87
7.58,23.35,1,2,1,0,1.5,6.27
9.27,21.37,1,4,1,0,2.5,-5.76
6.53,26.56,3,4,1,0,3.5,16.13
2.39,11.48,3,2,1,0,2.5,-9.98
2.7,28.45,1,2,1,0,1.5,3.56
11.96,49.61,1,1,1,1,1.0,7.38
11.24,12.45,2,2,1,1,2.0,15.81
13.41,27.03,3,1,1,1,2.0,-1.09
8.99,36.83,2,2,1,0,2.0,17.21
2.32,36.36,3,2,1,0,2.5,4.29
5.78,19.06,2,2,1,0,2.0,-3.37
10.66,29.07,2,1,1,1,1.5,13.76
10.68,8.93,1,2,1,1,1.5,13.96
8.57,48.98,1,2,1,0,1.5,18.38
6.49,39.4,3,2,1,0,2.5,15.4
8.82,31.16,2,1,1,0,1.5,-9.33
10.41,16.38,3,2,1,1,2.5,12.43
12.1,28.3,1,1,1,1,1.0,14.31
9.08,41.67,3,2,1,0,2.5,17.24
10.65,26.29,1,1,1,1,1.0,13.1
10.48,37.67,2,4,1,1,3.0,17.6
4.2,36.11,2,1,1,0,1.5,-6.58
12.53,46.13,3,2,1,1,2.5,-3.29
10.41,41.89,1,4,1,1,2.5,-3.81
3.19,40.28,1,1,1,0,1.0,15.6
14.24,19.2,3,2,1,1,2.5,-3.62
5.75,40.41,3,4,1,0,3.5,-7.3
5.15,32.68,3,1,1,0,2.0,12.51
13.78,47.37,1,1,1,1,1.0,4.44
11.7,17.6,3,2,1,1,2.5,-9.64
14.1,14.38,1,1,1,1,1.0,11.44
5.11,8.88,2,4,1,0,3.0,12.03
7.85,41.2,1,1,1,0,1.0,-2.96
8.6,45.87,2,1,1,0,1.5,10.41
10.8,12.81,2,4,1,1,3.0,-6.18
8.44,45.04,2,1,1,0,1.5,0.1
10.54,16.1,1,4,1,1,2.5,10.96
13.38,45.4,2,2,1,1,2.0,17.93
7.47,44.58,2,2,1,0,2.0,14.73
2.78,9.28,1,1,1,0,1.0,-5.13
2.89,27.03,2,2,1,0,2.0,1.98
2.51,10.3,1,4,1,0,2.5,-9.35
14.04,48.96,2,1,1,1,1.5,-3.12
13.31,43.17,2,2,1,1,2.0,2.58
12.96,22.03,2,2,1,1,2.0,-9.47
4.35,16.57,1,1,1,0,1.0,15.26
2.77,43.17,2,4,1,0,3.0,4.83
14.63,38.32,2,4,1,1,3.0,19.59
13.87,42.78,2,1,1,1,1.5,9.33
12.48,45.32,1,4,1,1,2.5,12.21
9.54,46.85,2,1,1,0,1.5,4.47
14.71,39.21,3,1,1,1,2.0,-2.76
4.01,28.74,2,1,1,0,1.5,13.83
13.08,27.95,1,1,1,1,1.0,7.28
9.21,15.87,1,2,1,0,1.5,-1.27
5.87,33.24,3,1,1,0,2.0,-0.16
13.84,8.27,1,2,1,1,1.5,14.59
14.45,17.25,1,4,1,1,2.5,4.64
12.72,24.1,2,2,1,1,2.0,-0.61
8.33,16.95,2,2,1,0,2.0,2.93
11.42,18.68,1,4,1,1,2.5,1.26
14.8,19.13,1,2,1,1,1.5,-5.36
11.56,49.03,2,4,1,1,3.0,-1.29
12.63,47.53,3,1,1,1,2.0,0.28
3.34,16.86,3,2,1,0,2.5,-5.95
5.03,28.54,3,2,1,0,2.5,-6.16
12.13,37.47,1,2,1,1,1.5,-1.82
7.45,42.82,1,4,1,0,2.5,4.58
3.64,32.71,1,2,1,0,1.5,13.96
2.28,36.28,1,4,1,0,2.5,17.07
3.66,11.93,1,4,1,0,2.5,13.7
12.26,40.37,1,1,1,1,1.0,9.85
8.35,44.67,1,4,1,0,2.5,1.55
6.34,32.71,2,2,1,0,2.0,5.45
5.85,39.52,3,1,1,0,2.0,10.24
3.52,30.67,2,1,1,0,1.5,13.83
13.85,34.83,1,2,1,1,1.5,-0.37
12.1,8.46,3,4,1,1,3.5,8.89
6.55,37.24,2,1,1,0,1.5,2.45
9.62,13.88,3,2,1,0,2.5,15.82
8.17,39.27,1,1,1,0,1.0,1.0
2.14,22.37,3,4,1,0,3.5,14.26
11.99,9.92,2,1,1,1,1.5,-3.53
12.63,7.17,3,2,1,1,2.5,-2.04
7.53,35.89,3,4,1,0,3.5,13.93
12.45,21.82,1,2,1,1,1.5,-0.12
14.63,37.57,1,4,1,1,2.5,15.2
2.19,43.73,3,2,1,0,2.5,12.04
7.14,18.07,2,2,1,0,2.0,5.0
4.74,11.06,2,1,1,0,1.5,16.45
12.41,16.57,3,1,1,1,2.0,10.72
14.29,37.68,3,2,1,1,2.5,-5.87
13.71,40.84,2,4,1,1,3.0,16.26
3.33,26.77,1,1,1,0,1.0,16.61
12.76,21.39,2,2,1,1,2.0,-5.61
13.95,26.79,2,1,1,1,1.5,5.44
2.53,10.95,1,1,1,0,1.0,-0.33
3.29,43.08,2,4,1,0,3.0,-2.34
6.62,31.51,3,1,1,0,2.0,1.08
9.13,26.54,1,4,1,0,2.5,12.98
3.62,21.83,1,2,1,0,1.5,-9.32
3.14,31.97,2,1,1,0,1.5,-7.95
14.22,34.42,1,2,1,1,1.5,14.96
10.8,24.0,3,1,1,1,2.0,6.11
8.69,43.56,2,1,1,0,1.5,13.74
10.43,13.28,3,2,1,1,2.5,7.44
2.58,23.33,2,1,1,0,1.5,1.68
2.58,9.08,1,4,1,0,2.5,-2.06
2.47,32.14,3,1,1,0,2.0,14.92
9.65,35.95,2,4,1,0,3.0,-3.07
5.19,45.79,1,1,1,0,1.0,4.54
14.09,11.55,1,4,1,1,2.5,7.31
6.99,19.59,1,1,1,0,1.0,-1.98
2.96,6.81,3,4,1,0,3.5,15.64
13.39,43.44,3,2,1,1,2.5,8.53
8.74,26.34,1,4,1,0,2.5,16.25
10.07,7.06,3,2,1,1,2.5,14.33
11.21,5.13,1,2,1,1,1.5,3.94
7.22,19.86,3,4,1,0,3.5,-2.62
7.5,47.26,2,2,1,0,2.0,-0.57
3.63,27.85,1,2,1,0,1.5,-2.14
9.32,12.08,1,1,1,0,1.0,4.72
14.6,24.92,2,1,1,1,1.5,16.96
6.06,30.48,1,4,1,0,2.5,-4.03
13.51,41.73,2,2,1,1,2.0,17.63
5.38,13.02,2,1,1,0,1.5,8.69
9.34,18.92,2,1,1,0,1.5,16.48
13.93,22.71,1,2,1,1,1.5,11.07
4.66,40.08,1,4,1,0,2.5,-4.61
5.01,30.76,1,1,1,0,1.0,17.77
6.41,41.66,1,4,1,0,2.5,15.15
11.35,44.88,2,2,1,1,2.0,16.99
12.48,45.29,2,2,1,1,2.0,-4.19
14.63,45.15,3,2,1,1,2.5,-1.35
3.43,8.47,3,2,1,0,2.5,4.53
4.44,28.59,2,4,1,0,3.0,1.69
13.54,38.37,3,1,1,1,2.0,-2.75
9.32,30.28,1,2,1,0,1.5,5.01
5.49,28.9,2,2,1,0,2.0,5.75
9.87,34.57,1,4,1,0,2.5,13.16
12.8,7.24,2,4,1,1,3.0,-3.37
13.97,45.26,1,1,1,1,1.0,18.07
11.22,11.27,2,1,1,1,1.5,-5.68
6.54,26.47,1,1,1,0,1.0,14.59
10.58,6.14,3,2,1,1,2.5,1.47
14.82,7.3,2,1,1,1,1.5,10.3
4.44,6.47,1,2,1,0,1.5,17.35
13.59,32.0,2,4,1,1,3.0,-9.02
12.7,46.33,1,4,1,1,2.5,-7.03
9.64,38.67,1,4,1,0,2.5,2.32
10.3,45.36,3,2,1,1,2.5,12.08
6.86,9.03,3,4,1,0,3.5,19.22
6.85,6.91,2,1,1,0,1.5,-6.75
9.0,17.34,3,4,1,0,3.5,12.05
13.39,37.89,1,2,1,1,1.5,-8.68
9.18,7.18,2,1,1,0,1.5,9.6
8.02,17.24,3,4,1,0,3.5,10.89
5.53,45.74,2,4,1,0,3.0,17.93
2.03,29.01,1,4,1,0,2.5,-0.9
4.15,10.39,2,4,1,0,3.0,-3.67
10.08,45.88,1,1,1,1,1.0,-6.62
6.48,16.16,1,1,1,0,1.0,3.31
14.51,17.97,1,2,1,1,1.5,15.04
11.99,31.86,2,2,1,1,2.0,-0.52
10.38,40.53,3,4,1,1,3.5,-7.13
2.1,13.3,3,1,1,0,2.0,6.14
14.58,34.12,1,4,1,1,2.5,-8.09
9.31,25.14,1,2,1,0,1.5,-7.29
9.45,41.3,3,4,1,0,3.5,13.79
13.9,46.87,3,1,1,1,2.0,5.01
3.93,5.44,1,4,1,0,2.5,4.36
3.25,43.7,2,2,1,0,2.0,17.19
12.96,47.1,2,2,1,1,2.0,11.05
2.19,37.12,1,4,1,0,2.5,-5.73
5.93,33.01,3,4,1,0,3.5,-7.28
7.52,26.93,2,1,1,0,1.5,1.23
14.9,39.01,1,1,1,1,1.0,8.42
10.29,29.49,3,1,1,1,2.0,3.35
2.04,44.41,1,1,1,0,1.0,-7.41
8.26,17.42,1,4,1,0,2.5,0.81
12.53,29.22,2,1,1,1,1.5,-6.44
9.94,48.46,3,4,1,0,3.5,13.67
3.04,47.6,3,2,1,0,2.5,3.86
9.72,48.06,2,2,1,0,2.0,8.79
5.77,22.56,1,4,1,0,2.5,15.21
6.05,17.86,3,4,1,0,3.5,-5.37
11.05,43.66,1,2,1,1,1.5,12.15
4.85,44.94,2,1,1,0,1.5,-5.9
11.2,44.66,2,4,1,1,3.0,3.83
4.88,47.03,1,4,1,0,2.5,6.05
11.84,47.05,1,2,1,1,1.5,12.92
5.57,29.51,1,2,1,0,1.5,-0.06
10.54,33.41,3,1,1,1,2.0,-4.42
9.08,26.79,2,2,1,0,2.0,-9.83
9.75,45.38,2,2,1,0,2.0,-8.99
10.21,31.21,1,1,1,1,1.0,-5.11
5.03,7.46,3,4,1,0,3.5,5.51
9.6,15.0,3,1,1,0,2.0,-2.31
5.62,7.74,2,2,1,0,2.0,-2.82
2.58,37.89,3,1,1,0,2.0,18.99
14.61,22.08,3,1,1,1,2.0,8.18
10.56,32.63,2,2,1,1,2.0,-5.6
14.68,8.28,1,1,1,1,1.0,2.4
7.85,7.64,3,1,1,0,2.0,9.07
6.52,38.09,2,4,1,0,3.0,10.41
6.06,37.22,3,4,1,0,3.5,-1.39
9.99,22.54,3,4,1,0,3.5,8.7
4.52,19.82,2,4,1,0,3.0,-2.77
10.32,7.42,1,2,1,1,1.5,0.21
12.26,28.12,2,4,1,1,3.0,3.05
10.09,29.07,2,4,1,1,3.0,15.62
7.79,30.1,2,2,1,0,2.0,3.07
9.63,33.69,3,1,1,0,2.0,-9.18
14.28,24.24,3,2,1,1,2.5,-0.01
10.57,43.41,3,2,1,1,2.5,-3.76
11.7,11.7,2,1,1,1,1.5,13.22
2.8,45.38,3,2,1,0,2.5,8.11
5.79,41.29,1,4,1,0,2.5,-3.16
13.88,31.26,2,2,1,1,2.0,2.86
8.38,7.21,2,2,1,0,2.0,18.6
14.15,44.78,3,2,1,1,2.5,3.42
13.69,43.62,1,2,1,1,1.5,12.56
7.77,27.03,1,4,1,0,2.5,17.46
9.79,6.03,1,1,1,0,1.0,1.18
7.58,21.4,1,2,1,0,1.5,8.62
8.45,30.72,1,1,1,0,1.0,9.58
3.71,24.57,3,4,1,0,3.5,9.07
9.7,27.18,3,1,1,0,2.0,4.16
9.61,45.19,1,2,1,0,1.5,4.65
6.84,16.84,3,4,1,0,3.5,4.26
6.72,19.1,3,4,1,0,3.5,3.46
5.78,13.78,2,1,1,0,1.5,-9.04
11.74,32.18,2,2,1,1,2.0,19.26
9.5,44.45,1,1,1,0,1.0,14.67
14.78,13.83,3,1,1,1,2.0,15.86
9.97,41.95,1,1,1,0,1.0,1.31
12.44,28.87,2,1,1,1,1.5,-7.98
6.55,29.82,3,4,1,0,3.5,-3.91
4.51,47.44,1,2,1,0,1.5,4.99
10.01,28.06,3,1,1,1,2.0,-9.94
9.13,19.52,1,1,1,0,1.0,14.75
6.56,25.96,2,2,1,0,2.0,10.74
14.0,20.56,1,1,1,1,1.0,5.84
12.13,38.97,3,1,1,1,2.0,3.33
5.8,21.84,2,2,1,0,2.0,-4.19
9.11,17.68,3,4,1,0,3.5,-5.46
3.26,15.63,3,1,1,0,2.0,-1.36
2.96,33.55,3,4,1,0,3.5,-6.3
3.48,12.23,1,4,1,0,2.5,3.79
2.12,33.18,3,2,1,0,2.5,10.66
2.37,14.94,1,2,1,0,1.5,-5.8
11.84,31.4,3,2,1,1,2.5,-5.84
11.92,41.41,1,1,1,1,1.0,0.28
9.72,12.41,2,2,1,0,2.0,13.74
9.08,27.84,2,2,1,0,2.0,1.73
3.16,45.07,1,4,1,0,2.5,-8.27
2.89,40.43,1,2,1,0,1.5,-4.56
2.49,27.3,1,4,1,0,2.5,10.64
3.33,37.72,2,4,1,0,3.0,8.59
7.11,13.77,1,4,1,0,2.5,-1.93
9.69,6.35,2,2,1,0,2.0,19.18
13.76,24.15,1,1,1,1,1.0,-3.85
9.43,49.44,1,1,1,0,1.0,4.99
14.96,27.74,2,1,1,1,1.5,-3.4
4.34,5.48,2,4,1,0,3.0,-6.68
4.56,23.3,2,1,1,0,1.5,18.7
12.75,31.89,2,4,1,1,3.0,7.67
10.58,47.4,3,4,1,1,3.5,10.56
5.99,38.82,2,4,1,0,3.0,5.38
10.21,32.98,1,4,1,1,2.5,16.49
4.81,22.41,2,1,1,0,1.5,13.64
14.2,12.64,1,1,1,1,1.0,-0.71
2.12,24.16,1,1,1,0,1.0,7.37
4.54,27.58,1,2,1,0,1.5,-1.79
9.52,23.97,1,4,1,0,2.5,-1.57
8.6,24.35,3,1,1,0,2.0,16.29
11.89,24.3,2,4,1,1,3.0,-2.12
2.21,17.88,3,2,1,0,2.5,-2.17
8.49,47.87,3,2,1,0,2.5,20.0
7.78,6.1,2,4,1,0,3.0,9.57
10.44,8.52,1,1,1,1,1.0,6.41
11.58,13.77,3,1,1,1,2.0,-2.61
2.69,12.15,1,2,1,0,1.5,11.0
9.71,28.4,3,4,1,0,3.5,16.97
10.58,36.53,1,1,1,1,1.0,-0.61
9.77,16.48,3,2,1,0,2.5,3.35
4.55,33.02,3,1,1,0,2.0,11.67
8.76,30.67,3,4,1,0,3.5,5.92
13.75,12.43,3,1,1,1,2.0,8.8
8.92,28.14,3,2,1,0,2.5,-6.24
6.91,40.11,2,1,1,0,1.5,-8.64
8.17,46.73,1,4,1,0,2.5,3.43
12.76,20.86,2,4,1,1,3.0,12.51
7.93,24.79,2,4,1,0,3.0,-7.05
2.34,35.67,1,1,1,0,1.0,-7.07
6.86,24.83,1,2,1,0,1.5,1.58
2.91,5.07,2,4,1,0,3.0,9.56
2.7,26.11,3,2,1,0,2.5,7.59
3.05,48.34,2,4,1,0,3.0,12.94
3.72,38.54,3,4,1,0,3.5,19.88
13.83,10.68,1,4,1,1,2.5,-8.96
4.52,30.79,2,4,1,0,3.0,-9.93
13.55,27.02,1,1,1,1,1.0,1.94
12.05,44.99,3,4,1,1,3.5,14.48
7.5,40.88,3,2,1,0,2.5,16.39
6.01,37.62,3,4,1,0,3.5,2.61
14.2,36.67,2,4,1,1,3.0,-1.32
6.28,20.62,1,4,1,0,2.5,16.38
2.23,21.43,2,2,1,0,2.0,-5.44
10.98,31.5,3,4,1,1,3.5,8.01
9.22,30.44,1,1,1,0,1.0,16.62
4.21,24.61,1,2,1,0,1.5,5.52
10.12,49.19,1,2,1,1,1.5,11.74
5.89,33.67,3,4,1,0,3.5,12.9
7.57,32.39,1,1,1,0,1.0,3.89
11.8,20.99,2,4,1,1,3.0,2.66
4.06,32.44,3,1,1,0,2.0,5.63
2.23,28.44,1,2,1,0,1.5,14.77
6.36,32.35,2,2,1,0,2.0,-6.92
11.87,9.49,1,4,1,1,2.5,-2.62
8.9,13.94,2,1,1,0,1.5,-9.82
12.5,21.58,1,2,1,1,1.5,4.58
4.92,8.2,2,2,1,0,2.0,3.54
6.3,15.47,2,2,1,0,2.0,12.55
7.96,44.75,3,4,1,0,3.5,-1.72
7.35,14.0,2,4,1,0,3.0,7.43
5.84,49.35,2,2,1,0,2.0,-3.41
8.39,8.13,1,2,1,0,1.5,11.99
3.93,12.31,1,2,1,0,1.5,15.73
11.99,23.67,2,1,1,1,1.5,-0.65
6.24,43.29,2,2,1,0,2.0,-3.8
12.95,31.17,1,1,1,1,1.0,-1.21
12.15,16.16,1,4,1,1,2.5,17.27
11.11,18.15,1,1,1,1,1.0,19.04
13.21,49.29,2,1,1,1,1.5,12.31
8.3,17.05,2,4,1,0,3.0,19.61
8.49,17.2,3,2,1,0,2.5,17.96
5.54,24.32,3,2,1,0,2.5,2.25
6.75,47.36,3,2,1,0,2.5,4.09
7.58,11.86,3,1,1,0,2.0,-0.26
3.23,32.69,3,2,1,0,2.5,-3.47
14.1,34.15,2,1,1,1,1.5,19.19
7.28,18.88,3,2,1,0,2.5,18.24
9.84,16.13,2,4,1,0,3.0,-6.79
9.78,38.49,1,1,1,0,1.0,-8.93
10.73,24.89,1,4,1,1,2.5,-4.4
6.89,5.51,1,1,1,0,1.0,14.43
3.08,23.08,2,4,1,0,3.0,16.88
2.79,28.24,3,1,1,0,2.0,-7.8
3.6,25.14,1,1,1,0,1.0,7.4
4.49,23.25,2,2,1,0,2.0,19.63
2.58,11.44,2,4,1,0,3.0,11.13
11.48,20.47,2,2,1,1,2.0,6.87
9.49,36.17,2,2,1,0,2.0,19.51
5.18,26.78,3,1,1,0,2.0,11.51
6.74,37.85,1,1,1,0,1.0,10.03
9.56,46.11,3,2,1,0,2.5,10.25
8.1,35.23,1,2,1,0,1.5,8.6
6.27,12.27,1,2,1,0,1.5,-0.36
12.43,49.07,2,1,1,1,1.5,4.07
10.5,21.92,1,2,1,1,1.5,-5.33
10.2,27.18,1,2,1,1,1.5,18.99
6.3,31.51,2,4,1,0,3.0,2.38
8.18,43.66,2,2,1,0,2.0,-2.62
6.28,27.39,1,4,1,0,2.5,6.62
11.46,11.1,3,1,1,1,2.0,5.0
12.99,12.76,2,2,1,1,2.0,0.09
9.01,34.6,1,2,1,0,1.5,2.92
8.16,24.47,1,4,1,0,2.5,15.97
3.54,23.05,2,2,1,0,2.0,16.41
14.68,48.12,2,1,1,1,1.5,-0.72
5.98,28.17,3,4,1,0,3.5,11.36
7.47,32.3,2,1,1,0,1.5,-3.64
13.05,29.94,3,4,1,1,3.5,2.26
2.45,49.89,1,1,1,0,1.0,-5.04
5.56,9.53,3,4,1,0,3.5,-9.26
8.82,25.48,1,1,1,0,1.0,17.27
12.98,8.8,1,2,1,1,1.5,15.48
14.01,15.85,3,4,1,1,3.5,14.94
10.78,9.53,1,1,1,1,1.0,15.3
10.91,36.4,3,2,1,1,2.5,-7.3
11.25,44.18,2,1,1,1,1.5,2.34
5.86,14.47,2,2,1,0,2.0,14.47
6.91,28.41,1,4,1,0,2.5,5.14
9.44,23.86,3,1,1,0,2.0,-3.47
5.1,14.6,1,2,1,0,1.5,13.48
7.07,14.69,3,2,1,0,2.5,-7.21
3.16,16.26,1,4,1,0,2.5,18.54
12.39,10.79,1,4,1,1,2.5,3.07
2.7,9.62,2,1,1,0,1.5,11.47
14.99,36.89,2,4,1,1,3.0,-0.11
5.68,16.03,1,2,1,0,1.5,-6.8
13.4,48.96,1,1,1,1,1.0,12.75
8.29,10.69,1,4,1,0,2.5,18.21
2.6,35.6,3,2,1,0,2.5,16.16
12.35,41.89,2,2,1,1,2.0,5.06
7.84,42.81,3,4,1,0,3.5,10.9
2.14,13.43,3,4,1,0,3.5,-7.81
12.7,29.73,2,4,1,1,3.0,-2.96
2.49,24.11,3,4,1,0,3.5,-7.22
14.87,13.54,3,1,1,1,2.0,-0.48
11.41,26.41,3,2,1,1,2.5,0.12
14.77,10.4,2,2,1,1,2.0,-0.6
6.25,29.55,2,1,1,0,1.5,6.91
5.15,25.32,3,4,1,0,3.5,-8.15
12.65,31.1,2,4,1,1,3.0,9.82
2.31,25.78,1,1,1,0,1.0,6.52
12.49,7.16,1,2,1,1,1.5,19.8
10.21,20.7,3,4,1,1,3.5,-4.46
14.31,24.51,2,4,1,1,3.0,-0.93
12.96,43.05,3,1,1,1,2.0,-1.02
8.96,13.12,1,1,1,0,1.0,15.9
7.07,49.45,2,1,1,0,1.5,6.7
7.58,45.28,3,4,1,0,3.5,3.63
4.58,27.25,2,2,1,0,2.0,4.91
10.97,18.64,1,2,1,1,1.5,15.71
2.61,38.1,2,2,1,0,2.0,-5.4
12.94,43.49,1,2,1,1,1.5,17.6
14.79,40.5,1,4,1,1,2.5,15.97
5.55,32.58,2,2,1,0,2.0,-2.71
6.61,32.89,3,4,1,0,3.5,12.94
12.69,22.86,3,2,1,1,2.5,18.07
13.59,46.02,3,4,1,1,3.5,-5.41
5.94,31.29,1,1,1,0,1.0,16.23
6.17,26.98,1,1,1,0,1.0,3.1
5.07,13.7,1,4,1,0,2.5,10.79
8.29,49.81,1,4,1,0,2.5,-4.62
12.98,18.4,2,4,1,1,3.0,2.26
9.74,31.28,2,2,1,0,2.0,-6.4
10.49,16.9,3,2,1,1,2.5,2.52
11.52,6.7,1,2,1,1,1.5,-7.65
6.81,15.92,2,1,1,0,1.5,-0.54
8.06,35.14,3,1,1,0,2.0,-4.53
2.97,25.04,2,2,1,0,2.0,3.48
12.58,8.03,2,1,1,1,1.5,-7.41
10.96,10.7,3,1,1,1,2.0,18.3
7.29,47.99,1,2,1,0,1.5,3.31
3.41,10.26,2,1,1,0,1.5,-2.22
14.88,45.84,3,4,1,1,3.5,-4.33
14.86,6.9,2,1,1,1,1.5,13.08
6.1,47.35,3,4,1,0,3.5,4.3
9.06,31.25,1,4,1,0,2.5,2.83
9.98,31.23,2,4,1,0,3.0,-0.15
10.69,46.57,3,2,1,1,2.5,13.05
9.78,17.88,3,1,1,0,2.0,17.04
14.91,44.71,3,4,1,1,3.5,17.8
2.54,19.47,1,1,1,0,1.0,2.9
5.68,38.47,2,2,1,0,2.0,5.76
9.83,33.09,2,2,1,0,2.0,-7.38
6.91,24.91,1,4,1,0,2.5,19.48
5.36,18.66,3,1,1,0,2.0,4.86
13.15,11.13,2,4,1,1,3.0,4.57
11.14,18.31,1,1,1,1,1.0,5.9
13.33,5.1,3,2,1,1,2.5,18.97
7.36,10.14,2,4,1,0,3.0,-9.01
8.16,43.24,3,4,1,0,3.5,0.42
10.24,32.65,2,1,1,1,1.5,-2.36
9.52,45.01,3,2,1,0,2.5,12.9
11.13,36.7,2,4,1,1,3.0,18.52
8.92,6.57,3,2,1,0,2.5,4.33
6.07,46.84,3,2,1,0,2.5,14.25
6.83,21.72,1,2,1,0,1.5,19.01
8.88,41.66,1,1,1,0,1.0,-6.03
5.86,33.21,3,4,1,0,3.5,15.11
11.48,31.83,2,4,1,1,3.0,-7.17
13.94,11.18,3,2,1,1,2.5,16.02
4.52,5.75,1,4,1,0,2.5,16.37
11.96,16.72,2,4,1,1,3.0,1.23
4.84,26.53,3,1,1,0,2.0,-4.96
12.01,17.09,1,2,1,1,1.5,17.34
7.31,18.21,3,1,1,0,2.0,9.66
2.93,14.59,1,1,1,0,1.0,5.95
13.98,26.38,1,2,1,1,1.5,17.18
12.72,49.83,2,4,1,1,3.0,14.13
14.65,31.16,2,2,1,1,2.0,-6.57
13.43,32.64,3,1,1,1,2.0,-2.06
11.06,7.06,3,4,1,1,3.5,9.9
5.53,22.27,1,2,1,0,1.5,5.23
5.54,24.79,2,2,1,0,2.0,12.47
12.69,29.47,1,1,1,1,1.0,-4.94
3.45,35.3,3,4,1,0,3.5,8.78
12.27,45.94,3,4,1,1,3.5,6.46
4.95,17.52,2,1,1,0,1.5,5.26
11.6,25.13,1,4,1,1,2.5,-0.11
3.38,30.27,3,2,1,0,2.5,17.53
8.52,41.19,3,1,1,0,2.0,-7.55
6.6,5.27,2,4,1,0,3.0,4.11
11.5,41.03,3,2,1,1,2.5,-6.22
3.19,13.69,1,1,1,0,1.0,11.26
3.81,10.46,2,2,1,0,2.0,6.34
9.58,22.01,2,2,1,0,2.0,4.35
10.81,45.39,1,2,1,1,1.5,4.84
8.99,12.79,2,2,1,0,2.0,13.62
9.11,13.71,2,4,1,0,3.0,-1.54
3.71,38.9,3,4,1,0,3.5,15.19
9.81,34.44,2,4,1,0,3.0,-4.0
6.41,26.28,2,4,1,0,3.0,16.02
11.68,14.33,3,4,1,1,3.5,17.91
9.92,19.14,1,2,1,0,1.5,15.93
5.37,21.74,3,1,1,0,2.0,10.54
11.96,29.2,3,1,1,1,2.0,10.39
8.35,45.14,2,2,1,0,2.0,9.41
10.54,11.81,1,1,1,1,1.0,16.08
8.35,17.41,2,2,1,0,2.0,5.99
4.24,8.64,2,1,1,0,1.5,10.8
4.33,21.52,1,1,1,0,1.0,15.2
14.89,30.39,3,1,1,1,2.0,-8.46
3.36,40.08,1,4,1,0,2.5,4.17
8.35,45.87,3,1,1,0,2.0,14.64
10.68,30.31,2,2,1,1,2.0,-4.26
7.59,48.72,1,1,1,0,1.0,2.61
8.02,32.43,2,1,1,0,1.5,1.73
12.63,22.81,3,2,1,1,2.5,0.9
10.69,17.41,2,2,1,1,2.0,3.89
6.31,26.43,2,1,1,0,1.5,13.48
11.56,10.07,1,2,1,1,1.5,18.52
2.93,27.35,2,1,1,0,1.5,6.24
4.66,30.02,1,1,1,0,1.0,16.4
8.62,26.61,3,2,1,0,2.5,10.86
2.03,6.52,3,1,1,0,2.0,-5.73
9.95,43.48,2,2,1,0,2.0,-3.69
5.76,19.04,1,1,1,0,1.0,-2.57
8.89,19.44,3,2,1,0,2.5,12.29
14.34,23.14,1,2,1,1,1.5,-7.12
3.06,36.03,1,2,1,0,1.5,0.92
5.68,33.03,3,4,1,0,3.5,-1.04
11.07,18.39,1,2,1,1,1.5,-7.1
7.69,26.4,2,1,1,0,1.5,6.8
12.7,33.68,3,1,1,1,2.0,5.9
5.14,40.6,1,4,1,0,2.5,13.93
3.11,10.14,2,4,1,0,3.0,19.34
12.07,7.94,2,2,1,1,2.0,2.05
3.53,5.08,2,1,1,0,1.5,-1.85
10.83,5.27,2,1,1,1,1.5,8.84
8.9,28.51,2,1,1,0,1.5,-8.87
5.23,28.93,3,2,1,0,2.5,-9.67
12.4,7.85,2,1,1,1,1.5,15.64
13.84,25.5,2,4,1,1,3.0,6.96
14.4,41.92,2,4,1,1,3.0,16.18
8.06,12.8,3,1,1,0,2.0,5.1
7.66,25.13,3,1,1,0,2.0,17.65
2.53,27.36,3,2,1,0,2.5,-0.48
9.18,40.82,1,4,1,0,2.5,3.55
4.11,9.94,2,4,1,0,3.0,1.87
6.34,24.88,2,1,1,0,1.5,-5.01
12.85,22.64,3,4,1,1,3.5,6.75
3.39,49.52,1,1,1,0,1.0,19.4
12.72,40.49,1,4,1,1,2.5,-3.84
13.12,38.05,2,1,1,1,1.5,7.24
9.66,30.79,2,4,1,0,3.0,15.11
13.5,13.87,3,2,1,1,2.5,-3.21
3.16,13.69,3,2,1,0,2.5,19.82
7.17,25.99,2,1,1,0,1.5,13.13
6.79,21.56,3,1,1,0,2.0,16.07
2.87,5.14,1,1,1,0,1.0,13.0
2.26,23.43,3,2,1,0,2.5,19.63
5.01,5.52,2,1,1,0,1.5,0.82
4.75,7.45,3,4,1,0,3.5,9.81
13.84,17.98,1,2,1,1,1.5,8.89
4.2,8.03,3,2,1,0,2.5,18.46
13.67,46.73,3,2,1,1,2.5,16.3
3.06,35.45,3,2,1,0,2.5,7.69
11.06,13.36,3,1,1,1,2.0,1.57
2.24,25.47,2,4,1,0,3.0,10.44
12.52,38.07,2,2,1,1,2.0,-2.21
3.46,18.85,3,1,1,0,2.0,17.65
7.18,7.08,3,4,1,0,3.5,19.72
2.64,10.01,3,2,1,0,2.5,15.67
13.68,45.79,3,2,1,1,2.5,4.38
11.72,46.18,3,2,1,1,2.5,19.66
14.75,41.92,2,4,1,1,3.0,-7.09
6.89,16.86,1,1,1,0,1.0,-1.28
6.26,18.28,3,4,1,0,3.5,14.23
13.11,11.75,3,4,1,1,3.5,6.46
9.97,43.67,3,4,1,0,3.5,-7.52
2.16,49.99,3,2,1,0,2.5,2.51
13.57,46.34,3,2,1,1,2.5,-7.14
2.37,39.62,2,2,1,0,2.0,15.99
6.27,47.61,1,1,1,0,1.0,4.55
5.24,41.84,3,1,1,0,2.0,1.23
13.16,37.62,2,1,1,1,1.5,16.96
14.8,24.21,1,2,1,1,1.5,-9.37
11.92,9.07,1,2,1,1,1.5,4.85
5.11,41.76,3,1,1,0,2.0,-7.47
10.83,34.21,2,2,1,1,2.0,10.97
11.13,45.11,1,2,1,1,1.5,17.48
2.4,32.54,3,2,1,0,2.5,-8.72
12.46,8.37,2,2,1,1,2.0,12.9
2.36,42.13,2,1,1,0,1.5,14.96
12.58,35.04,2,2,1,1,2.0,5.97
10.97,9.05,1,1,1,1,1.0,-7.58
7.51,17.45,3,1,1,0,2.0,8.06
4.59,15.85,2,1,1,0,1.5,11.23
8.1,26.51,2,1,1,0,1.5,10.83
14.33,14.31,3,4,1,1,3.5,-6.46
2.05,40.48,1,1,1,0,1.0,12.65
10.49,14.35,3,1,1,1,2.0,16.79
6.59,49.34,2,1,1,0,1.5,1.38
6.05,31.15,1,1,1,0,1.0,9.65
4.54,25.89,1,2,1,0,1.5,-5.51
9.93,14.43,3,2,1,0,2.5,-8.06
11.12,28.13,2,1,1,1,1.5,0.03
4.23,42.02,2,2,1,0,2.0,17.51
4.97,19.84,3,2,1,0,2.5,-0.79
11.61,40.53,1,2,1,1,1.5,5.75
14.22,45.26,3,4,1,1,3.5,10.18
8.63,14.32,2,4,1,0,3.0,8.22
9.75,42.71,2,4,1,0,3.0,1.94
5.31,17.16,3,4,1,0,3.5,10.45
4.3,17.25,1,4,1,0,2.5,16.52
7.25,20.64,1,2,1,0,1.5,11.63
10.54,10.02,1,2,1,1,1.5,-0.7
14.87,38.2,1,2,1,1,1.5,7.01
14.62,26.77,1,4,1,1,2.5,-7.22
8.46,47.15,2,1,1,0,1.5,4.21
13.96,11.5,2,4,1,1,3.0,6.74
9.16,6.95,3,4,1,0,3.5,-9.42
12.64,28.67,1,2,1,1,1.5,-9.8
3.27,11.16,3,4,1,0,3.5,-4.3
14.77,25.89,3,4,1,1,3.5,16.87
3.31,47.05,2,2,1,0,2.0,-9.68
2.82,44.22,2,1,1,0,1.5,-0.09
6.61,45.25,3,1,1,0,2.0,1.87
5.74,12.84,1,1,1,0,1.0,11.21
3.71,11.28,3,1,1,0,2.0,-5.75
11.19,40.71,1,2,1,1,1.5,-6.18
7.98,20.27,1,2,1,0,1.5,15.24
4.25,42.67,2,2,1,0,2.0,4.38
7.03,36.39,1,1,1,0,1.0,-7.69
13.99,29.64,2,4,1,1,3.0,-5.72
7.88,48.84,2,2,1,0,2.0,-4.56
8.89,25.97,1,1,1,0,1.0,-1.63
6.82,45.14,2,1,1,0,1.5,-3.96
10.4,27.59,3,1,1,1,2.0,13.38
14.56,16.2,2,4,1,1,3.0,-5.63
8.16,11.23,1,2,1,0,1.5,-2.79
13.68,17.94,1,1,1,1,1.0,-9.29
5.4,28.14,1,1,1,0,1.0,-7.29
5.33,36.76,1,4,1,0,2.5,-2.61
3.96,22.54,1,2,1,0,1.5,19.15
7.12,43.72,1,2,1,0,1.5,-6.26
10.04,24.7,3,1,1,1,2.0,-2.32
12.02,21.79,2,1,1,1,1.5,-6.29
8.61,33.66,3,1,1,0,2.0,19.44
8.77,37.13,2,4,1,0,3.0,1.82
12.83,44.65,2,2,1,1,2.0,10.54
11.99,29.6,1,2,1,1,1.5,-6.1
12.97,25.66,2,1,1,1,1.5,14.28
11.07,11.77,2,4,1,1,3.0,-2.6
6.13,27.7,1,1,1,0,1.0,2.52
8.5,37.78,2,1,1,0,1.5,6.59
10.21,46.86,3,1,1,1,2.0,10.71
9.03,6.88,2,1,1,0,1.5,-1.89
3.69,13.68,1,2,1,0,1.5,11.31
5.53,17.64,1,1,1,0,1.0,-5.57
14.22,32.32,1,2,1,1,1.5,5.11
14.72,28.5,1,1,1,1,1.0,16.63
14.92,24.42,2,2,1,1,2.0,11.63
8.99,14.86,2,4,1,0,3.0,-4.07
6.79,19.3,1,4,1,0,2.5,-1.5
8.42,38.93,1,1,1,0,1.0,7.08
2.96,16.18,1,2,1,0,1.5,16.17
2.64,32.61,2,1,1,0,1.5,4.72
2.09,35.29,2,2,1,0,2.0,19.91
2.79,41.23,2,2,1,0,2.0,-2.38
9.87,12.41,2,2,1,0,2.0,-0.41
4.32,25.26,3,1,1,0,2.0,16.16
8.71,30.83,2,2,1,0,2.0,13.61
11.93,47.14,1,2,1,1,1.5,-3.6
2.27,19.02,2,2,1,0,2.0,12.67
8.66,34.59,3,4,1,0,3.5,11.14
3.53,40.86,1,1,1,0,1.0,-4.17
9.42,29.81,3,1,1,0,2.0,17.15
7.94,12.34,2,4,1,0,3.0,12.32
4.11,21.45,1,1,1,0,1.0,-9.3
6.2,39.65,3,1,1,0,2.0,2.3
7.41,44.75,2,2,1,0,2.0,10.28
11.88,32.91,3,1,1,1,2.0,7.37
7.33,14.99,2,4,1,0,3.0,19.17
2.01,39.82,3,2,1,0,2.5,-4.79
3.54,41.89,2,4,1,0,3.0,-0.05
5.83,40.01,1,2,1,0,1.5,8.1
11.86,33.28,3,1,1,1,2.0,6.23
10.81,29.35,1,2,1,1,1.5,17.26
2.67,26.4,1,4,1,0,2.5,9.24
2.13,17.45,3,2,1,0,2.5,-6.01
12.91,20.48,1,1,1,1,1.0,6.18
12.95,30.29,2,4,1,1,3.0,18.5
3.54,6.73,3,1,1,0,2.0,9.71
5.38,23.0,3,1,1,0,2.0,18.04
10.38,28.01,3,4,1,1,3.5,6.68
4.39,13.58,2,1,1,0,1.5,19.58
8.25,43.72,2,2,1,0,2.0,13.63
8.25,35.74,3,1,1,0,2.0,-0.42
11.06,27.22,2,4,1,1,3.0,6.97
4.5,29.69,2,1,1,0,1.5,18.12
9.05,41.59,2,4,1,0,3.0,-2.66
5.81,14.23,1,1,1,0,1.0,-8.64
5.18,43.58,3,1,1,0,2.0,-1.7
9.45,32.81,1,4,1,0,2.5,-6.82
6.41,49.61,1,4,1,0,2.5,-9.6
3.73,43.98,1,4,1,0,2.5,2.76
3.44,32.1,3,1,1,0,2.0,7.67
12.12,42.03,1,1,1,1,1.0,-3.0
11.92,47.95,3,1,1,1,2.0,-6.34
9.02,37.25,1,1,1,0,1.0,5.79
10.15,42.91,1,2,1,1,1.5,-7.5
2.6,34.51,3,4,1,0,3.5,4.39
14.7,25.44,1,2,1,1,1.5,19.54
9.65,21.3,3,4,1,0,3.5,3.06
3.53,30.47,2,1,1,0,1.5,7.48
11.53,26.07,3,1,1,1,2.0,2.21
11.91,46.05,2,2,1,1,2.0,7.65
6.83,18.82,1,1,1,0,1.0,19.84
11.6,6.13,3,4,1,1,3.5,-8.92
10.08,27.11,3,2,1,1,2.5,9.74
9.24,16.13,2,2,1,0,2.0,14.54
4.96,36.65,1,2,1,0,1.5,-7.09
10.47,19.75,1,1,1,1,1.0,19.68
2.5,30.77,2,1,1,0,1.5,8.41
4.01,29.74,3,1,1,0,2.0,15.28
5.23,13.81,2,2,1,0,2.0,16.56
14.47,16.55,3,1,1,1,2.0,4.52
6.98,43.69,1,4,1,0,2.5,-1.34
6.75,47.25,1,1,1,0,1.0,-9.87
5.47,38.89,1,2,1,0,1.5,3.28
13.35,16.01,3,4,1,1,3.5,13.92
11.95,45.71,1,4,1,1,2.5,8.98
13.4,8.26,1,2,1,1,1.5,13.71
7.73,29.41,3,1,1,0,2.0,3.4
12.12,26.4,1,2,1,1,1.5,3.16
10.13,26.16,3,4,1,1,3.5,-6.55
14.64,10.27,2,2,1,1,2.0,6.63
6.96,38.78,1,1,1,0,1.0,16.96
11.83,30.2,1,1,1,1,1.0,3.14
7.39,5.99,2,4,1,0,3.0,-1.3
9.83,10.65,3,2,1,0,2.5,8.86
12.36,29.25,3,2,1,1,2.5,7.39
14.61,49.78,1,1,1,1,1.0,-2.63
5.43,38.09,2,4,1,0,3.0,1.38
6.51,34.4,3,2,1,0,2.5,12.95
2.97,43.43,1,1,1,0,1.0,9.27
13.49,37.1,1,1,1,1,1.0,18.68
8.38,7.11,3,1,1,0,2.0,-4.5
3.26,28.53,2,4,1,0,3.0,2.92
2.74,48.44,1,1,1,0,1.0,1.5
11.57,10.36,2,2,1,1,2.0,14.41
11.84,38.05,2,4,1,1,3.0,0.97
14.17,43.78,3,1,1,1,2.0,3.09
13.75,32.43,2,1,1,1,1.5,15.69
14.18,47.34,2,2,1,1,2.0,7.69
13.62,37.92,1,2,1,1,1.5,7.64
7.48,35.57,3,2,1,0,2.5,-2.12
4.24,11.5,3,1,1,0,2.0,19.96
4.69,37.61,1,1,1,0,1.0,17.54
4.9,7.2,3,4,1,0,3.5,14.04
11.05,42.39,2,2,1,1,2.0,-5.8
8.03,43.53,2,4,1,0,3.0,1.7
14.39,7.19,2,2,1,1,2.0,9.48
4.65,47.55,1,4,1,0,2.5,2.26
4.22,28.84,3,2,1,0,2.5,-0.17
3.42,26.55,2,2,1,0,2.0,7.5
9.42,45.38,2,4,1,0,3.0,19.59
9.95,35.05,1,4,1,0,2.5,6.98
11.49,27.73,1,1,1,1,1.0,-1.52
3.87,27.73,2,4,1,0,3.0,-3.02
9.38,30.53,2,4,1,0,3.0,14.68
5.44,44.99,1,1,1,0,1.0,17.53
14.75,39.22,1,2,1,1,1.5,-6.66
4.25,34.81,2,2,1,0,2.0,6.45
4.29,45.5,1,2,1,0,1.5,1.18
13.97,13.2,2,1,1,1,1.5,7.08
5.74,5.83,2,2,1,0,2.0,9.47
6.51,33.29,2,4,1,0,3.0,16.32
10.89,42.83,2,2,1,1,2.0,6.95
11.45,22.27,1,2,1,1,1.5,0.94
4.37,22.46,2,1,1,0,1.5,10.44
4.42,9.46,3,1,1,0,2.0,4.95
4.7,21.56,2,2,1,0,2.0,14.19
9.1,22.86,2,4,1,0,3.0,11.23
11.74,41.37,2,2,1,1,2.0,-8.77
4.3,11.09,1,4,1,0,2.5,11.43
2.27,5.25,2,4,1,0,3.0,-3.48
8.99,48.04,3,2,1,0,2.5,1.09
7.47,43.29,1,4,1,0,2.5,7.97
9.71,32.15,1,4,1,0,2.5,-6.71
12.41,23.07,1,1,1,1,1.0,-7.95
6.99,22.71,2,1,1,0,1.5,-6.46
12.5,43.68,2,2,1,1,2.0,1.51
5.51,41.64,3,4,1,0,3.5,6.19
5.33,25.91,1,1,1,0,1.0,4.43
14.76,47.73,3,1,1,1,2.0,3.37
6.7,15.63,3,2,1,0,2.5,5.94
5.86,33.07,2,4,1,0,3.0,14.79
10.33,34.83,3,2,1,1,2.5,-7.89
5.56,37.15,3,2,1,0,2.5,7.65
5.25,22.39,1,2,1,0,1.5,11.95
5.83,8.68,2,1,1,0,1.5,16.83
13.5,31.31,1,1,1,1,1.0,7.1
9.26,38.21,3,2,1,0,2.5,-6.95
9.67,28.11,2,4,1,0,3.0,-3.7
11.03,43.83,3,1,1,1,2.0,10.28
2.89,34.74,2,4,1,0,3.0,15.61
10.68,30.39,2,4,1,1,3.0,9.44
8.4,22.53,3,1,1,0,2.0,-5.67
10.04,14.86,3,1,1,1,2.0,4.66
7.08,35.13,3,1,1,0,2.0,-4.55
5.99,8.46,3,2,1,0,2.5,-7.69
2.02,18.73,2,2,1,0,2.0,18.69
8.87,33.63,1,1,1,0,1.0,4.44
4.2,19.91,1,1,1,0,1.0,13.53
13.56,17.34,1,1,1,1,1.0,1.23
12.79,13.51,2,1,1,1,1.5,6.49
14.22,7.63,3,4,1,1,3.5,16.7
5.95,7.24,1,2,1,0,1.5,-1.62
2.53,49.55,3,1,1,0,2.0,6.36
10.21,5.09,2,2,1,1,2.0,14.09
14.21,21.42,2,4,1,1,3.0,7.93
3.53,28.04,3,2,1,0,2.5,7.05
5.03,43.2,3,2,1,0,2.5,12.29
10.33,48.34,3,2,1,1,2.5,-4.13
7.22,34.35,2,4,1,0,3.0,10.94
13.24,34.45,2,2,1,1,2.0,4.84
6.9,5.92,1,2,1,0,1.5,8.42
2.6,35.9,3,1,1,0,2.0,4.13
8.36,44.06,3,4,1,0,3.5,5.06
10.44,44.63,2,4,1,1,3.0,3.86
8.17,25.59,2,1,1,0,1.5,11.72
13.14,19.08,1,4,1,1,2.5,1.85
9.82,38.81,2,1,1,0,1.5,11.71
14.78,43.86,3,1,1,1,2.0,9.0
14.14,38.95,2,1,1,1,1.5,6.05
13.82,24.35,3,1,1,1,2.0,2.82
7.84,13.83,3,4,1,0,3.5,17.48
8.64,12.22,1,1,1,0,1.0,15.75
12.65,7.82,2,4,1,1,3.0,-1.96
12.81,42.46,1,4,1,1,2.5,-3.91
12.16,13.06,2,2,1,1,2.0,19.81
9.18,46.86,3,2,1,0,2.5,6.18
13.18,32.45,2,2,1,1,2.0,8.42
14.78,12.5,2,1,1,1,1.5,-6.55
11.07,34.91,3,4,1,1,3.5,-1.79
6.88,10.62,2,1,1,0,1.5,15.22
10.13,21.94,2,2,1,1,2.0,19.4
13.08,38.57,1,1,1,1,1.0,10.43
13.43,16.2,1,1,1,1,1.0,-0.77
9.9,35.86,3,1,1,0,2.0,-4.65
13.19,11.23,3,2,1,1,2.5,15.43
3.24,11.08,3,4,1,0,3.5,10.28
9.45,48.55,2,1,1,0,1.5,-4.18
14.87,29.35,2,4,1,1,3.0,18.39
3.85,29.17,3,4,1,0,3.5,-3.84
10.62,36.02,2,4,1,1,3.0,15.32
5.09,36.17,3,4,1,0,3.5,6.59
14.2,36.61,2,4,1,1,3.0,-8.76
7.6,35.75,2,1,1,0,1.5,18.03
7.52,39.91,2,2,1,0,2.0,-4.87
3.81,9.34,3,1,1,0,2.0,3.14
7.33,36.2,1,2,1,0,1.5,4.74
12.66,25.76,1,4,1,1,2.5,14.96
13.01,44.36,3,2,1,1,2.5,-8.19
3.97,30.48,2,1,1,0,1.5,3.19
4.24,29.67,3,4,1,0,3.5,-5.53
13.64,28.36,1,2,1,1,1.5,8.04
10.12,12.09,3,4,1,1,3.5,13.67
9.26,44.23,3,2,1,0,2.5,17.84
9.72,27.05,1,2,1,0,1.5,17.55
7.97,41.59,3,4,1,0,3.5,2.57
10.73,34.82,1,1,1,1,1.0,16.66
12.73,12.93,1,4,1,1,2.5,4.77
12.25,34.61,2,4,1,1,3.0,10.52
5.27,47.71,3,2,1,0,2.5,5.66
10.81,47.04,3,4,1,1,3.5,6.43
8.62,26.24,1,1,1,0,1.0,10.2
11.42,28.18,1,4,1,1,2.5,10.31
6.54,27.44,3,2,1,0,2.5,10.18
4.73,40.98,3,2,1,0,2.5,2.28
5.77,21.08,1,4,1,0,2.5,11.4
12.15,44.59,2,4,1,1,3.0,1.22
13.94,23.16,1,1,1,1,1.0,8.51
8.15,25.38,3,4,1,0,3.5,17.09
6.86,44.74,1,2,1,0,1.5,7.97
3.77,36.25,3,1,1,0,2.0,14.96
4.65,47.24,3,1,1,0,2.0,10.02
3.01,10.58,1,1,1,0,1.0,11.89
9.6,16.58,1,1,1,0,1.0,5.42
7.41,21.42,1,2,1,0,1.5,6.53
10.14,36.2,2,4,1,1,3.0,9.87
6.88,36.22,2,2,1,0,2.0,16.52
2.74,46.6,2,4,1,0,3.0,4.88
11.98,18.38,2,4,1,1,3.0,-4.57
8.62,12.22,2,4,1,0,3.0,19.68
11.26,21.69,2,2,1,1,2.0,-8.8
12.96,31.75,3,1,1,1,2.0,7.49
5.67,24.09,1,1,1,0,1.0,-7.28
5.81,33.11,3,2,1,0,2.5,0.52
3.39,15.63,3,2,1,0,2.5,13.17
13.62,46.02,3,4,1,1,3.5,12.84
2.19,5.55,1,1,1,0,1.0,3.5
13.58,13.55,1,1,1,1,1.0,5.87
14.06,32.65,1,4,1,1,2.5,9.96
14.76,10.57,3,4,1,1,3.5,6.24
7.15,30.2,1,1,1,0,1.0,18.09
6.15,44.41,1,1,1,0,1.0,-5.62
2.49,49.22,3,2,1,0,2.5,7.77
5.79,18.97,3,4,1,0,3.5,-4.82
7.44,46.7,3,1,1,0,2.0,10.53
14.66,41.17,2,4,1,1,3.0,18.11
7.01,20.59,3,4,1,0,3.5,19.35
5.3,47.46,3,4,1,0,3.5,-2.59
14.66,35.93,1,2,1,1,1.5,-3.48
11.98,43.26,1,1,1,1,1.0,19.49
10.73,27.77,2,1,1,1,1.5,7.33
8.95,6.93,1,4,1,0,2.5,-9.92
10.37,5.52,1,2,1,1,1.5,-2.83
3.73,11.42,1,1,1,0,1.0,13.75
12.86,14.1,3,4,1,1,3.5,-6.99
13.91,26.83,3,2,1,1,2.5,2.75
8.5,29.85,3,2,1,0,2.5,17.85
9.19,11.44,3,4,1,0,3.5,6.52
4.87,22.05,1,4,1,0,2.5,18.19
4.99,21.71,2,1,1,0,1.5,7.78
13.34,23.49,2,4,1,1,3.0,15.7
10.34,40.25,1,4,1,1,2.5,10.71
3.96,22.9,2,4,1,0,3.0,6.22
10.28,14.23,2,4,1,1,3.0,-6.68
2.24,39.33,1,2,1,0,1.5,-8.44
5.42,6.66,2,2,1,0,2.0,13.78
12.63,31.14,1,1,1,1,1.0,-3.94
14.26,21.85,3,1,1,1,2.0,12.67
14.29,17.44,2,4,1,1,3.0,5.85
2.54,34.07,3,4,1,0,3.5,9.64
6.65,47.97,1,2,1,0,1.5,15.77
14.27,29.4,3,2,1,1,2.5,-3.13
5.6,26.59,2,2,1,0,2.0,16.47
10.68,30.79,1,1,1,1,1.0,0.89
10.35,35.33,3,4,1,1,3.5,-5.64
4.46,5.43,2,2,1,0,2.0,-7.3
8.5,8.6,1,2,1,0,1.5,12.22
14.03,17.21,3,4,1,1,3.5,10.48
5.16,43.69,2,1,1,0,1.5,4.7
9.73,33.22,2,2,1,0,2.0,-4.38
7.02,33.2,1,2,1,0,1.5,-8.89
7.83,36.25,1,4,1,0,2.5,8.87
10.91,34.27,2,1,1,1,1.5,7.65
8.16,26.16,1,4,1,0,2.5,0.73
14.45,23.03,1,4,1,1,2.5,14.91
8.96,42.84,3,1,1,0,2.0,-1.23
11.6,47.97,2,1,1,1,1.5,18.37
8.86,43.91,2,4,1,0,3.0,10.3
3.12,16.59,3,1,1,0,2.0,13.04
2.54,21.84,1,1,1,0,1.0,17.04
14.45,47.74,1,2,1,1,1.5,-1.7
10.69,19.41,2,2,1,1,2.0,-9.45
14.64,43.79,2,1,1,1,1.5,17.93
4.37,9.11,1,4,1,0,2.5,11.88
10.38,6.41,1,2,1,1,1.5,16.39
5.05,35.9,2,2,1,0,2.0,-9.03
7.84,5.74,2,2,1,0,2.0,2.65
4.75,43.24,3,4,1,0,3.5,-3.53
9.4,8.96,1,2,1,0,1.5,7.72
3.75,41.06,3,1,1,0,2.0,15.42
11.39,12.42,2,2,1,1,2.0,-8.81
9.86,17.91,1,2,1,0,1.5,5.08
5.24,36.18,1,1,1,0,1.0,-8.45
7.88,31.68,1,1,1,0,1.0,-5.37
6.08,30.51,1,4,1,0,2.5,2.85
10.05,7.01,1,2,1,1,1.5,4.18
11.68,19.93,1,2,1,1,1.5,7.75
3.64,25.4,2,4,1,0,3.0,17.27
5.98,26.95,1,2,1,0,1.5,5.8
9.71,19.12,1,4,1,0,2.5,-6.85
5.23,23.77,2,4,1,0,3.0,-4.94
12.7,8.85,1,1,1,1,1.0,8.92
8.57,23.71,2,1,1,0,1.5,0.71
2.59,22.61,3,1,1,0,2.0,8.92
13.61,28.2,1,1,1,1,1.0,10.83
5.5,23.09,3,1,1,0,2.0,7.73
3.57,40.58,3,2,1,0,2.5,-4.47
2.6,35.14,2,4,1,0,3.0,-9.2
10.82,28.66,2,1,1,1,1.5,13.24
5.22,9.11,2,2,1,0,2.0,-8.28
11.38,21.73,1,1,1,1,1.0,4.98
2.13,19.9,2,2,1,0,2.0,-3.88
5.89,15.79,2,1,1,0,1.5,19.56
8.97,36.02,3,2,1,0,2.5,-8.75
11.37,18.6,3,2,1,1,2.5,3.53
8.22,20.03,2,4,1,0,3.0,8.03
10.7,40.73,3,1,1,1,2.0,18.39
12.93,8.28,3,2,1,1,2.5,15.92
7.56,22.63,3,2,1,0,2.5,10.12
4.51,17.01,1,2,1,0,1.5,15.83
11.76,47.19,1,4,1,1,2.5,-9.92
6.37,39.29,3,2,1,0,2.5,1.09
10.91,27.93,2,1,1,1,1.5,5.48
9.22,10.51,3,1,1,0,2.0,-6.73
4.02,20.33,2,4,1,0,3.0,5.01
3.32,43.62,3,1,1,0,2.0,1.8
12.87,21.46,3,1,1,1,2.0,11.91
7.47,15.17,1,1,1,0,1.0,9.69
5.7,6.6,2,4,1,0,3.0,-2.76
12.54,10.01,1,2,1,1,1.5,16.7
10.15,20.47,3,1,1,1,2.0,12.8
4.52,44.97,3,4,1,0,3.5,-9.19
12.01,46.78,2,4,1,1,3.0,0.65
9.0,44.37,1,4,1,0,2.5,19.07
8.35,7.3,1,2,1,0,1.5,-9.04
8.36,16.72,2,2,1,0,2.0,7.73
13.17,21.47,1,2,1,1,1.5,18.6
4.44,18.46,1,4,1,0,2.5,16.62
2.42,40.29,3,4,1,0,3.5,1.21
12.57,42.89,3,4,1,1,3.5,-6.47
12.32,18.75,2,1,1,1,1.5,11.9
4.3,21.95,2,2,1,0,2.0,0.89
14.65,36.85,2,1,1,1,1.5,-7.99
2.46,14.59,1,2,1,0,1.5,16.13
9.35,32.79,1,2,1,0,1.5,10.53
5.6,14.55,3,2,1,0,2.5,15.15
7.47,19.82,2,4,1,0,3.0,-5.6
3.0,22.37,3,2,1,0,2.5,10.21
6.64,11.95,3,1,1,0,2.0,15.25
2.01,42.22,1,1,1,0,1.0,17.66
10.05,45.33,1,4,1,1,2.5,9.74
3.12,27.93,2,1,1,0,1.5,-4.37
4.21,12.67,2,4,1,0,3.0,13.78
11.15,23.05,2,4,1,1,3.0,12.02
11.6,44.18,1,2,1,1,1.5,4.54
3.06,48.63,1,4,1,0,2.5,-3.37
11.9,26.87,2,2,1,1,2.0,11.97
11.37,6.69,3,2,1,1,2.5,16.04
4.42,21.81,2,4,1,0,3.0,19.77
2.17,6.81,2,2,1,0,2.0,15.45
6.17,6.76,2,4,1,0,3.0,-7.84
7.31,15.11,2,2,1,0,2.0,17.92
11.12,16.6,1,4,1,1,2.5,12.32
9.33,24.33,3,4,1,0,3.5,19.95
11.26,15.39,2,4,1,1,3.0,-6.34
3.45,39.09,2,4,1,0,3.0,-4.57
3.33,36.93,3,1,1,0,2.0,7.56
4.86,41.27,3,4,1,0,3.5,6.92
5.74,12.04,3,4,1,0,3.5,4.56
2.46,35.61,1,2,1,0,1.5,0.91
6.39,35.11,1,2,1,0,1.5,14.08
3.82,14.34,1,1,1,0,1.0,11.4
7.85,13.84,2,2,1,0,2.0,11.19
6.27,40.54,1,2,1,0,1.5,19.83
7.69,20.63,3,1,1,0,2.0,-4.63
2.92,30.41,3,2,1,0,2.5,14.2
13.66,9.51,3,1,1,1,2.0,9.94
5.31,18.81,3,4,1,0,3.5,2.04
14.91,18.18,3,4,1,1,3.5,1.65
8.67,41.39,2,2,1,0,2.0,2.63
5.66,29.3,1,1,1,0,1.0,-9.78
2.65,45.65,3,1,1,0,2.0,14.83
4.02,10.88,3,2,1,0,2.5,12.02
6.16,22.83,1,4,1,0,2.5,-1.94
6.03,42.91,3,2,1,0,2.5,-9.24
3.84,31.56,2,4,1,0,3.0,-3.68
7.07,21.33,2,4,1,0,3.0,18.49
13.11,9.62,3,1,1,1,2.0,17.01
12.49,32.44,1,4,1,1,2.5,-7.12
12.0,9.07,2,1,1,1,1.5,-1.22
12.62,9.5,3,2,1,1,2.5,9.95
13.9,14.24,2,2,1,1,2.0,7.58
9.34,18.08,3,1,1,0,2.0,16.03
3.35,40.62,1,4,1,0,2.5,-0.57
3.07,26.46,2,1,1,0,1.5,11.87
2.09,7.18,2,1,1,0,1.5,18.43
12.52,49.01,2,4,1,1,3.0,19.43
3.75,30.31,2,2,1,0,2.0,1.4
4.05,37.28,2,4,1,0,3.0,2.48
5.09,39.66,3,2,1,0,2.5,-2.02
9.73,20.7,2,4,1,0,3.0,1.4
5.83,34.72,3,1,1,0,2.0,11.18
5.03,18.6,3,1,1,0,2.0,3.82
7.08,13.17,3,1,1,0,2.0,-0.43
13.53,11.06,3,1,1,1,2.0,10.5
4.83,10.82,1,4,1,0,2.5,8.54
10.54,49.34,3,2,1,1,2.5,2.05
11.99,49.07,3,4,1,1,3.5,-8.15
14.93,36.54,1,1,1,1,1.0,16.97
8.11,35.49,1,2,1,0,1.5,9.29
5.27,5.32,3,1,1,0,2.0,18.47
12.8,19.79,2,2,1,1,2.0,-5.97
11.88,29.13,1,4,1,1,2.5,12.23
8.9,46.58,3,4,1,0,3.5,-0.98
8.01,35.26,3,2,1,0,2.5,-5.87
5.4,22.36,2,4,1,0,3.0,1.7
12.42,15.34,1,1,1,1,1.0,-5.7
5.43,13.12,1,4,1,0,2.5,5.57
7.22,16.94,3,2,1,0,2.5,14.86
7.91,26.95,3,2,1,0,2.5,-8.08
13.85,33.03,3,4,1,1,3.5,15.01
9.95,35.26,2,2,1,0,2.0,-5.65
14.94,21.45,1,2,1,1,1.5,-6.16
13.35,23.46,1,4,1,1,2.5,-9.94
6.86,14.56,1,4,1,0,2.5,6.66
8.77,23.86,2,4,1,0,3.0,15.5
3.3,10.34,3,4,1,0,3.5,17.83
5.13,26.55,2,1,1,0,1.5,11.71
11.87,46.21,2,1,1,1,1.5,-5.51
8.07,18.31,1,1,1,0,1.0,3.22
12.22,23.19,2,2,1,1,2.0,2.07
8.33,45.25,3,4,1,0,3.5,10.8
6.3,6.75,3,2,1,0,2.5,-5.18
8.44,41.99,3,4,1,0,3.5,13.92
3.93,24.37,1,4,1,0,2.5,5.01
12.87,31.45,1,2,1,1,1.5,10.79
14.06,13.71,3,2,1,1,2.5,-5.08
6.96,14.17,1,2,1,0,1.5,16.43
12.41,28.21,3,2,1,1,2.5,4.59
7.64,40.29,3,1,1,0,2.0,4.24
13.41,6.59,3,2,1,1,2.5,6.44
11.5,5.12,2,1,1,1,1.5,-1.31
11.14,33.99,3,1,1,1,2.0,-1.16
9.33,22.87,3,1,1,0,2.0,9.91
14.07,16.27,2,2,1,1,2.0,-9.73
10.68,47.96,2,2,1,1,2.0,-3.41
5.89,20.13,2,1,1,0,1.5,9.93
10.6,41.78,2,1,1,1,1.5,-5.5
9.05,33.37,3,1,1,0,2.0,-0.42
12.44,38.09,3,4,1,1,3.5,-6.26
13.2,29.22,3,1,1,1,2.0,4.96
12.01,25.87,2,2,1,1,2.0,12.16
6.93,12.92,3,1,1,0,2.0,5.41
7.85,29.93,3,2,1,0,2.5,12.45
4.44,20.03,2,4,1,0,3.0,6.13
2.52,49.63,3,1,1,0,2.0,-6.09
7.89,31.3,2,2,1,0,2.0,5.42
10.94,6.18,2,1,1,1,1.5,0.52
14.92,7.92,1,4,1,1,2.5,-8.04
7.66,46.82,3,4,1,0,3.5,1.59
6.77,20.47,1,2,1,0,1.5,7.52
11.88,17.76,2,2,1,1,2.0,10.48
9.32,13.93,1,2,1,0,1.5,-1.06
9.57,31.38,1,2,1,0,1.5,3.98
8.12,47.45,3,4,1,0,3.5,-6.84
9.16,30.67,3,2,1,0,2.5,-7.75
7.34,39.32,3,1,1,0,2.0,-5.94
11.51,6.73,1,4,1,1,2.5,1.79
12.48,29.25,2,4,1,1,3.0,8.56
12.47,43.72,1,2,1,1,1.5,13.27
3.1,8.69,2,2,1,0,2.0,13.91
3.39,35.04,3,4,1,0,3.5,13.24
5.93,41.81,1,4,1,0,2.5,1.26
7.29,11.5,3,1,1,0,2.0,-6.17
7.16,21.14,3,4,1,0,3.5,17.09
6.38,16.34,3,1,1,0,2.0,9.68
12.13,48.45,3,1,1,1,2.0,-9.45
10.63,26.66,3,1,1,1,2.0,1.32
10.77,18.5,3,2,1,1,2.5,10.77
4.92,22.83,2,4,1,0,3.0,17.95
10.23,12.87,2,1,1,1,1.5,19.56
13.46,25.41,1,1,1,1,1.0,-8.06
2.24,30.38,3,4,1,0,3.5,3.59
3.34,47.37,2,2,1,0,2.0,7.66
11.0,20.92,2,1,1,1,1.5,13.56
2.42,12.49,3,1,1,0,2.0,5.93
3.4,47.22,2,4,1,0,3.0,5.58
9.23,14.46,3,4,1,0,3.5,16.81
5.61,16.17,2,2,1,0,2.0,-2.19
6.62,47.55,3,2,1,0,2.5,2.51
6.45,15.18,1,4,1,0,2.5,-4.92
10.91,30.15,1,4,1,1,2.5,10.86
7.53,22.26,2,2,1,0,2.0,3.92
8.53,16.71,3,4,1,0,3.5,10.02
10.55,25.23,2,2,1,1,2.0,19.98
5.74,20.74,1,4,1,0,2.5,0.94
11.91,22.97,1,2,1,1,1.5,-4.26
9.56,9.81,1,4,1,0,2.5,4.42
5.79,34.68,2,1,1,0,1.5,19.74
4.11,45.26,3,4,1,0,3.5,7.97
10.25,35.83,1,4,1,1,2.5,16.63
8.9,19.66,1,4,1,0,2.5,5.31
8.51,44.74,2,4,1,0,3.0,-3.71
14.87,17.15,1,1,1,1,1.0,0.15
5.16,49.68,1,4,1,0,2.5,-8.95
6.01,5.68,2,2,1,0,2.0,11.67
6.06,38.16,1,2,1,0,1.5,11.09
12.77,33.25,1,4,1,1,2.5,17.99
14.43,40.07,2,1,1,1,1.5,-8.1
7.05,5.55,2,2,1,0,2.0,14.47
10.62,10.41,1,4,1,1,2.5,11.66
11.02,28.68,2,4,1,1,3.0,8.73
8.34,18.54,1,4,1,0,2.5,11.28
13.75,28.26,3,2,1,1,2.5,11.79
9.56,41.07,2,4,1,0,3.0,13.64
12.44,18.4,1,4,1,1,2.5,15.77
14.09,44.23,1,1,1,1,1.0,8.61
5.17,11.19,2,2,1,0,2.0,-6.8
14.08,27.2,3,1,1,1,2.0,-2.17
4.58,12.14,3,1,1,0,2.0,17.02
10.89,40.8,3,4,1,1,3.5,-9.65
2.53,7.47,2,2,1,0,2.0,15.62
10.66,16.16,3,2,1,1,2.5,-2.56
3.86,40.29,2,1,1,0,1.5,4.2
5.0,20.83,1,2,1,0,1.5,11.42
3.57,9.43,1,2,1,0,1.5,16.22
5.77,37.25,2,1,1,0,1.5,8.52
6.04,25.1,3,1,1,0,2.0,1.33
6.57,26.51,2,1,1,0,1.5,3.82
8.08,9.82,1,4,1,0,2.5,17.11
6.12,11.98,3,2,1,0,2.5,11.85
6.83,29.88,3,4,1,0,3.5,15.19
5.98,28.29,1,4,1,0,2.5,15.18
8.42,44.48,3,4,1,0,3.5,2.76
11.08,18.58,2,4,1,1,3.0,16.17
7.51,9.53,1,1,1,0,1.0,0.89
3.69,26.71,1,4,1,0,2.5,-2.53
14.51,9.47,2,2,1,1,2.0,6.68
3.62,11.3,3,4,1,0,3.5,6.22
10.15,13.1,3,4,1,1,3.5,-1.42
7.84,8.76,2,2,1,0,2.0,-2.43
4.18,39.17,1,2,1,0,1.5,1.27
6.36,36.15,2,2,1,0,2.0,9.75
6.1,7.85,2,4,1,0,3.0,10.28
10.48,29.84,2,1,1,1,1.5,12.82
10.52,40.33,1,2,1,1,1.5,0.65
7.72,12.9,1,4,1,0,2.5,4.03
13.57,31.95,2,4,1,1,3.0,7.66
4.21,28.22,3,1,1,0,2.0,-1.65
13.95,38.93,2,1,1,1,1.5,-4.04
5.51,20.98,1,2,1,0,1.5,5.1
14.73,38.64,3,1,1,1,2.0,1.46
10.39,44.0,3,2,1,1,2.5,-2.03
11.09,8.06,1,2,1,1,1.5,-2.22
6.41,16.66,3,1,1,0,2.0,19.58
12.09,7.38,3,4,1,1,3.5,13.15
10.87,8.1,3,2,1,1,2.5,-1.56
2.33,49.65,2,2,1,0,2.0,4.81
2.41,23.49,1,1,1,0,1.0,0.39
3.72,32.12,3,1,1,0,2.0,10.05
14.69,14.21,1,4,1,1,2.5,-5.7
9.63,18.82,2,1,1,0,1.5,1.42
11.85,8.63,1,2,1,1,1.5,0.57
6.03,36.76,2,2,1,0,2.0,3.63
14.96,20.26,3,4,1,1,3.5,3.62
14.06,5.65,2,2,1,1,2.0,10.09
4.06,11.2,3,2,1,0,2.5,17.8
14.07,19.44,2,1,1,1,1.5,-9.54
13.26,13.91,2,4,1,1,3.0,7.75
10.15,31.55,3,2,1,1,2.5,2.16
4.77,37.87,3,1,1,0,2.0,15.79
14.95,48.0,3,1,1,1,2.0,17.55
9.21,22.8,2,2,1,0,2.0,11.55
12.38,44.21,1,2,1,1,1.5,-2.72
11.9,22.24,1,1,1,1,1.0,5.07
6.35,41.58,1,4,1,0,2.5,-9.93
7.09,6.54,1,1,1,0,1.0,15.04
13.57,6.22,1,1,1,1,1.0,19.47
9.88,31.06,3,1,1,0,2.0,18.7
5.5,43.62,1,1,1,0,1.0,-7.23
13.05,29.49,1,2,1,1,1.5,-5.42
2.19,29.18,3,4,1,0,3.5,-3.53
2.35,35.39,3,4,1,0,3.5,8.23
11.54,32.31,1,2,1,1,1.5,12.81
9.53,25.79,2,4,1,0,3.0,-6.34
13.3,48.21,2,2,1,1,2.0,8.06
3.84,9.4,2,2,1,0,2.0,10.24
12.47,7.23,2,4,1,1,3.0,7.65
7.26,19.95,3,1,1,0,2.0,12.01
13.94,29.59,1,2,1,1,1.5,14.21
2.42,21.05,3,1,1,0,2.0,0.69
10.69,11.7,1,4,1,1,2.5,-0.09
4.59,18.64,1,1,1,0,1.0,8.62
2.64,7.71,2,1,1,0,1.5,-3.91
12.87,33.24,2,4,1,1,3.0,1.21
10.39,18.04,2,2,1,1,2.0,16.64
13.05,36.18,3,2,1,1,2.5,6.18
9.91,15.9,1,2,1,0,1.5,0.78
6.97,16.56,3,1,1,0,2.0,-5.27
12.86,15.45,2,1,1,1,1.5,-2.27
11.43,37.74,2,4,1,1,3.0,2.71
8.48,39.28,1,1,1,0,1.0,19.6
2.84,29.34,3,2,1,0,2.5,18.84
14.39,36.28,3,4,1,1,3.5,12.27
5.09,18.98,3,4,1,0,3.5,-8.81
14.25,32.92,2,1,1,1,1.5,18.32
4.08,15.17,3,1,1,0,2.0,17.62
4.1,31.97,1,2,1,0,1.5,-2.95
5.58,30.55,2,4,1,0,3.0,17.14
7.24,32.78,2,4,1,0,3.0,14.35
12.76,6.32,2,4,1,1,3.0,6.46
4.83,44.51,3,4,1,0,3.5,6.73
5.03,20.92,1,1,1,0,1.0,0.21
2.45,40.73,1,4,1,0,2.5,0.57
12.53,27.72,3,4,1,1,3.5,17.86
11.59,9.23,2,4,1,1,3.0,3.44
5.75,32.98,3,2,1,0,2.5,10.71
14.28,15.96,3,4,1,1,3.5,8.59
3.39,8.74,2,4,1,0,3.0,10.25
11.39,41.68,3,1,1,1,2.0,9.0
7.24,27.31,1,1,1,0,1.0,19.19
13.63,20.96,2,4,1,1,3.0,-7.62
13.04,29.39,3,1,1,1,2.0,17.12
9.69,15.78,3,1,1,0,2.0,7.47
9.7,46.33,1,2,1,0,1.5,14.83
14.6,11.25,3,1,1,1,2.0,15.39
6.02,40.69,3,2,1,0,2.5,19.65
13.27,37.38,2,4,1,1,3.0,4.09
2.25,9.55,2,1,1,0,1.5,3.49
3.74,47.04,3,1,1,0,2.0,10.99
6.39,21.47,2,4,1,0,3.0,-4.66
7.14,13.85,3,4,1,0,3.5,-6.59
3.12,7.07,3,2,1,0,2.5,18.74
7.66,27.78,1,2,1,0,1.5,4.46
12.17,34.13,3,1,1,1,2.0,9.77
14.77,15.51,1,1,1,1,1.0,16.6
8.59,17.29,2,4,1,0,3.0,-3.58
9.07,18.04,2,2,1,0,2.0,-0.02
7.02,28.31,3,2,1,0,2.5,-0.97
5.42,36.56,3,4,1,0,3.5,-5.85
8.34,9.36,2,4,1,0,3.0,9.45
3.45,33.34,1,2,1,0,1.5,12.67
5.9,43.76,2,4,1,0,3.0,0.89
3.23,40.29,1,1,1,0,1.0,10.21
3.34,30.88,2,4,1,0,3.0,6.83
5.5,9.24,3,1,1,0,2.0,17.18
8.41,12.4,2,1,1,0,1.5,6.95
12.83,38.64,2,1,1,1,1.5,15.32
12.77,34.16,2,4,1,1,3.0,15.43
4.56,43.65,3,2,1,0,2.5,14.25
13.45,24.24,1,4,1,1,2.5,7.29
14.0,48.22,1,4,1,1,2.5,17.59
11.55,10.72,2,4,1,1,3.0,-9.35
2.23,35.13,1,4,1,0,2.5,-8.21
14.9,9.04,2,2,1,1,2.0,-5.53
14.28,9.8,1,2,1,1,1.5,-3.86
3.98,6.55,1,2,1,0,1.5,11.91
11.89,36.88,3,1,1,1,2.0,5.08
7.98,7.23,3,2,1,0,2.5,2.24
3.64,39.65,3,2,1,0,2.5,6.88
14.89,12.14,3,4,1,1,3.5,17.12
6.45,39.86,2,2,1,0,2.0,12.41
13.38,47.06,1,1,1,1,1.0,10.25
3.02,25.39,1,2,1,0,1.5,-0.46
2.79,7.39,2,2,1,0,2.0,11.46
10.44,24.61,2,4,1,1,3.0,0.94
14.37,36.73,1,2,1,1,1.5,15.08
10.97,39.44,2,2,1,1,2.0,7.65
13.06,22.99,2,1,1,1,1.5,-7.0
5.56,26.19,2,4,1,0,3.0,-1.4
3.96,8.25,1,2,1,0,1.5,15.98
7.18,8.92,1,4,1,0,2.5,19.03
12.07,26.89,3,2,1,1,2.5,10.31
13.11,34.32,1,1,1,1,1.0,-9.4
5.88,42.81,1,1,1,0,1.0,-8.68
8.59,21.46,3,4,1,0,3.5,-3.75
5.63,30.26,2,2,1,0,2.0,1.92
2.53,45.91,2,1,1,0,1.5,11.09
4.83,30.89,3,1,1,0,2.0,18.84
3.2,35.29,2,1,1,0,1.5,-9.88
3.99,11.31,1,4,1,0,2.5,6.41
13.51,33.77,2,2,1,1,2.0,6.78
12.84,35.0,3,1,1,1,2.0,-5.17
12.21,40.19,3,2,1,1,2.5,-1.01
10.48,31.93,1,4,1,1,2.5,10.5
14.94,7.23,1,1,1,1,1.0,1.03
14.36,6.0,3,1,1,1,2.0,0.34
7.1,31.98,3,2,1,0,2.5,14.95
8.98,38.35,1,1,1,0,1.0,1.18
7.85,15.78,2,1,1,0,1.5,-5.8
13.55,27.45,2,1,1,1,1.5,8.07
4.05,48.99,3,4,1,0,3.5,6.92
3.09,49.22,1,2,1,0,1.5,12.47
6.18,46.41,2,1,1,0,1.5,15.62
11.91,12.11,3,1,1,1,2.0,19.56
13.71,38.96,2,1,1,1,1.5,11.34
9.51,14.78,1,1,1,0,1.0,6.86
11.47,38.22,1,2,1,1,1.5,18.33
13.53,19.44,2,4,1,1,3.0,16.37
12.06,34.49,3,2,1,1,2.5,2.76
2.41,41.46,1,4,1,0,2.5,2.08
12.5,28.47,3,4,1,1,3.5,16.21
13.76,7.54,1,2,1,1,1.5,10.44
11.07,43.69,1,2,1,1,1.5,0.37
7.3,39.28,1,2,1,0,1.5,2.51
10.94,28.93,1,4,1,1,2.5,-5.53
13.44,13.3,1,2,1,1,1.5,-9.76
5.79,31.43,1,1,1,0,1.0,-6.12
3.34,13.23,3,2,1,0,2.5,15.07
7.29,42.36,2,1,1,0,1.5,15.08
13.82,12.23,2,2,1,1,2.0,-7.51
14.05,5.78,3,1,1,1,2.0,-2.31
5.71,25.75,2,4,1,0,3.0,-5.54
6.07,46.06,1,4,1,0,2.5,19.17
12.48,41.76,3,2,1,1,2.5,13.13
9.57,43.24,1,2,1,0,1.5,9.54
10.24,44.37,3,4,1,1,3.5,15.47
14.28,34.41,2,1,1,1,1.5,16.15
11.14,11.08,3,1,1,1,2.0,14.92
11.38,6.18,3,2,1,1,2.5,-6.66
13.16,16.8,3,4,1,1,3.5,-3.62
14.94,20.26,1,1,1,1,1.0,14.33
3.33,47.12,2,2,1,0,2.0,8.1
11.0,26.42,3,4,1,1,3.5,-2.18
11.96,42.92,3,4,1,1,3.5,-1.32
5.41,43.55,1,1,1,0,1.0,14.61
10.67,9.56,1,4,1,1,2.5,-9.43
10.97,47.69,2,2,1,1,2.0,19.25
2.3,29.56,3,2,1,0,2.5,6.69
12.21,48.22,2,4,1,1,3.0,14.08
12.33,10.64,1,1,1,1,1.0,-7.79
12.83,42.88,1,2,1,1,1.5,19.3
13.28,28.49,1,1,1,1,1.0,2.12
3.57,7.46,1,4,1,0,2.5,11.85
8.47,21.98,1,2,1,0,1.5,11.6
9.96,6.27,3,2,1,0,2.5,10.05
14.89,16.53,1,4,1,1,2.5,-1.47
13.66,46.51,3,1,1,1,2.0,11.62
14.71,29.04,1,1,1,1,1.0,6.65
3.92,25.63,1,2,1,0,1.5,-1.35
12.95,11.37,1,4,1,1,2.5,-0.43
5.28,32.43,2,1,1,0,1.5,4.3
2.59,14.73,3,4,1,0,3.5,5.63
3.81,12.84,2,1,1,0,1.5,2.15
6.45,48.3,2,2,1,0,2.0,16.83
5.85,30.09,1,2,1,0,1.5,18.81
9.29,41.87,1,2,1,0,1.5,15.95
2.11,7.03,2,2,1,0,2.0,-8.31
10.39,45.71,3,1,1,1,2.0,-2.11
6.56,21.61,3,4,1,0,3.5,18.11
6.22,12.63,2,2,1,0,2.0,15.76
2.51,6.44,1,2,1,0,1.5,12.11
14.95,22.14,1,4,1,1,2.5,-0.79
7.72,47.68,1,2,1,0,1.5,12.46
12.47,8.89,3,2,1,1,2.5,12.12
7.87,33.53,1,1,1,0,1.0,9.54
7.17,16.0,1,2,1,0,1.5,6.29
3.47,46.79,3,1,1,0,2.0,16.59
13.54,28.89,1,2,1,1,1.5,1.34
7.09,40.18,1,2,1,0,1.5,5.77
8.2,15.99,1,2,1,0,1.5,-0.18
5.04,44.89,3,2,1,0,2.5,8.05
3.71,48.35,1,4,1,0,2.5,9.18
3.49,13.96,2,1,1,0,1.5,-5.41
7.33,18.9,1,4,1,0,2.5,0.85
2.2,47.78,3,4,1,0,3.5,1.88
9.76,36.28,2,1,1,0,1.5,19.26
10.17,41.13,2,1,1,1,1.5,16.55
4.56,47.01,3,2,1,0,2.5,8.71
3.7,49.35,3,1,1,0,2.0,-4.4
12.85,46.45,1,4,1,1,2.5,-8.48
12.57,24.75,2,2,1,1,2.0,-5.16
14.57,31.35,2,1,1,1,1.5,4.59
7.79,37.58,1,2,1,0,1.5,15.41
10.67,5.52,1,1,1,1,1.0,-0.96
6.98,44.03,3,4,1,0,3.5,8.83
7.74,48.34,3,2,1,0,2.5,18.94
12.89,6.25,2,1,1,1,1.5,1.22
2.61,20.26,1,4,1,0,2.5,8.65
5.19,24.45,1,4,1,0,2.5,14.91
7.85,25.33,2,2,1,0,2.0,10.86
9.56,30.49,1,4,1,0,2.5,10.42
8.4,6.44,1,1,1,0,1.0,-7.78
11.85,31.13,1,1,1,1,1.0,15.3
9.43,22.95,3,1,1,0,2.0,-3.18
2.43,16.68,1,1,1,0,1.0,-1.52
3.11,5.57,3,2,1,0,2.5,16.32
7.8,46.77,1,1,1,0,1.0,3.38
6.07,9.54,3,4,1,0,3.5,6.35
12.51,43.3,2,1,1,1,1.5,0.05
11.82,38.64,3,1,1,1,2.0,14.47
9.45,35.78,3,2,1,0,2.5,15.49
7.21,6.39,1,4,1,0,2.5,3.38
5.32,33.46,3,1,1,0,2.0,-2.23
5.75,13.22,1,4,1,0,2.5,7.85
6.32,11.38,2,4,1,0,3.0,9.4
11.49,36.4,1,1,1,1,1.0,-1.17
13.99,8.33,2,2,1,1,2.0,-3.22
4.35,19.16,1,4,1,0,2.5,-7.17
11.78,29.41,3,4,1,1,3.5,-4.49
14.47,14.49,2,1,1,1,1.5,14.51
13.14,42.4,3,4,1,1,3.5,12.6
11.9,48.78,2,2,1,1,2.0,18.98
10.68,45.97,1,2,1,1,1.5,19.44
9.9,34.05,2,4,1,0,3.0,-0.75
6.17,16.59,2,1,1,0,1.5,10.58
6.88,20.46,2,1,1,0,1.5,3.95
7.38,24.93,1,2,1,0,1.5,4.37
2.8,48.9,1,4,1,0,2.5,12.3
12.99,43.37,3,2,1,1,2.5,-6.49
8.99,31.17,2,1,1,0,1.5,12.92
3.77,48.07,3,1,1,0,2.0,-8.59
14.33,24.62,2,1,1,1,1.5,-0.88
2.1,49.19,3,4,1,0,3.5,10.02
11.78,25.71,3,2,1,1,2.5,7.89
4.98,16.63,2,2,1,0,2.0,13.17
8.45,13.04,3,4,1,0,3.5,-9.64
2.35,32.05,2,4,1,0,3.0,5.6
6.83,7.29,1,2,1,0,1.5,7.51
5.83,7.24,2,1,1,0,1.5,6.37
3.21,48.06,1,1,1,0,1.0,-5.15
2.31,49.56,2,4,1,0,3.0,11.79
5.62,42.23,3,4,1,0,3.5,12.98
6.26,35.53,1,2,1,0,1.5,6.99
12.55,45.24,3,2,1,1,2.5,-0.24
10.54,23.04,2,1,1,1,1.5,14.79
6.56,23.97,3,1,1,0,2.0,3.26
2.47,25.68,2,1,1,0,1.5,19.82
12.25,22.41,2,2,1,1,2.0,1.14
12.91,10.78,3,2,1,1,2.5,19.2
5.26,31.7,1,4,1,0,2.5,7.57
13.5,17.09,1,1,1,1,1.0,8.22
4.7,16.06,3,4,1,0,3.5,15.57
11.83,10.82,3,4,1,1,3.5,-4.07
12.58,39.47,3,1,1,1,2.0,17.87
4.92,40.7,2,4,1,0,3.0,-5.18
11.16,23.75,3,1,1,1,2.0,17.13
5.53,32.65,3,4,1,0,3.5,11.75
14.13,42.91,1,1,1,1,1.0,-5.34
6.39,34.1,1,1,1,0,1.0,16.53
13.62,35.24,1,2,1,1,1.5,-7.27
4.36,36.03,2,1,1,0,1.5,-9.14
8.28,38.64,3,2,1,0,2.5,18.22
3.73,19.62,2,2,1,0,2.0,-1.74
9.95,8.44,3,2,1,0,2.5,16.23
12.91,49.0,1,2,1,1,1.5,2.9
5.02,13.2,1,4,1,0,2.5,6.92
14.29,14.54,1,2,1,1,1.5,11.22
8.95,25.56,1,2,1,0,1.5,17.73
7.38,16.16,1,2,1,0,1.5,11.66
11.66,48.94,1,4,1,1,2.5,0.31
2.55,48.95,2,4,1,0,3.0,-0.93
14.81,48.06,1,2,1,1,1.5,19.38
2.43,12.16,3,4,1,0,3.5,3.98
12.38,48.79,3,2,1,1,2.5,16.97
11.82,15.79,1,2,1,1,1.5,7.42
6.29,27.62,1,4,1,0,2.5,9.42
4.26,20.02,3,1,1,0,2.0,15.52
9.7,7.18,2,1,1,0,1.5,4.73
10.98,24.73,1,2,1,1,1.5,11.55
3.1,10.03,2,1,1,0,1.5,7.02
6.21,28.44,3,4,1,0,3.5,3.35
12.22,17.03,1,2,1,1,1.5,7.98
3.9,46.53,3,1,1,0,2.0,9.18
10.37,34.73,2,4,1,1,3.0,19.07
5.53,18.87,1,2,1,0,1.5,1.97
12.12,15.07,3,2,1,1,2.5,18.56
4.36,49.69,1,2,1,0,1.5,-3.24
12.01,38.77,2,4,1,1,3.0,-5.16
10.13,26.42,2,1,1,1,1.5,4.0
8.76,49.52,2,1,1,0,1.5,-5.38
4.09,39.83,3,2,1,0,2.5,-10.0
4.45,19.01,3,2,1,0,2.5,15.1
10.52,37.65,2,1,1,1,1.5,-0.4
14.92,20.28,2,2,1,1,2.0,12.56
9.18,31.72,1,4,1,0,2.5,11.05
12.12,8.27,1,1,1,1,1.0,7.0
6.2,16.68,2,2,1,0,2.0,18.26
6.67,30.09,1,1,1,0,1.0,4.83
3.57,43.38,2,2,1,0,2.0,-2.28
13.42,26.14,3,1,1,1,2.0,13.74
13.53,5.04,3,2,1,1,2.5,3.28
10.33,32.64,3,1,1,1,2.0,16.55
5.48,13.82,2,1,1,0,1.5,-4.05
8.07,12.65,2,1,1,0,1.5,13.4
13.67,41.5,2,1,1,1,1.5,7.35
3.63,6.07,2,2,1,0,2.0,-5.97
2.97,48.62,3,2,1,0,2.5,13.87
2.55,16.48,1,2,1,0,1.5,-1.41
11.19,37.52,3,1,1,1,2.0,15.91
7.9,30.31,2,1,1,0,1.5,17.0
5.65,5.45,3,2,1,0,2.5,10.87
3.52,24.13,3,2,1,0,2.5,15.0
2.59,42.19,1,2,1,0,1.5,13.95
14.51,29.31,1,4,1,1,2.5,-6.41
2.57,48.79,1,4,1,0,2.5,0.84
7.8,17.87,2,1,1,0,1.5,-4.45
14.97,10.36,1,4,1,1,2.5,-1.21
2.3,10.66,3,4,1,0,3.5,12.1
10.78,40.65,3,1,1,1,2.0,-3.33
9.46,9.15,1,4,1,0,2.5,13.78
13.87,41.74,2,2,1,1,2.0,7.69
3.76,35.48,1,1,1,0,1.0,7.04
6.94,7.61,2,1,1,0,1.5,19.8
11.49,12.09,2,1,1,1,1.5,-6.91
12.61,19.28,3,4,1,1,3.5,1.9
3.93,13.29,1,4,1,0,2.5,15.59
4.99,24.76,2,2,1,0,2.0,6.77
5.11,39.78,3,1,1,0,2.0,16.67
6.25,41.36,1,4,1,0,2.5,11.66
7.93,30.42,1,2,1,0,1.5,2.99
12.3,14.62,3,2,1,1,2.5,19.97
5.34,47.91,1,4,1,0,2.5,10.63
9.9,12.82,3,1,1,0,2.0,2.48
3.17,15.03,3,1,1,0,2.0,4.63
4.8,14.76,1,1,1,0,1.0,10.95
11.62,27.8,1,1,1,1,1.0,-6.44
8.69,32.86,2,2,1,0,2.0,-1.06
11.14,45.07,1,1,1,1,1.0,16.3
12.95,18.22,2,2,1,1,2.0,13.27
5.81,38.94,3,4,1,0,3.5,10.87
5.53,46.45,2,1,1,0,1.5,1.16
7.08,43.41,1,1,1,0,1.0,15.02
6.28,46.95,3,2,1,0,2.5,18.44
7.06,5.28,2,4,1,0,3.0,11.15
12.68,43.72,1,1,1,1,1.0,10.27
14.75,37.98,2,4,1,1,3.0,11.94
10.08,21.2,1,4,1,1,2.5,-9.6
2.69,29.75,2,4,1,0,3.0,6.42
8.23,10.07,2,4,1,0,3.0,7.67
12.65,32.66,3,4,1,1,3.5,0.29
12.54,32.17,2,2,1,1,2.0,5.59
2.94,11.94,1,2,1,0,1.5,3.48
2.19,10.51,3,2,1,0,2.5,8.53
10.38,15.39,2,4,1,1,3.0,-5.63
4.72,17.84,1,2,1,0,1.5,8.28
2.48,17.55,1,4,1,0,2.5,19.55
8.85,5.87,3,2,1,0,2.5,2.43
9.31,14.74,1,4,1,0,2.5,11.96
4.04,9.02,3,4,1,0,3.5,-4.34
2.59,36.1,3,1,1,0,2.0,-4.91
11.88,30.59,2,4,1,1,3.0,-2.13
6.89,15.75,3,4,1,0,3.5,14.16
2.99,13.9,1,2,1,0,1.5,-4.5
6.88,28.96,2,2,1,0,2.0,12.0
7.91,6.94,1,1,1,0,1.0,9.66
6.59,46.24,2,2,1,0,2.0,3.6
13.56,26.77,1,4,1,1,2.5,7.64
12.96,5.06,3,1,1,1,2.0,12.4
8.43,20.01,1,1,1,0,1.0,-2.51
5.58,25.17,1,2,1,0,1.5,0.63
2.59,13.73,3,2,1,0,2.5,14.59
4.2,44.25,2,2,1,0,2.0,5.16
7.99,39.78,1,1,1,0,1.0,14.98
6.59,11.05,1,2,1,0,1.5,-1.21
14.41,26.33,2,2,1,1,2.0,1.47
8.97,16.99,1,1,1,0,1.0,-0.14
9.1,8.59,3,4,1,0,3.5,14.04
7.47,37.0,1,2,1,0,1.5,8.54
5.7,42.74,2,1,1,0,1.5,-5.71
8.63,18.25,3,2,1,0,2.5,-4.69
2.85,34.99,2,1,1,0,1.5,11.53
12.45,25.77,1,2,1,1,1.5,4.57
14.74,35.73,2,4,1,1,3.0,-8.49
3.32,45.9,1,2,1,0,1.5,9.33
13.6,41.72,3,1,1,1,2.0,-4.61
13.89,49.78,1,2,1,1,1.5,1.94
14.09,43.55,3,1,1,1,2.0,3.72
13.55,29.75,1,2,1,1,1.5,3.92
4.05,33.22,1,4,1,0,2.5,-3.84
4.63,11.05,2,2,1,0,2.0,13.83
13.76,24.63,1,2,1,1,1.5,-1.63
13.1,22.09,2,1,1,1,1.5,1.84
8.31,49.98,3,4,1,0,3.5,-6.0
8.51,6.47,1,2,1,0,1.5,-7.43
7.26,5.19,1,2,1,0,1.5,3.73
11.62,13.65,3,1,1,1,2.0,9.8
14.49,22.73,1,2,1,1,1.5,8.32
10.95,27.52,3,4,1,1,3.5,-3.27
10.01,10.95,1,2,1,1,1.5,18.09
12.3,26.99,1,1,1,1,1.0,-7.23
2.37,41.13,3,4,1,0,3.5,-0.02
6.51,33.67,1,4,1,0,2.5,16.55
13.6,20.77,1,4,1,1,2.5,-5.45
8.39,8.29,1,1,1,0,1.0,-4.75
3.13,40.69,1,1,1,0,1.0,8.92
9.24,11.57,3,4,1,0,3.5,17.0
12.17,35.49,3,2,1,1,2.5,4.5
13.64,43.67,1,1,1,1,1.0,18.36
8.84,30.42,3,2,1,0,2.5,15.22
8.53,42.03,3,1,1,0,2.0,10.17
12.78,13.4,2,1,1,1,1.5,6.23
10.51,37.51,3,2,1,1,2.5,0.69
5.85,30.56,2,4,1,0,3.0,0.54
12.37,29.99,3,1,1,1,2.0,16.54
5.27,37.88,1,1,1,0,1.0,-9.02
5.43,40.2,2,1,1,0,1.5,-1.85
13.59,27.99,1,4,1,1,2.5,16.44
7.94,28.48,2,4,1,0,3.0,0.31
9.92,39.6,3,2,1,0,2.5,14.3
9.12,38.09,2,4,1,0,3.0,4.92
13.36,5.31,1,2,1,1,1.5,-4.8
11.65,15.64,2,4,1,1,3.0,7.93
3.27,29.03,3,2,1,0,2.5,10.13
3.21,32.5,1,4,1,0,2.5,13.56
2.13,24.28,2,1,1,0,1.5,10.54
2.4,24.06,2,2,1,0,2.0,17.68
5.21,11.1,1,4,1,0,2.5,8.14
13.19,49.33,2,2,1,1,2.0,2.16
14.15,21.61,1,2,1,1,1.5,-7.46
14.02,13.62,2,2,1,1,2.0,0.78
7.47,31.11,3,2,1,0,2.5,18.76
9.79,27.82,1,4,1,0,2.5,-2.15
10.88,23.46,2,2,1,1,2.0,17.77
2.35,26.44,1,1,1,0,1.0,6.82
3.15,26.86,2,4,1,0,3.0,0.62
8.88,11.74,1,2,1,0,1.5,15.37
2.12,26.98,3,1,1,0,2.0,-3.88
14.1,25.0,2,1,1,1,1.5,-3.22
8.51,37.97,2,2,1,0,2.0,16.24
13.22,14.19,3,1,1,1,2.0,11.66
8.11,23.03,3,2,1,0,2.5,0.23
8.34,39.96,1,4,1,0,2.5,9.7
7.38,36.93,1,2,1,0,1.5,6.96
3.47,31.22,2,4,1,0,3.0,8.52
4.06,25.64,3,2,1,0,2.5,14.89
5.94,29.8,2,1,1,0,1.5,-7.69
6.85,7.96,1,1,1,0,1.0,-6.69
4.15,8.89,1,1,1,0,1.0,-7.07
14.47,20.33,1,4,1,1,2.5,6.46
10.7,46.38,3,4,1,1,3.5,-7.62
9.28,19.33,3,1,1,0,2.0,5.05
12.84,21.96,2,1,1,1,1.5,-3.67
7.32,28.52,3,1,1,0,2.0,14.84
7.06,35.61,1,1,1,0,1.0,11.6
3.92,30.84,2,2,1,0,2.0,-1.48
3.8,8.12,2,4,1,0,3.0,13.27
4.78,10.1,2,1,1,0,1.5,11.66
2.99,42.05,1,2,1,0,1.5,17.25
7.36,20.42,3,1,1,0,2.0,-0.97
14.07,49.35,3,1,1,1,2.0,8.34
7.6,48.52,2,4,1,0,3.0,8.87
8.91,47.1,3,1,1,0,2.0,-5.47
12.07,35.05,1,2,1,1,1.5,-0.95
11.95,21.32,1,2,1,1,1.5,1.07
2.68,38.68,3,1,1,0,2.0,12.84
6.48,47.55,2,2,1,0,2.0,8.64
6.49,17.25,3,1,1,0,2.0,10.94
13.79,17.6,1,4,1,1,2.5,-0.83
2.0,37.2,3,1,1,0,2.0,-8.93
12.97,18.51,1,1,1,1,1.0,19.56
9.68,30.64,3,1,1,0,2.0,5.78
2.23,10.04,1,2,1,0,1.5,1.77
3.96,27.41,1,2,1,0,1.5,7.04
6.49,30.77,1,1,1,0,1.0,-3.47
8.07,10.93,3,1,1,0,2.0,2.75
3.31,49.6,2,1,1,0,1.5,3.51
11.69,41.95,1,2,1,1,1.5,-9.71
10.34,34.57,3,1,1,1,2.0,6.67
8.98,47.15,3,4,1,0,3.5,-4.6
7.63,21.67,3,1,1,0,2.0,16.7
14.85,39.5,3,4,1,1,3.5,3.4
7.95,12.85,1,2,1,0,1.5,16.43
6.56,25.94,2,2,1,0,2.0,8.57
10.32,25.83,2,4,1,1,3.0,2.95
8.97,36.77,2,1,1,0,1.5,17.72
5.73,38.15,2,1,1,0,1.5,-9.22
7.1,42.21,1,2,1,0,1.5,-2.74
3.31,26.81,3,4,1,0,3.5,8.42
3.66,32.86,2,2,1,0,2.0,7.15
6.47,35.09,1,1,1,0,1.0,1.95
9.67,23.84,3,1,1,0,2.0,5.38
4.74,47.02,3,1,1,0,2.0,12.67
6.39,40.22,2,1,1,0,1.5,-1.82
12.71,22.36,3,4,1,1,3.5,-8.99
4.62,46.14,3,4,1,0,3.5,12.67
5.77,21.86,3,2,1,0,2.5,-6.41
4.99,49.46,3,4,1,0,3.5,3.97
3.77,7.83,1,4,1,0,2.5,15.74
11.51,7.21,1,1,1,1,1.0,9.04
4.98,15.46,3,4,1,0,3.5,-6.56
8.97,17.26,1,4,1,0,2.5,2.88
14.1,29.54,2,1,1,1,1.5,-9.54
7.89,35.66,2,2,1,0,2.0,14.54
9.25,27.13,2,1,1,0,1.5,-4.49
13.56,32.76,3,2,1,1,2.5,17.19
12.32,36.12,3,2,1,1,2.5,19.1
10.31,9.68,2,4,1,1,3.0,9.91
11.98,36.46,2,4,1,1,3.0,4.67
7.46,45.82,1,1,1,0,1.0,19.56
12.91,24.6,3,4,1,1,3.5,3.14
4.82,27.79,2,4,1,0,3.0,-4.91
13.69,41.81,1,2,1,1,1.5,5.61
12.93,15.87,2,4,1,1,3.0,15.41
10.59,13.67,3,4,1,1,3.5,-9.19
8.26,38.71,1,2,1,0,1.5,9.58
10.29,24.45,3,2,1,1,2.5,-8.67
4.49,48.42,1,4,1,0,2.5,-3.97
3.4,5.7,2,1,1,0,1.5,14.09
3.58,15.1,1,2,1,0,1.5,-7.74
8.03,27.55,3,1,1,0,2.0,19.21
14.26,43.64,1,1,1,1,1.0,11.68
6.68,32.46,2,1,1,0,1.5,11.7
11.74,5.51,1,2,1,1,1.5,17.12
13.13,17.62,1,1,1,1,1.0,6.0
14.6,5.35,2,4,1,1,3.0,17.51
4.04,49.92,3,4,1,0,3.5,9.84
5.9,26.96,3,4,1,0,3.5,-9.94
6.58,23.23,1,1,1,0,1.0,13.12
2.47,10.35,1,2,1,0,1.5,3.47
5.36,48.66,2,2,1,0,2.0,7.17
3.98,7.04,2,2,1,0,2.0,-7.5
3.6,41.2,2,1,1,0,1.5,-8.86
10.97,38.17,3,2,1,1,2.5,19.46
5.04,31.76,3,1,1,0,2.0,-4.3
14.23,47.94,1,4,1,1,2.5,13.12
9.51,18.07,3,4,1,0,3.5,3.53
10.82,36.8,2,4,1,1,3.0,0.47
5.49,15.09,1,1,1,0,1.0,7.01
10.97,16.79,2,4,1,1,3.0,19.81
14.65,21.34,1,2,1,1,1.5,1.64
10.04,45.78,2,1,1,1,1.5,17.38
4.66,36.31,3,2,1,0,2.5,1.68
13.57,18.59,3,1,1,1,2.0,-9.16
3.82,34.53,3,2,1,0,2.5,16.25
14.26,20.71,3,4,1,1,3.5,8.57
13.56,41.64,3,2,1,1,2.5,-0.45
4.03,7.22,1,4,1,0,2.5,17.17
5.03,17.27,3,4,1,0,3.5,7.56
12.72,22.51,2,1,1,1,1.5,10.19
8.36,23.02,1,1,1,0,1.0,-6.64
9.24,29.25,3,2,1,0,2.5,9.56
12.07,48.74,3,4,1,1,3.5,-9.41
13.75,5.24,1,2,1,1,1.5,5.95
7.51,38.59,2,2,1,0,2.0,14.62
4.86,18.79,1,2,1,0,1.5,-4.3
3.1,12.04,1,4,1,0,2.5,14.79
12.11,40.64,1,4,1,1,2.5,-9.3
6.18,26.29,2,4,1,0,3.0,19.15
3.53,13.93,3,1,1,0,2.0,18.7
11.32,18.74,2,4,1,1,3.0,9.79
10.72,11.54,2,4,1,1,3.0,-4.76
6.24,46.66,2,2,1,0,2.0,-3.17
10.01,20.76,3,4,1,1,3.5,-3.64
11.32,29.24,2,1,1,1,1.5,-3.55
3.1,40.3,1,4,1,0,2.5,6.4
10.95,10.6,2,4,1,1,3.0,-6.04
9.41,40.55,1,1,1,0,1.0,-7.02
13.27,14.4,1,2,1,1,1.5,-5.84
7.59,37.48,2,1,1,0,1.5,1.54
7.16,31.7,1,2,1,0,1.5,1.49
13.51,45.72,2,2,1,1,2.0,12.47
7.39,48.92,3,2,1,0,2.5,18.62
13.43,48.76,2,2,1,1,2.0,-5.61
4.93,43.82,3,2,1,0,2.5,19.77
5.93,15.81,1,1,1,0,1.0,-2.05
7.95,31.19,3,2,1,0,2.5,19.38
8.31,7.17,1,4,1,0,2.5,-6.86
9.59,39.95,3,2,1,0,2.5,14.05
8.56,33.33,1,1,1,0,1.0,15.1
7.37,42.03,3,1,1,0,2.0,12.33
3.81,24.63,3,1,1,0,2.0,-0.43
7.53,10.63,1,1,1,0,1.0,-6.79
7.05,36.11,1,2,1,0,1.5,-3.61
5.12,15.44,1,1,1,0,1.0,4.46
3.21,21.38,3,4,1,0,3.5,1.07
6.65,37.4,2,1,1,0,1.5,-1.98
6.85,27.78,3,4,1,0,3.5,-8.2
2.15,13.64,2,4,1,0,3.0,-2.91
6.4,33.26,2,4,1,0,3.0,-7.04
6.09,9.38,2,4,1,0,3.0,10.06
8.47,5.97,2,4,1,0,3.0,19.76
14.45,25.08,2,4,1,1,3.0,5.52
12.33,45.53,1,1,1,1,1.0,-4.81
8.25,6.56,2,2,1,0,2.0,2.09
13.44,20.83,2,4,1,1,3.0,-8.83
7.67,45.8,2,1,1,0,1.5,-5.53
8.56,8.25,3,4,1,0,3.5,11.45
12.36,29.72,2,2,1,1,2.0,0.52
13.69,43.07,3,4,1,1,3.5,-9.2
3.58,17.79,1,2,1,0,1.5,12.35
3.93,6.53,3,2,1,0,2.5,2.49
12.68,32.24,1,2,1,1,1.5,-3.77
5.96,19.06,3,2,1,0,2.5,4.17
4.17,40.36,2,4,1,0,3.0,0.38
4.04,48.01,1,2,1,0,1.5,18.86
14.24,48.29,1,2,1,1,1.5,2.43
8.56,36.53,3,2,1,0,2.5,6.46
8.03,45.24,2,4,1,0,3.0,3.32
13.04,7.84,1,1,1,1,1.0,18.16
13.95,47.56,3,2,1,1,2.5,-1.02
13.26,37.69,2,2,1,1,2.0,-1.89
9.79,46.67,2,4,1,0,3.0,7.53
7.94,28.95,2,4,1,0,3.0,-2.42
13.11,15.67,2,4,1,1,3.0,8.08
4.11,33.37,3,1,1,0,2.0,-6.57
7.33,49.61,3,2,1,0,2.5,19.18
9.66,43.6,3,1,1,0,2.0,5.87
12.23,39.58,1,1,1,1,1.0,14.69
10.49,42.41,2,4,1,1,3.0,1.2
11.05,35.77,3,2,1,1,2.5,19.39
7.85,6.78,3,4,1,0,3.5,-7.46
11.34,43.0,3,2,1,1,2.5,-0.07
7.39,46.41,2,4,1,0,3.0,-3.48
5.1,35.66,1,4,1,0,2.5,-4.33
8.74,31.54,3,2,1,0,2.5,3.29
12.39,43.16,1,1,1,1,1.0,14.51
13.58,36.92,1,1,1,1,1.0,-6.93
4.43,49.62,3,4,1,0,3.5,8.22
3.06,24.48,3,4,1,0,3.5,16.47
4.44,6.75,1,1,1,0,1.0,14.11
10.03,26.27,1,1,1,1,1.0,14.71
2.19,47.79,3,2,1,0,2.5,6.22
9.95,28.77,1,2,1,0,1.5,17.87
5.95,10.74,2,4,1,0,3.0,3.13
8.72,26.61,3,1,1,0,2.0,11.88
2.3,47.42,2,2,1,0,2.0,4.79
6.81,32.28,3,2,1,0,2.5,9.48
8.34,45.06,2,4,1,0,3.0,5.73
4.03,33.48,1,1,1,0,1.0,5.59
12.09,12.64,2,4,1,1,3.0,11.53
14.98,7.42,1,2,1,1,1.5,3.89
6.96,7.54,3,2,1,0,2.5,9.94
14.99,35.61,3,4,1,1,3.5,-4.93
12.61,16.12,2,4,1,1,3.0,-4.65
5.09,48.22,1,4,1,0,2.5,14.83
4.6,7.54,3,4,1,0,3.5,-9.05
11.69,19.24,3,1,1,1,2.0,-6.92
6.69,45.97,3,2,1,0,2.5,1.0
13.35,42.14,1,4,1,1,2.5,-2.2
7.41,15.37,2,4,1,0,3.0,-1.83
5.54,24.79,2,4,1,0,3.0,19.05
10.31,11.69,2,1,1,1,1.5,5.32
7.63,28.11,1,4,1,0,2.5,15.37
2.94,38.65,2,2,1,0,2.0,-1.55
13.13,20.31,3,2,1,1,2.5,0.48
4.66,43.64,3,4,1,0,3.5,10.68
5.12,16.95,1,2,1,0,1.5,13.01
5.48,19.72,1,4,1,0,2.5,-6.13
10.6,35.59,3,4,1,1,3.5,-2.11
9.15,12.1,3,2,1,0,2.5,-7.71
12.0,40.47,3,1,1,1,2.0,11.2
4.39,19.07,1,2,1,0,1.5,6.7
9.0,21.22,1,2,1,0,1.5,0.18
11.3,13.96,3,4,1,1,3.5,4.78
9.5,29.38,1,1,1,0,1.0,0.15
8.32,11.11,3,2,1,0,2.5,0.9
4.94,25.79,2,4,1,0,3.0,13.61
8.11,37.47,1,4,1,0,2.5,16.49
10.88,15.56,1,1,1,1,1.0,2.0
3.0,30.0,2,2,1,0,2.0,-2.36
14.21,38.95,1,2,1,1,1.5,17.54
12.28,6.83,3,4,1,1,3.5,10.58
7.3,42.66,3,1,1,0,2.0,12.51
12.16,43.77,1,1,1,1,1.0,18.16
10.05,47.9,2,1,1,1,1.5,18.88
9.44,48.86,1,4,1,0,2.5,9.72
12.7,40.63,1,4,1,1,2.5,2.98
4.65,8.47,1,2,1,0,1.5,12.3
2.11,18.21,1,1,1,0,1.0,2.82
12.38,13.58,1,4,1,1,2.5,17.1
10.55,43.04,1,1,1,1,1.0,-0.71
12.37,11.78,2,1,1,1,1.5,-7.37
12.95,45.28,1,4,1,1,2.5,-9.88
2.27,7.88,1,1,1,0,1.0,-2.69
14.64,12.31,2,1,1,1,1.5,-2.37
14.38,18.85,2,2,1,1,2.0,14.87
12.71,8.36,2,1,1,1,1.5,1.19
8.32,34.13,1,1,1,0,1.0,1.33
4.88,42.76,1,4,1,0,2.5,13.66
10.86,25.28,2,2,1,1,2.0,13.83
12.48,37.3,1,4,1,1,2.5,-3.79
2.06,43.4,2,1,1,0,1.5,0.79
12.51,32.01,1,2,1,1,1.5,-1.52
8.04,7.39,3,2,1,0,2.5,8.29
9.98,45.73,3,2,1,0,2.5,-4.93
4.44,13.97,1,4,1,0,2.5,-4.02
13.06,34.47,3,4,1,1,3.5,12.85
4.79,43.43,2,1,1,0,1.5,-7.95
5.07,28.83,2,4,1,0,3.0,-9.56
2.92,11.81,2,1,1,0,1.5,3.67
3.01,43.99,3,2,1,0,2.5,6.84
3.65,41.27,1,2,1,0,1.5,11.13
7.29,21.83,3,2,1,0,2.5,-6.03
6.4,31.81,2,1,1,0,1.5,5.24
7.41,18.89,1,2,1,0,1.5,4.03
11.98,21.21,1,1,1,1,1.0,-2.7
11.01,34.16,1,1,1,1,1.0,5.91
7.83,33.06,1,1,1,0,1.0,17.2
9.08,16.55,3,2,1,0,2.5,-3.79
11.24,27.39,2,2,1,1,2.0,-4.63
9.28,6.21,1,2,1,0,1.5,7.52
11.85,39.68,1,1,1,1,1.0,-6.94
6.63,5.81,1,2,1,0,1.5,18.48
11.3,16.36,1,1,1,1,1.0,17.03
2.53,16.07,2,4,1,0,3.0,16.27
13.09,34.39,3,1,1,1,2.0,14.37
14.81,30.24,1,4,1,1,2.5,5.59
12.47,5.37,3,2,1,1,2.5,-8.39
6.84,45.45,3,2,1,0,2.5,-5.8
9.83,43.15,1,1,1,0,1.0,0.47
11.28,25.0,1,1,1,1,1.0,9.48
3.81,39.25,2,2,1,0,2.0,10.07
6.88,44.19,2,4,1,0,3.0,2.47
2.65,49.08,1,1,1,0,1.0,14.59
10.86,42.91,2,4,1,1,3.0,18.17
6.7,23.03,2,2,1,0,2.0,11.21
7.77,29.12,2,4,1,0,3.0,14.86
6.43,31.74,1,4,1,0,2.5,-5.99
12.33,8.61,3,1,1,1,2.0,-2.66
4.17,47.89,1,1,1,0,1.0,16.06
9.86,40.15,3,2,1,0,2.5,-1.42
13.43,37.8,3,2,1,1,2.5,-6.56
8.16,21.52,3,2,1,0,2.5,-1.42
5.37,39.43,3,1,1,0,2.0,1.22
8.44,13.65,2,4,1,0,3.0,-3.54
5.52,22.21,2,4,1,0,3.0,19.21
12.19,42.88,2,4,1,1,3.0,3.04
11.39,44.08,1,4,1,1,2.5,1.87
13.55,39.08,2,4,1,1,3.0,-8.9
6.76,14.11,2,1,1,0,1.5,10.37
14.84,45.7,1,4,1,1,2.5,-3.13
13.4,25.32,2,4,1,1,3.0,8.11
5.4,40.47,3,1,1,0,2.0,7.41
14.01,45.99,1,2,1,1,1.5,19.4
2.16,21.69,2,2,1,0,2.0,-6.45
10.82,21.61,3,2,1,1,2.5,-8.21
7.79,48.38,1,2,1,0,1.5,17.83
11.42,14.94,1,2,1,1,1.5,11.09
3.48,17.68,3,2,1,0,2.5,9.96
8.37,48.08,2,4,1,0,3.0,-0.16
10.45,40.55,3,1,1,1,2.0,2.27
6.33,23.95,2,2,1,0,2.0,-3.41
5.28,28.77,1,4,1,0,2.5,0.38
14.24,10.85,2,2,1,1,2.0,14.37
10.18,18.59,1,2,1,1,1.5,19.24
7.74,35.02,1,4,1,0,2.5,-1.55
4.23,21.41,2,1,1,0,1.5,5.9
2.66,32.54,3,2,1,0,2.5,8.86
2.84,23.52,3,4,1,0,3.5,18.0
12.65,14.95,3,1,1,1,2.0,4.45
12.89,23.8,3,2,1,1,2.5,2.81
7.73,22.8,1,4,1,0,2.5,0.64
5.77,46.8,1,4,1,0,2.5,8.08
14.27,32.66,2,4,1,1,3.0,-4.73
4.95,5.73,1,2,1,0,1.5,0.13
5.97,47.35,1,4,1,0,2.5,-6.04
6.4,48.62,1,1,1,0,1.0,18.57
4.64,27.87,1,1,1,0,1.0,2.56
6.89,6.22,3,2,1,0,2.5,7.43
5.6,10.54,2,2,1,0,2.0,5.66
2.33,30.88,3,2,1,0,2.5,19.26
2.87,36.96,2,4,1,0,3.0,17.78
4.07,48.91,3,1,1,0,2.0,-4.79
14.28,17.47,3,4,1,1,3.5,17.35
9.33,8.65,3,2,1,0,2.5,-3.32
12.3,5.09,2,4,1,1,3.0,8.75
10.48,20.62,2,4,1,1,3.0,8.06
6.73,27.19,1,1,1,0,1.0,14.88
2.1,31.27,1,1,1,0,1.0,2.07
6.34,28.11,3,1,1,0,2.0,18.91
14.28,18.5,1,2,1,1,1.5,-4.28
2.15,16.27,2,1,1,0,1.5,-4.01
4.55,10.56,1,2,1,0,1.5,14.28
7.18,29.91,2,4,1,0,3.0,13.69
5.46,22.8,1,2,1,0,1.5,-3.32
14.65,30.98,3,4,1,1,3.5,-4.76
11.11,8.13,3,4,1,1,3.5,4.82
14.71,20.12,3,4,1,1,3.5,-1.46
11.98,29.52,3,2,1,1,2.5,-7.92
5.5,36.06,2,1,1,0,1.5,9.8
14.53,11.19,2,1,1,1,1.5,15.14
2.8,13.81,2,1,1,0,1.5,8.54
11.27,45.34,2,4,1,1,3.0,-6.24
12.17,6.2,2,1,1,1,1.5,14.51
2.13,31.63,3,4,1,0,3.5,-3.42
3.04,15.11,3,2,1,0,2.5,-8.21
2.24,48.58,1,1,1,0,1.0,10.78
11.71,49.95,1,1,1,1,1.0,-2.01
9.09,44.58,1,1,1,0,1.0,15.89
13.95,44.82,3,1,1,1,2.0,3.01
9.84,49.94,3,2,1,0,2.5,1.28
5.18,40.17,2,1,1,0,1.5,18.14
9.25,39.19,1,2,1,0,1.5,6.33
4.54,42.73,3,1,1,0,2.0,9.68
11.05,10.23,1,4,1,1,2.5,1.08
13.84,18.14,2,1,1,1,1.5,13.29
14.11,5.6,1,4,1,1,2.5,-6.95
13.39,20.13,3,4,1,1,3.5,12.82
13.42,46.28,3,1,1,1,2.0,6.83
3.97,13.59,3,1,1,0,2.0,7.21
4.45,24.2,1,4,1,0,2.5,3.25
8.93,36.53,1,1,1,0,1.0,10.09
7.85,12.05,3,1,1,0,2.0,16.55
10.95,17.48,1,1,1,1,1.0,-8.79
8.01,28.89,1,1,1,0,1.0,6.81
12.67,33.14,3,1,1,1,2.0,6.29
9.78,13.45,1,4,1,0,2.5,0.36
5.35,45.65,1,1,1,0,1.0,-5.47
6.99,27.01,2,1,1,0,1.5,16.89
5.56,11.45,3,4,1,0,3.5,15.51
8.58,9.12,2,2,1,0,2.0,18.58
11.99,24.53,2,4,1,1,3.0,16.47
5.08,17.29,1,4,1,0,2.5,9.18
6.46,17.68,2,4,1,0,3.0,12.82
8.54,45.3,1,2,1,0,1.5,19.27
14.87,31.46,3,4,1,1,3.5,13.22
9.46,43.11,1,4,1,0,2.5,-0.4
10.26,34.68,3,1,1,1,2.0,4.36
6.66,15.78,3,2,1,0,2.5,7.71
13.55,12.98,2,1,1,1,1.5,-6.99
10.65,13.44,2,2,1,1,2.0,17.48
3.31,40.36,2,1,1,0,1.5,11.46
5.48,46.4,1,1,1,0,1.0,3.25
7.14,46.11,1,2,1,0,1.5,9.07
10.18,6.23,3,4,1,1,3.5,12.07
5.48,12.93,2,4,1,0,3.0,7.97
6.95,24.11,1,2,1,0,1.5,8.16
14.76,18.83,2,1,1,1,1.5,19.3
13.12,12.12,1,1,1,1,1.0,5.43
3.11,9.52,3,2,1,0,2.5,17.29
6.04,25.89,2,4,1,0,3.0,19.98
2.67,33.63,2,4,1,0,3.0,2.53
14.87,31.6,1,4,1,1,2.5,4.12
8.11,6.44,2,2,1,0,2.0,16.35
7.18,18.21,2,1,1,0,1.5,-4.0
3.25,13.48,2,2,1,0,2.0,13.35
2.84,48.47,1,1,1,0,1.0,8.12
2.23,18.14,3,4,1,0,3.5,17.48
11.93,41.89,3,4,1,1,3.5,-4.05
8.5,44.22,1,2,1,0,1.5,-2.06
6.28,25.34,2,2,1,0,2.0,-1.39
13.51,15.23,1,1,1,1,1.0,9.72
4.17,13.85,1,2,1,0,1.5,16.4
13.77,45.4,1,1,1,1,1.0,12.91
11.67,34.43,3,2,1,1,2.5,7.71
12.43,43.01,2,4,1,1,3.0,15.23
7.0,26.95,3,4,1,0,3.5,-1.69
2.12,48.28,2,2,1,0,2.0,19.83
9.07,5.05,1,1,1,0,1.0,17.58
14.49,10.55,1,1,1,1,1.0,13.06
2.8,38.2,2,1,1,0,1.5,1.85
14.89,40.51,1,4,1,1,2.5,-7.13
4.66,10.23,2,4,1,0,3.0,7.01
3.66,44.59,1,4,1,0,2.5,17.3
14.36,23.25,3,4,1,1,3.5,-0.42
4.8,25.4,1,2,1,0,1.5,10.29
11.59,17.52,2,1,1,1,1.5,-3.61
5.81,29.41,2,2,1,0,2.0,-3.53
8.89,40.81,1,2,1,0,1.5,12.63
9.82,8.24,1,4,1,0,2.5,19.25
14.25,27.76,2,4,1,1,3.0,-1.09
12.19,42.66,3,4,1,1,3.5,19.26
10.8,46.2,2,2,1,1,2.0,-5.33
5.79,24.81,2,2,1,0,2.0,-1.25
13.24,16.86,1,4,1,1,2.5,14.0
10.98,16.97,3,4,1,1,3.5,1.43
8.78,15.34,3,2,1,0,2.5,11.94
5.94,44.71,3,1,1,0,2.0,10.93
5.12,47.99,3,1,1,0,2.0,-2.7
5.73,43.42,1,4,1,0,2.5,-9.55
8.39,8.94,2,1,1,0,1.5,5.53
4.92,36.44,3,2,1,0,2.5,10.72
4.86,41.99,2,1,1,0,1.5,10.99
11.74,21.45,3,1,1,1,2.0,10.85
8.56,24.94,3,2,1,0,2.5,6.49
11.92,42.26,2,2,1,1,2.0,16.95
11.45,38.03,3,4,1,1,3.5,4.04
13.55,47.11,1,1,1,1,1.0,10.54
10.96,36.38,1,4,1,1,2.5,0.53
2.06,27.67,1,4,1,0,2.5,12.24
10.84,24.29,3,4,1,1,3.5,19.75
2.8,37.62,3,1,1,0,2.0,19.81
10.08,46.75,2,1,1,1,1.5,-1.38
2.49,19.62,3,2,1,0,2.5,-4.28
5.39,14.95,3,2,1,0,2.5,1.33
7.17,34.45,3,1,1,0,2.0,3.07
5.88,23.64,2,2,1,0,2.0,8.58
13.3,47.33,1,4,1,1,2.5,-2.71
5.0,17.59,2,4,1,0,3.0,0.09
9.61,44.94,1,2,1,0,1.5,-9.23
9.78,9.89,1,1,1,0,1.0,18.99
9.28,47.93,3,4,1,0,3.5,3.45
2.48,46.16,2,2,1,0,2.0,8.36
11.45,13.02,3,1,1,1,2.0,14.99
9.69,25.76,3,4,1,0,3.5,8.49
2.58,12.66,1,1,1,0,1.0,11.63
14.56,22.19,1,2,1,1,1.5,-5.26
13.52,12.32,1,4,1,1,2.5,2.82
14.27,46.05,3,2,1,1,2.5,15.74
4.47,19.66,3,2,1,0,2.5,0.11
2.5,34.51,2,1,1,0,1.5,18.23
5.46,30.25,3,1,1,0,2.0,8.53
5.94,40.18,3,4,1,0,3.5,9.0
3.54,41.25,2,2,1,0,2.0,-1.81
13.58,27.41,3,2,1,1,2.5,10.61
5.71,11.88,1,2,1,0,1.5,4.01
4.95,9.17,1,4,1,0,2.5,18.92
9.13,46.77,1,1,1,0,1.0,-9.16
7.3,47.74,1,1,1,0,1.0,-4.74
3.81,24.67,1,4,1,0,2.5,16.84
4.44,16.58,1,1,1,0,1.0,-3.5
12.95,32.35,3,1,1,1,2.0,19.42
7.84,12.03,1,1,1,0,1.0,-7.92
9.58,8.32,2,1,1,0,1.5,-9.35
7.21,34.14,3,4,1,0,3.5,11.0
2.54,5.09,2,4,1,0,3.0,14.91
3.61,44.89,1,2,1,0,1.5,-9.0
6.7,24.46,3,1,1,0,2.0,2.47
3.74,33.31,1,4,1,0,2.5,10.65
12.51,12.08,3,1,1,1,2.0,9.75
8.62,34.84,2,2,1,0,2.0,16.1
3.83,45.09,3,2,1,0,2.5,14.55
2.1,9.44,2,4,1,0,3.0,10.42
11.22,35.75,1,1,1,1,1.0,14.48
13.38,9.98,3,4,1,1,3.5,18.66
12.84,37.07,1,2,1,1,1.5,-1.6
6.86,32.82,3,4,1,0,3.5,-1.84
14.95,37.54,1,4,1,1,2.5,7.59
7.99,43.3,1,1,1,0,1.0,16.79
2.97,14.65,1,2,1,0,1.5,-0.72
7.36,5.26,3,2,1,0,2.5,17.74
13.87,33.18,2,4,1,1,3.0,-0.05
9.67,23.46,1,4,1,0,2.5,-5.56
4.99,20.84,3,2,1,0,2.5,-4.04
11.59,43.08,1,4,1,1,2.5,-8.36
10.15,18.77,1,2,1,1,1.5,18.91
5.21,14.91,1,2,1,0,1.5,11.2
6.19,48.98,1,4,1,0,2.5,-9.12
6.68,26.96,2,4,1,0,3.0,-0.43
12.32,31.63,3,2,1,1,2.5,17.15
8.69,40.7,3,2,1,0,2.5,-5.27
13.08,11.98,3,2,1,1,2.5,13.71
3.79,43.5,1,2,1,0,1.5,-4.2
11.04,7.03,1,2,1,1,1.5,4.2
2.21,15.63,3,4,1,0,3.5,4.92
11.45,40.22,3,1,1,1,2.0,4.73
10.89,26.83,2,4,1,1,3.0,-7.68
4.67,21.8,1,1,1,0,1.0,14.63
9.91,22.39,3,1,1,0,2.0,-6.72
12.08,36.82,2,4,1,1,3.0,8.0
13.82,36.34,1,4,1,1,2.5,-4.27
10.42,5.31,2,1,1,1,1.5,6.77
4.66,42.87,1,1,1,0,1.0,-1.97
11.62,42.6,1,4,1,1,2.5,13.16
9.7,40.28,1,4,1,0,2.5,-8.01
10.82,36.72,2,4,1,1,3.0,-9.77
8.27,22.57,1,4,1,0,2.5,16.07
6.11,33.33,1,1,1,0,1.0,14.74
6.25,43.39,2,4,1,0,3.0,-0.66
3.38,29.53,1,2,1,0,1.5,8.98
7.88,13.84,1,4,1,0,2.5,-4.66
8.08,26.18,2,4,1,0,3.0,4.44
12.69,9.94,3,2,1,1,2.5,-3.15
8.86,33.76,3,2,1,0,2.5,-6.54
14.52,26.26,1,2,1,1,1.5,19.48
14.08,8.74,1,4,1,1,2.5,16.74
10.05,49.01,3,2,1,1,2.5,-7.8
12.74,8.29,1,4,1,1,2.5,-5.04
5.81,10.1,3,1,1,0,2.0,0.03
13.56,42.76,1,1,1,1,1.0,19.35
12.6,35.19,3,4,1,1,3.5,2.77
9.98,24.88,1,4,1,0,2.5,5.94
10.64,8.66,3,2,1,1,2.5,-6.11
3.49,6.57,2,2,1,0,2.0,7.48
13.06,44.4,1,1,1,1,1.0,6.13
6.95,17.08,2,4,1,0,3.0,10.9
6.46,22.1,1,2,1,0,1.5,12.54
2.91,31.74,1,4,1,0,2.5,3.26
12.28,24.5,2,2,1,1,2.0,0.62
4.98,16.38,3,4,1,0,3.5,19.94
6.52,42.18,3,1,1,0,2.0,-6.7
10.61,32.58,1,4,1,1,2.5,19.77
3.61,44.8,1,1,1,0,1.0,-9.44
5.78,42.95,1,4,1,0,2.5,9.32
14.02,45.35,1,4,1,1,2.5,5.24
14.48,21.49,1,2,1,1,1.5,1.09
7.95,26.95,3,1,1,0,2.0,7.48
2.83,46.34,1,1,1,0,1.0,-6.84
6.62,44.4,1,2,1,0,1.5,-8.92
11.29,26.24,3,2,1,1,2.5,-9.82
9.03,20.77,2,2,1,0,2.0,3.97
11.12,6.92,3,1,1,1,2.0,-3.3
4.53,32.35,3,2,1,0,2.5,-1.94
2.06,20.81,2,1,1,0,1.5,-7.02
10.1,5.8,1,1,1,1,1.0,9.72
3.06,48.14,3,4,1,0,3.5,16.44
4.78,26.81,1,2,1,0,1.5,5.89
14.13,34.62,2,4,1,1,3.0,-9.52
14.5,36.64,3,4,1,1,3.5,-9.57
5.9,16.33,1,1,1,0,1.0,-4.15
9.05,7.71,1,2,1,0,1.5,-1.03
7.28,44.42,2,1,1,0,1.5,12.6
3.33,32.25,3,2,1,0,2.5,19.52
10.3,18.57,1,4,1,1,2.5,-9.61
8.83,26.38,3,4,1,0,3.5,-9.62
4.74,43.21,3,2,1,0,2.5,-6.88
4.12,11.74,1,1,1,0,1.0,2.87
11.76,36.38,1,1,1,1,1.0,3.13
9.59,20.64,3,1,1,0,2.0,7.49
5.6,31.78,2,2,1,0,2.0,14.6
6.98,40.39,3,2,1,0,2.5,3.19
2.02,13.43,1,2,1,0,1.5,6.15
13.99,26.35,3,2,1,1,2.5,11.46
14.58,39.66,1,2,1,1,1.5,-8.88
5.31,33.38,1,1,1,0,1.0,0.22
10.79,23.74,2,4,1,1,3.0,12.66
14.61,29.76,2,1,1,1,1.5,14.57
2.44,46.51,1,2,1,0,1.5,-7.18
2.73,43.63,1,1,1,0,1.0,-9.78
3.16,45.78,3,1,1,0,2.0,6.4
10.39,32.2,2,1,1,1,1.5,0.41
7.24,21.97,1,2,1,0,1.5,1.8
5.87,43.27,1,4,1,0,2.5,12.64
6.03,44.31,1,2,1,0,1.5,7.78
12.28,7.3,1,1,1,1,1.0,5.5
8.1,12.11,2,1,1,0,1.5,19.38
6.65,6.68,1,2,1,0,1.5,2.51
3.89,7.2,2,2,1,0,2.0,-2.88
10.39,42.69,3,1,1,1,2.0,3.97
3.53,44.78,3,4,1,0,3.5,18.09
6.32,48.03,1,4,1,0,2.5,6.7
5.19,8.4,2,4,1,0,3.0,16.32
8.82,45.81,3,1,1,0,2.0,9.23
13.37,24.46,1,4,1,1,2.5,-6.86
13.43,36.58,2,2,1,1,2.0,8.56
14.9,10.97,3,2,1,1,2.5,14.37
12.43,48.42,2,4,1,1,3.0,9.42
13.98,11.83,3,4,1,1,3.5,19.06
4.63,35.52,1,4,1,0,2.5,-1.8
4.68,32.54,3,2,1,0,2.5,-9.52
11.59,45.15,3,1,1,1,2.0,16.89
11.47,10.5,2,2,1,1,2.0,-9.02
6.34,15.04,3,1,1,0,2.0,11.5
13.6,25.57,2,2,1,1,2.0,4.88
5.02,47.28,2,1,1,0,1.5,-0.23
8.71,45.91,3,2,1,0,2.5,8.5
9.75,43.58,2,1,1,0,1.5,-5.95
7.99,35.02,2,2,1,0,2.0,16.62
12.15,16.87,1,4,1,1,2.5,-3.87
14.36,14.78,2,4,1,1,3.0,17.76
3.99,43.55,1,1,1,0,1.0,-8.06
7.7,15.88,2,4,1,0,3.0,17.67
4.36,47.43,1,1,1,0,1.0,5.05
14.74,15.35,2,4,1,1,3.0,12.91
6.58,15.27,3,2,1,0,2.5,5.27
11.74,15.68,3,4,1,1,3.5,18.28
5.38,5.83,1,2,1,0,1.5,0.49
10.89,22.31,1,1,1,1,1.0,13.81
6.91,32.95,1,2,1,0,1.5,18.68
8.43,10.81,2,2,1,0,2.0,7.37
8.88,10.96,2,1,1,0,1.5,19.94
11.52,35.04,2,1,1,1,1.5,13.79
6.81,17.42,2,4,1,0,3.0,-2.53
14.05,37.44,2,2,1,1,2.0,-5.58
4.42,24.2,1,1,1,0,1.0,6.01
3.63,13.44,2,1,1,0,1.5,-7.88
4.91,31.17,1,2,1,0,1.5,2.42
10.77,20.51,3,1,1,1,2.0,3.5
13.78,39.42,3,1,1,1,2.0,12.19
8.53,24.99,2,1,1,0,1.5,12.6
2.07,20.62,1,4,1,0,2.5,16.49
2.41,40.1,3,2,1,0,2.5,15.56
3.16,38.33,2,2,1,0,2.0,2.5
14.32,19.17,3,1,1,1,2.0,-1.59
5.18,46.13,1,1,1,0,1.0,15.07
11.18,32.62,1,2,1,1,1.5,0.31
12.17,49.57,2,1,1,1,1.5,18.94
5.67,16.81,1,1,1,0,1.0,-6.95
13.29,14.35,2,4,1,1,3.0,8.73
4.86,6.01,3,2,1,0,2.5,11.78
2.96,41.2,3,1,1,0,2.0,-1.36
14.96,48.17,3,2,1,1,2.5,10.86
8.86,19.87,1,2,1,0,1.5,-0.56
7.95,31.04,2,2,1,0,2.0,2.59
13.47,30.99,2,1,1,1,1.5,18.12
9.15,42.26,1,4,1,0,2.5,-0.92
6.25,16.33,2,1,1,0,1.5,5.77
4.94,29.54,2,1,1,0,1.5,18.79
9.84,12.59,2,1,1,0,1.5,-7.87
6.75,17.19,1,1,1,0,1.0,12.46
2.17,48.34,2,2,1,0,2.0,14.74
7.22,7.57,2,2,1,0,2.0,17.1
2.31,34.47,2,4,1,0,3.0,14.89
9.33,10.03,3,2,1,0,2.5,-5.75
8.67,43.38,1,4,1,0,2.5,15.99
2.32,21.58,3,2,1,0,2.5,-4.82
7.81,44.73,1,2,1,0,1.5,4.05
9.59,18.04,3,1,1,0,2.0,13.11
13.94,27.16,3,2,1,1,2.5,-5.95
4.37,43.98,1,2,1,0,1.5,-4.16
4.27,27.09,3,2,1,0,2.5,5.66
9.64,35.75,3,2,1,0,2.5,-4.94
14.33,33.72,3,2,1,1,2.5,3.41
4.16,48.5,2,2,1,0,2.0,-9.82
11.6,17.14,2,1,1,1,1.5,-0.99
9.52,10.25,2,1,1,0,1.5,11.44
4.87,40.1,3,1,1,0,2.0,16.25
7.73,30.29,1,1,1,0,1.0,7.26
7.41,15.53,1,2,1,0,1.5,10.38
6.03,11.57,2,1,1,0,1.5,-8.5
4.59,45.02,2,2,1,0,2.0,19.35
5.58,44.84,1,2,1,0,1.5,12.82
10.81,35.04,1,2,1,1,1.5,8.88
13.29,27.56,2,1,1,1,1.5,-5.64
2.07,37.56,3,1,1,0,2.0,-7.63
4.58,14.57,1,1,1,0,1.0,17.92
5.21,36.99,2,2,1,0,2.0,9.75
7.94,5.18,2,4,1,0,3.0,5.01
4.63,32.63,1,1,1,0,1.0,3.47
9.56,20.74,1,1,1,0,1.0,2.72
8.95,8.63,1,4,1,0,2.5,10.86
14.5,43.36,2,2,1,1,2.0,-7.14
8.71,16.88,1,2,1,0,1.5,6.76
9.02,10.73,1,1,1,0,1.0,1.52
13.12,28.51,3,1,1,1,2.0,7.38
11.22,26.98,2,1,1,1,1.5,-0.18
13.1,46.44,2,1,1,1,1.5,16.07
8.65,9.42,1,1,1,0,1.0,9.81
11.95,33.42,2,1,1,1,1.5,7.22
14.89,41.35,1,1,1,1,1.0,-5.68
7.59,10.74,3,2,1,0,2.5,-8.84
11.23,21.21,3,4,1,1,3.5,6.81
9.89,39.79,3,4,1,0,3.5,3.28
2.61,27.42,3,1,1,0,2.0,5.96
12.8,30.94,1,1,1,1,1.0,7.81
13.51,26.75,2,4,1,1,3.0,11.03
3.56,48.92,2,1,1,0,1.5,9.74
2.14,18.66,3,1,1,0,2.0,-2.23
10.96,27.84,3,1,1,1,2.0,9.07
13.34,21.29,3,1,1,1,2.0,9.34
6.88,6.5,2,4,1,0,3.0,5.05
4.7,34.05,3,1,1,0,2.0,-6.61
13.05,37.11,3,2,1,1,2.5,9.16
14.1,23.36,1,2,1,1,1.5,-3.06
7.63,46.01,1,4,1,0,2.5,16.7
3.55,42.9,2,2,1,0,2.0,5.23
8.57,7.97,3,1,1,0,2.0,-2.24
7.09,23.31,1,1,1,0,1.0,1.95
5.55,35.25,2,2,1,0,2.0,2.28
13.68,5.21,3,4,1,1,3.5,-6.1
9.9,14.64,1,4,1,0,2.5,0.75
10.58,5.99,3,1,1,1,2.0,9.62
14.11,39.79,3,2,1,1,2.5,14.38
12.69,44.25,3,4,1,1,3.5,-7.79
8.08,11.58,3,1,1,0,2.0,11.22
5.22,33.83,3,2,1,0,2.5,17.71
9.11,25.17,3,2,1,0,2.5,-1.94
13.78,26.31,3,1,1,1,2.0,-6.85
12.2,46.65,3,2,1,1,2.5,1.87
5.22,36.61,2,4,1,0,3.0,-2.69
9.42,19.87,2,1,1,0,1.5,8.27
8.36,42.31,1,1,1,0,1.0,14.72
2.86,29.63,3,2,1,0,2.5,16.72
10.07,24.71,1,1,1,1,1.0,5.52
12.56,8.34,1,2,1,1,1.5,-7.38
7.25,26.04,3,4,1,0,3.5,11.87
5.44,43.13,1,1,1,0,1.0,10.45
12.78,10.97,1,1,1,1,1.0,10.9
11.95,25.3,1,1,1,1,1.0,2.54
2.36,23.52,1,2,1,0,1.5,14.35
6.05,14.82,3,2,1,0,2.5,14.6
3.55,30.55,1,4,1,0,2.5,-5.81
10.36,7.89,1,1,1,1,1.0,-2.23
12.93,44.85,1,1,1,1,1.0,15.59
10.75,22.78,1,1,1,1,1.0,1.7
6.19,26.1,3,4,1,0,3.5,-4.22
14.81,21.4,2,4,1,1,3.0,11.38
8.61,18.95,2,1,1,0,1.5,7.52
5.02,47.99,2,2,1,0,2.0,19.09
10.34,5.08,3,2,1,1,2.5,-4.27
3.71,38.2,3,2,1,0,2.5,13.59
4.48,31.18,1,1,1,0,1.0,17.24
10.62,27.89,1,2,1,1,1.5,-7.49
10.4,22.59,3,1,1,1,2.0,19.98
11.82,47.38,3,2,1,1,2.5,15.34
13.6,13.3,2,2,1,1,2.0,4.96
6.31,16.88,1,2,1,0,1.5,-1.09
5.66,36.55,2,2,1,0,2.0,5.28
13.72,48.39,2,1,1,1,1.5,-0.04
11.06,38.2,2,2,1,1,2.0,17.05
13.91,12.66,2,2,1,1,2.0,-7.81
4.74,8.77,2,4,1,0,3.0,15.37
2.81,25.18,1,1,1,0,1.0,12.73
5.47,5.05,2,4,1,0,3.0,7.33
5.73,41.87,3,2,1,0,2.5,-1.21
14.7,21.92,3,1,1,1,2.0,11.25
11.01,14.03,3,4,1,1,3.5,12.93
2.63,14.38,2,4,1,0,3.0,-4.72
2.97,21.97,1,2,1,0,1.5,-5.8
12.15,43.87,3,2,1,1,2.5,11.17
4.21,22.28,3,1,1,0,2.0,-6.33
6.47,45.74,3,2,1,0,2.5,-8.72
3.11,11.17,1,4,1,0,2.5,-2.62
5.86,10.13,1,4,1,0,2.5,9.23
5.69,21.09,3,4,1,0,3.5,1.76
7.13,34.99,3,4,1,0,3.5,9.62
11.86,15.33,1,1,1,1,1.0,8.73
9.1,44.95,2,1,1,0,1.5,-2.9
5.85,15.31,3,2,1,0,2.5,5.48
4.88,26.38,2,4,1,0,3.0,-9.48
8.01,43.59,3,4,1,0,3.5,1.68
2.35,35.37,1,1,1,0,1.0,-8.05
8.53,13.11,1,1,1,0,1.0,0.55
10.97,5.25,1,2,1,1,1.5,-8.81
13.1,48.18,2,1,1,1,1.5,2.41
9.3,12.9,3,2,1,0,2.5,18.96
5.85,38.55,2,4,1,0,3.0,12.73
14.56,45.8,2,2,1,1,2.0,0.78
12.32,16.51,2,4,1,1,3.0,5.9
3.11,5.66,2,1,1,0,1.5,-8.19
13.31,9.5,3,2,1,1,2.5,9.85
14.05,33.65,2,1,1,1,1.5,3.53
6.24,31.02,3,4,1,0,3.5,8.79
10.54,5.73,3,2,1,1,2.5,-1.77
2.49,17.41,1,4,1,0,2.5,-3.04
10.98,43.34,3,1,1,1,2.0,-7.72
8.93,41.87,2,1,1,0,1.5,-0.86
9.36,38.75,3,1,1,0,2.0,17.36
5.94,10.73,2,1,1,0,1.5,-0.41
12.24,46.91,2,1,1,1,1.5,15.39
4.17,18.51,3,4,1,0,3.5,0.93
12.09,11.97,1,2,1,1,1.5,6.74
6.01,20.67,2,4,1,0,3.0,16.33
8.36,16.11,1,1,1,0,1.0,-1.68
5.14,19.96,3,4,1,0,3.5,15.6
10.11,41.73,1,4,1,1,2.5,5.25
6.78,36.15,1,2,1,0,1.5,1.91
3.14,31.64,2,2,1,0,2.0,17.43
7.24,21.53,2,2,1,0,2.0,15.34
4.05,14.1,1,2,1,0,1.5,7.1
4.07,13.0,1,2,1,0,1.5,13.59
5.78,9.56,3,1,1,0,2.0,1.14
4.11,5.04,3,4,1,0,3.5,-9.72
12.48,36.85,2,1,1,1,1.5,-0.23
12.08,23.05,2,1,1,1,1.5,-2.55
9.13,11.54,3,4,1,0,3.5,2.29
4.34,49.33,3,4,1,0,3.5,17.48
13.75,28.66,3,4,1,1,3.5,-5.62
13.67,30.54,2,1,1,1,1.5,10.76
9.68,14.58,1,2,1,0,1.5,-5.71
5.83,12.68,2,4,1,0,3.0,10.48
2.39,32.13,2,2,1,0,2.0,-4.58
7.7,36.04,1,4,1,0,2.5,-3.96
3.96,20.5,1,4,1,0,2.5,-0.99
4.26,47.31,2,2,1,0,2.0,17.92
10.71,32.84,3,4,1,1,3.5,13.53
4.59,35.71,1,1,1,0,1.0,-7.93
14.42,25.53,1,2,1,1,1.5,17.21
12.34,33.34,2,4,1,1,3.0,3.0
11.39,20.72,3,2,1,1,2.5,4.89
12.38,32.58,2,2,1,1,2.0,-9.8
12.07,28.58,2,1,1,1,1.5,14.85
12.18,11.55,3,2,1,1,2.5,12.67
12.13,31.5,3,2,1,1,2.5,-2.48
6.38,49.34,1,1,1,0,1.0,17.33
4.96,30.25,1,2,1,0,1.5,1.97
12.03,9.5,1,2,1,1,1.5,17.34
13.24,16.94,3,2,1,1,2.5,-4.3
5.23,19.46,2,1,1,0,1.5,-1.41
4.87,34.73,2,2,1,0,2.0,17.31
8.17,26.95,1,1,1,0,1.0,-4.26
13.52,10.97,3,2,1,1,2.5,-7.45
6.03,27.32,2,4,1,0,3.0,-9.4
10.45,33.99,1,2,1,1,1.5,9.87
5.2,47.38,3,4,1,0,3.5,11.41
10.36,10.17,3,1,1,1,2.0,17.11
3.37,37.85,2,2,1,0,2.0,11.2
8.14,7.32,1,4,1,0,2.5,10.77
10.58,8.86,3,2,1,1,2.5,-1.07
12.66,18.49,1,1,1,1,1.0,1.38
10.51,15.4,3,4,1,1,3.5,0.04
4.25,43.06,3,1,1,0,2.0,-7.58
7.51,16.76,2,2,1,0,2.0,-2.11
14.31,38.03,1,2,1,1,1.5,18.32
13.03,18.76,3,1,1,1,2.0,9.95
11.48,7.51,2,2,1,1,2.0,3.73
7.13,43.21,2,1,1,0,1.5,-1.84
3.65,41.12,2,4,1,0,3.0,12.09
13.17,27.97,3,4,1,1,3.5,12.44
3.76,19.91,2,1,1,0,1.5,-5.03
7.72,11.06,1,1,1,0,1.0,4.79
5.67,41.11,3,4,1,0,3.5,-8.07
5.89,39.87,3,2,1,0,2.5,3.95
11.06,35.36,1,4,1,1,2.5,8.97
8.57,15.09,1,4,1,0,2.5,5.24
5.65,40.52,1,1,1,0,1.0,-4.8
3.35,43.54,2,1,1,0,1.5,3.49
8.59,24.42,2,4,1,0,3.0,-5.99
10.7,29.07,1,2,1,1,1.5,-7.97
6.75,33.83,3,2,1,0,2.5,7.82
11.31,33.81,3,4,1,1,3.5,18.97
12.21,12.06,2,4,1,1,3.0,6.1
14.01,9.19,2,4,1,1,3.0,4.21
9.23,21.26,3,2,1,0,2.5,3.45
13.03,16.53,3,2,1,1,2.5,-4.93
11.63,43.14,3,4,1,1,3.5,5.38
9.53,10.33,1,1,1,0,1.0,8.74
8.37,19.74,1,4,1,0,2.5,-4.5
2.38,39.66,3,2,1,0,2.5,2.76
5.89,5.43,1,2,1,0,1.5,15.49
2.69,34.07,1,2,1,0,1.5,2.56
2.59,42.51,2,1,1,0,1.5,-0.13
14.24,18.93,1,2,1,1,1.5,1.76
14.1,27.77,2,1,1,1,1.5,3.63
3.83,7.4,3,1,1,0,2.0,3.92
14.91,12.32,1,1,1,1,1.0,-2.91
3.53,24.29,3,1,1,0,2.0,0.97
6.51,15.66,1,1,1,0,1.0,7.06
2.78,39.86,1,2,1,0,1.5,-8.65
3.23,24.18,3,2,1,0,2.5,-7.14
11.15,41.59,2,4,1,1,3.0,-9.01
14.53,34.25,2,4,1,1,3.0,8.34
10.81,32.01,2,2,1,1,2.0,-6.42
3.77,29.94,1,2,1,0,1.5,-7.52
9.37,43.17,2,2,1,0,2.0,19.09
7.19,47.01,2,1,1,0,1.5,12.91
8.01,48.27,2,2,1,0,2.0,17.25
2.21,31.83,2,4,1,0,3.0,-6.68
10.47,17.27,1,1,1,1,1.0,19.77
8.95,17.25,3,1,1,0,2.0,-4.82
12.51,19.29,3,2,1,1,2.5,-7.04
2.58,46.46,3,2,1,0,2.5,13.93
13.38,45.5,3,1,1,1,2.0,-3.71
4.0,19.42,2,4,1,0,3.0,-1.45
10.3,21.41,2,4,1,1,3.0,11.42
7.37,40.74,2,2,1,0,2.0,-3.14
9.55,10.64,2,4,1,0,3.0,10.79
4.53,18.26,1,2,1,0,1.5,19.19
12.92,22.32,2,2,1,1,2.0,-1.47
12.98,25.13,2,2,1,1,2.0,10.92
4.71,10.67,1,2,1,0,1.5,-3.26
13.92,17.83,2,4,1,1,3.0,18.69
6.18,18.95,1,1,1,0,1.0,-2.02
7.0,26.91,3,4,1,0,3.5,12.94
12.32,23.87,2,1,1,1,1.5,-3.73
8.33,13.93,3,2,1,0,2.5,6.14
5.2,43.74,1,1,1,0,1.0,9.92
11.15,24.46,1,1,1,1,1.0,-0.29
11.36,16.67,2,4,1,1,3.0,-0.28
4.82,39.3,3,1,1,0,2.0,1.75
8.9,44.95,2,4,1,0,3.0,13.92
4.78,33.46,3,2,1,0,2.5,-4.37
8.9,7.32,2,2,1,0,2.0,2.46
4.48,38.46,3,1,1,0,2.0,5.02
5.65,45.08,1,1,1,0,1.0,15.28
6.91,34.14,2,1,1,0,1.5,9.07
2.28,31.98,2,1,1,0,1.5,13.18
6.29,9.46,3,2,1,0,2.5,3.19
12.81,5.37,1,2,1,1,1.5,19.83
6.94,8.44,1,2,1,0,1.5,-0.88
8.11,15.96,1,1,1,0,1.0,16.99
2.55,12.54,2,2,1,0,2.0,2.64
11.16,28.6,3,4,1,1,3.5,0.75
11.39,43.32,2,1,1,1,1.5,-1.69
4.39,16.31,3,1,1,0,2.0,12.56
6.86,9.32,1,4,1,0,2.5,-4.17
4.13,21.91,2,4,1,0,3.0,0.79
2.58,38.24,2,1,1,0,1.5,8.73
9.79,48.68,2,2,1,0,2.0,5.43
9.63,40.32,1,1,1,0,1.0,4.32
8.64,45.09,1,1,1,0,1.0,4.28
4.06,48.14,3,1,1,0,2.0,-9.61
5.19,19.16,2,2,1,0,2.0,3.88
11.65,42.56,1,4,1,1,2.5,16.6
4.65,42.24,2,4,1,0,3.0,-9.07
7.89,31.32,1,1,1,0,1.0,-4.93
7.91,22.85,2,4,1,0,3.0,19.86
6.84,48.92,1,2,1,0,1.5,-6.71
2.22,47.9,1,1,1,0,1.0,17.36
7.92,17.29,1,2,1,0,1.5,10.82
11.31,46.05,3,4,1,1,3.5,7.18
5.98,47.01,2,2,1,0,2.0,-2.71
7.66,48.16,3,4,1,0,3.5,7.75
8.25,39.12,2,4,1,0,3.0,3.58
7.75,16.95,2,1,1,0,1.5,3.59
2.69,24.4,1,2,1,0,1.5,0.9
10.45,41.49,3,4,1,1,3.5,-0.34
8.21,11.67,1,1,1,0,1.0,-3.69
6.17,10.9,3,2,1,0,2.5,4.0
12.73,10.7,2,4,1,1,3.0,11.58
6.73,31.29,1,1,1,0,1.0,15.56
14.22,44.73,2,4,1,1,3.0,13.69
11.47,16.71,1,2,1,1,1.5,14.59
2.23,39.11,1,1,1,0,1.0,11.94
12.4,33.66,1,2,1,1,1.5,-4.05
2.4,13.48,3,1,1,0,2.0,7.18
11.62,28.08,3,4,1,1,3.5,11.88
5.7,13.21,2,2,1,0,2.0,-0.43
5.58,37.49,3,2,1,0,2.5,2.16
13.12,5.56,1,4,1,1,2.5,-7.98
4.85,19.54,2,1,1,0,1.5,9.57
12.56,49.49,2,1,1,1,1.5,-6.82
3.79,10.76,3,4,1,0,3.5,15.05
11.46,42.44,3,1,1,1,2.0,12.26
5.89,22.76,1,2,1,0,1.5,14.13
2.14,49.09,1,4,1,0,2.5,15.28
13.95,15.5,3,4,1,1,3.5,0.11
12.65,5.54,1,1,1,1,1.0,8.69
10.43,29.64,1,4,1,1,2.5,-8.64
7.05,12.52,3,4,1,0,3.5,13.07
8.81,34.06,1,4,1,0,2.5,19.76
6.17,20.63,2,2,1,0,2.0,14.84
2.46,48.5,3,4,1,0,3.5,18.51
6.81,5.26,3,4,1,0,3.5,13.31
8.68,6.14,3,1,1,0,2.0,15.36
13.54,35.94,1,1,1,1,1.0,-4.58
4.47,5.57,2,4,1,0,3.0,-0.13
12.02,39.51,1,4,1,1,2.5,15.78
2.62,11.17,1,2,1,0,1.5,18.13
9.24,19.12,1,2,1,0,1.5,13.23
10.22,24.38,3,4,1,1,3.5,-6.52
12.88,29.65,3,2,1,1,2.5,6.23
13.4,41.87,3,2,1,1,2.5,15.79
7.65,7.05,3,4,1,0,3.5,19.62
9.4,43.74,3,4,1,0,3.5,-5.25
11.64,32.43,3,1,1,1,2.0,-6.72
9.45,18.27,3,2,1,0,2.5,9.92
7.09,31.54,1,4,1,0,2.5,14.87
6.27,27.4,3,2,1,0,2.5,-2.87
7.5,41.81,1,1,1,0,1.0,-6.88
14.35,44.07,3,2,1,1,2.5,-5.98
10.57,31.5,2,4,1,1,3.0,3.67
11.57,13.96,2,1,1,1,1.5,19.02
6.91,16.68,3,2,1,0,2.5,4.46
14.54,34.62,2,4,1,1,3.0,18.82
14.66,23.45,3,2,1,1,2.5,6.41
14.79,6.47,2,1,1,1,1.5,19.5
14.26,12.07,2,4,1,1,3.0,-0.97
2.44,34.62,3,4,1,0,3.5,15.7
4.11,26.59,1,4,1,0,2.5,14.4
7.85,17.59,2,4,1,0,3.0,-5.98
4.75,44.4,1,4,1,0,2.5,16.4
11.83,22.3,3,1,1,1,2.0,5.96
13.59,10.35,3,4,1,1,3.5,0.72
11.07,47.92,3,1,1,1,2.0,0.44
6.5,16.14,2,2,1,0,2.0,-4.56
2.71,38.55,1,4,1,0,2.5,17.51
9.59,41.68,3,2,1,0,2.5,-6.64
6.1,20.85,2,4,1,0,3.0,3.91
14.39,13.54,2,4,1,1,3.0,10.24
8.48,11.46,3,4,1,0,3.5,-4.81
4.51,22.84,1,4,1,0,2.5,-0.87
10.49,32.2,3,4,1,1,3.5,17.61
4.26,17.14,1,2,1,0,1.5,-9.25
9.78,16.05,1,4,1,0,2.5,17.13
11.33,28.83,3,2,1,1,2.5,1.73
11.35,22.78,2,2,1,1,2.0,-9.12
3.62,24.62,3,4,1,0,3.5,15.32
14.52,30.24,1,1,1,1,1.0,15.73
11.55,12.48,1,4,1,1,2.5,11.14
6.28,34.06,3,2,1,0,2.5,14.2
4.1,26.94,3,1,1,0,2.0,-6.51
8.27,40.56,1,4,1,0,2.5,-6.67
13.63,18.24,3,4,1,1,3.5,-2.08
5.75,12.82,2,4,1,0,3.0,3.92
7.18,10.78,1,4,1,0,2.5,10.5
10.4,25.12,3,1,1,1,2.0,-6.66
5.38,35.7,3,4,1,0,3.5,4.71
5.1,45.24,3,4,1,0,3.5,2.41
11.5,33.58,1,4,1,1,2.5,-7.35
7.94,30.81,1,4,1,0,2.5,-7.93
14.72,5.57,2,4,1,1,3.0,4.19
13.54,36.62,1,4,1,1,2.5,17.83
2.37,13.95,3,2,1,0,2.5,8.53
7.31,12.3,2,4,1,0,3.0,2.73
6.56,35.05,3,2,1,0,2.5,-8.58
2.84,44.95,2,4,1,0,3.0,6.38
6.31,21.9,3,1,1,0,2.0,2.76
7.73,26.33,3,1,1,0,2.0,-6.41
11.36,44.84,3,2,1,1,2.5,2.14
3.68,21.3,2,4,1,0,3.0,-0.16
11.3,7.77,2,1,1,1,1.5,5.19
5.84,30.09,1,2,1,0,1.5,2.32
6.21,12.75,1,4,1,0,2.5,17.86
2.46,45.94,3,4,1,0,3.5,-7.02
14.23,13.35,2,2,1,1,2.0,-9.23
13.59,10.69,1,2,1,1,1.5,10.75
8.67,8.8,1,4,1,0,2.5,-0.37
2.86,46.56,3,4,1,0,3.5,-8.22
6.05,49.69,3,1,1,0,2.0,9.49
13.79,35.32,3,1,1,1,2.0,-5.84
6.29,15.0,2,4,1,0,3.0,10.67
2.05,40.84,2,1,1,0,1.5,-3.52
4.49,39.42,2,2,1,0,2.0,2.07
11.83,22.7,3,2,1,1,2.5,14.07
10.42,39.33,2,4,1,1,3.0,9.96
10.42,39.84,1,4,1,1,2.5,11.76
3.95,23.3,2,1,1,0,1.5,-6.93
3.66,32.14,3,4,1,0,3.5,16.97
11.11,49.87,2,4,1,1,3.0,14.12
6.29,21.46,3,4,1,0,3.5,6.78
9.16,32.34,1,2,1,0,1.5,-0.18
12.46,29.68,2,1,1,1,1.5,17.06
13.35,49.67,3,2,1,1,2.5,13.08
2.34,12.4,3,1,1,0,2.0,19.29
4.48,6.12,3,2,1,0,2.5,-6.7
4.19,39.47,1,2,1,0,1.5,-8.96
8.08,7.24,3,4,1,0,3.5,-8.22
14.73,12.98,1,4,1,1,2.5,-3.62
2.09,24.28,3,4,1,0,3.5,-7.75
10.32,44.33,2,4,1,1,3.0,-0.67
13.34,39.15,1,1,1,1,1.0,11.5
8.03,6.3,3,4,1,0,3.5,4.38
12.18,41.76,3,2,1,1,2.5,17.22
10.6,6.07,2,4,1,1,3.0,14.94
6.28,6.84,1,2,1,0,1.5,-6.15
2.42,25.47,3,2,1,0,2.5,0.23
6.27,12.73,1,4,1,0,2.5,2.58
3.06,9.16,2,2,1,0,2.0,7.39
6.52,30.64,1,2,1,0,1.5,4.43
9.36,33.97,2,1,1,0,1.5,-4.87
14.63,19.28,2,2,1,1,2.0,-5.09
11.89,22.91,1,4,1,1,2.5,-3.47
7.53,15.16,3,1,1,0,2.0,-4.91
13.02,38.76,1,2,1,1,1.5,-0.6
4.71,31.24,2,2,1,0,2.0,19.03
5.12,30.93,1,2,1,0,1.5,11.22
6.1,43.31,3,1,1,0,2.0,11.34
10.03,13.84,2,2,1,1,2.0,15.58
10.8,38.66,1,1,1,1,1.0,-5.94
14.65,35.55,2,1,1,1,1.5,11.63
9.02,32.59,1,4,1,0,2.5,-2.37
8.36,13.2,3,1,1,0,2.0,2.95
8.2,6.89,3,1,1,0,2.0,10.4
13.68,32.77,3,4,1,1,3.5,1.66
14.7,14.12,3,1,1,1,2.0,-9.26
5.34,14.93,1,4,1,0,2.5,9.04
13.13,42.65,2,4,1,1,3.0,-8.76
14.22,47.84,3,4,1,1,3.5,-3.57
8.6,6.79,1,2,1,0,1.5,4.68
7.11,28.37,2,2,1,0,2.0,-7.6
13.34,39.58,1,2,1,1,1.5,13.84
11.97,7.7,2,1,1,1,1.5,-6.3
4.48,46.32,1,4,1,0,2.5,5.3
12.96,14.17,1,1,1,1,1.0,-2.83
12.77,43.57,2,1,1,1,1.5,-6.85
14.97,8.44,1,2,1,1,1.5,16.28
12.04,25.25,1,2,1,1,1.5,-6.84
6.84,16.03,3,2,1,0,2.5,-2.79
9.72,18.7,1,4,1,0,2.5,19.78
14.11,28.97,2,1,1,1,1.5,-7.89
14.71,34.38,2,1,1,1,1.5,-4.77
11.27,26.66,1,4,1,1,2.5,3.83
7.06,11.8,3,4,1,0,3.5,-3.29
5.02,18.09,2,1,1,0,1.5,17.78
7.99,24.65,1,2,1,0,1.5,4.98
8.8,36.89,2,4,1,0,3.0,11.78
3.48,14.25,2,4,1,0,3.0,13.25
2.26,16.84,2,4,1,0,3.0,0.56
8.59,26.97,3,4,1,0,3.5,3.95
5.09,6.78,1,4,1,0,2.5,-8.41
13.61,42.41,1,2,1,1,1.5,13.95
7.68,38.52,2,2,1,0,2.0,-5.59
2.96,17.93,2,2,1,0,2.0,1.3
3.15,47.33,3,2,1,0,2.5,-8.72
3.25,21.22,2,2,1,0,2.0,2.75
3.0,24.56,2,4,1,0,3.0,6.11
6.8,27.99,3,2,1,0,2.5,6.56
6.71,6.39,3,4,1,0,3.5,-7.37
7.54,18.51,2,1,1,0,1.5,-2.53
5.89,27.76,2,1,1,0,1.5,0.6
5.24,17.09,3,1,1,0,2.0,11.13
13.75,35.05,2,1,1,1,1.5,2.82
5.39,35.92,1,1,1,0,1.0,11.08
6.96,46.25,3,2,1,0,2.5,-2.53
14.38,7.88,1,2,1,1,1.5,18.02
4.31,23.73,2,2,1,0,2.0,10.36
13.96,34.98,1,1,1,1,1.0,11.06
6.15,41.06,2,1,1,0,1.5,-5.24
7.88,9.51,3,1,1,0,2.0,-2.49
4.54,30.62,3,2,1,0,2.5,18.97
13.06,21.88,3,4,1,1,3.5,-0.66
12.97,13.77,1,2,1,1,1.5,6.96
7.07,29.04,2,2,1,0,2.0,5.6
5.73,20.43,2,1,1,0,1.5,-1.34
14.26,19.79,1,4,1,1,2.5,17.8
13.97,24.4,3,4,1,1,3.5,5.09
4.66,16.17,3,1,1,0,2.0,1.5
13.49,6.47,1,2,1,1,1.5,-4.8
2.08,8.17,2,2,1,0,2.0,-2.23
10.56,22.64,2,4,1,1,3.0,-5.19
6.47,43.27,1,1,1,0,1.0,9.09
9.35,46.71,3,1,1,0,2.0,10.76
10.21,23.69,2,2,1,1,2.0,-5.41
3.81,19.48,1,2,1,0,1.5,-2.0
7.89,47.69,3,2,1,0,2.5,10.61
12.73,41.13,3,4,1,1,3.5,18.65
10.91,17.19,3,2,1,1,2.5,9.18
4.49,20.27,3,4,1,0,3.5,4.03
7.3,25.84,2,1,1,0,1.5,-2.93
11.4,20.26,3,1,1,1,2.0,-0.32
2.7,45.9,2,2,1,0,2.0,18.49
9.65,28.05,1,2,1,0,1.5,16.17
12.79,15.22,2,1,1,1,1.5,4.11
10.42,9.35,3,1,1,1,2.0,1.91
13.76,46.43,2,1,1,1,1.5,5.03
12.75,29.12,2,1,1,1,1.5,-0.67
8.26,41.51,3,4,1,0,3.5,13.68
2.51,37.14,1,4,1,0,2.5,8.46
9.74,21.36,2,1,1,0,1.5,11.52
12.57,43.76,3,4,1,1,3.5,1.86
8.37,32.71,3,2,1,0,2.5,-5.62
3.06,26.41,3,1,1,0,2.0,13.44
12.97,19.68,1,4,1,1,2.5,-6.92
14.6,14.95,1,2,1,1,1.5,16.87
8.0,18.1,3,1,1,0,2.0,-2.61
8.21,38.76,2,1,1,0,1.5,-5.07
2.42,25.24,2,2,1,0,2.0,13.05
8.11,21.23,2,4,1,0,3.0,-5.1
8.46,9.69,3,1,1,0,2.0,-1.15
5.1,40.19,3,1,1,0,2.0,2.48
7.51,22.71,1,1,1,0,1.0,8.05
5.56,42.58,3,2,1,0,2.5,-7.29
2.18,20.08,1,4,1,0,2.5,2.74
10.87,25.31,2,4,1,1,3.0,10.23
12.14,8.09,2,1,1,1,1.5,17.96
10.1,49.8,1,2,1,1,1.5,-0.43
3.36,18.71,2,1,1,0,1.5,-6.12
8.8,10.88,2,2,1,0,2.0,4.08
3.76,46.67,1,1,1,0,1.0,-7.84
9.6,26.99,2,2,1,0,2.0,-9.49
12.72,47.87,1,1,1,1,1.0,7.38
8.2,47.33,2,1,1,0,1.5,8.57
4.92,28.68,2,4,1,0,3.0,18.73
3.56,38.24,2,2,1,0,2.0,8.61
9.03,16.36,3,4,1,0,3.5,1.86
14.59,19.72,3,2,1,1,2.5,-9.34
9.79,40.92,2,1,1,0,1.5,-7.36
6.45,35.26,3,2,1,0,2.5,0.76
14.64,30.69,3,1,1,1,2.0,0.23
6.33,28.81,2,4,1,0,3.0,3.08
10.8,8.16,3,2,1,1,2.5,14.22
2.87,15.85,1,1,1,0,1.0,13.11
13.11,18.29,1,1,1,1,1.0,14.46
11.92,25.23,3,2,1,1,2.5,7.95
12.58,7.72,1,4,1,1,2.5,13.35
13.25,27.53,1,1,1,1,1.0,8.59
2.98,27.84,1,2,1,0,1.5,18.07
2.16,18.01,3,4,1,0,3.5,7.7
13.13,9.29,3,2,1,1,2.5,-8.11
8.87,35.53,3,2,1,0,2.5,-0.49
12.66,9.57,1,1,1,1,1.0,5.28
13.39,44.44,3,1,1,1,2.0,9.65
11.83,37.84,1,4,1,1,2.5,-8.51
8.68,47.43,2,4,1,0,3.0,0.69
8.4,14.79,1,4,1,0,2.5,-6.9
7.21,49.89,1,2,1,0,1.5,16.6
11.31,40.49,1,4,1,1,2.5,0.59
13.85,45.02,1,4,1,1,2.5,19.14
14.52,25.93,3,4,1,1,3.5,4.55
5.67,20.94,1,2,1,0,1.5,15.18
2.1,13.1,3,4,1,0,3.5,-9.58
11.46,39.89,1,2,1,1,1.5,0.17
7.76,25.31,3,4,1,0,3.5,18.83
8.76,44.27,2,1,1,0,1.5,-5.97
4.03,10.04,1,1,1,0,1.0,9.72
12.97,7.14,2,1,1,1,1.5,5.39
14.38,40.07,2,4,1,1,3.0,14.07
13.32,36.79,1,2,1,1,1.5,11.83
9.35,12.76,2,4,1,0,3.0,10.55
11.39,6.55,2,1,1,1,1.5,11.8
2.91,41.8,2,2,1,0,2.0,-6.45
6.38,49.95,1,2,1,0,1.5,7.49
10.94,17.44,2,4,1,1,3.0,8.45
7.55,23.81,1,4,1,0,2.5,-2.03
11.02,34.54,2,4,1,1,3.0,-1.63
2.37,25.09,1,1,1,0,1.0,15.68
3.8,48.25,2,2,1,0,2.0,18.17
8.91,7.75,3,4,1,0,3.5,15.49
5.54,23.63,1,4,1,0,2.5,-8.96
10.01,14.49,1,4,1,1,2.5,5.59
8.27,21.53,2,2,1,0,2.0,10.79
14.26,15.12,1,2,1,1,1.5,3.94
12.2,35.1,1,1,1,1,1.0,7.55
5.13,36.79,1,2,1,0,1.5,13.56
7.54,21.71,2,2,1,0,2.0,16.49
10.63,33.11,2,2,1,1,2.0,-7.04
2.04,31.86,3,1,1,0,2.0,-3.62
4.15,25.47,1,1,1,0,1.0,18.52
11.88,24.07,3,1,1,1,2.0,15.73
8.11,6.38,2,4,1,0,3.0,-8.94
5.35,24.07,3,4,1,0,3.5,-5.42
10.56,8.34,2,1,1,1,1.5,9.25
2.61,5.35,2,2,1,0,2.0,8.04
8.83,41.33,2,2,1,0,2.0,-1.2
11.51,25.54,3,2,1,1,2.5,4.13
2.56,47.7,3,1,1,0,2.0,15.52
6.55,41.64,3,2,1,0,2.5,-1.98
9.59,32.68,2,2,1,0,2.0,4.99
13.31,6.6,2,1,1,1,1.5,19.56
2.41,41.9,3,1,1,0,2.0,-3.58
3.52,22.36,3,1,1,0,2.0,-7.09
5.31,6.35,2,2,1,0,2.0,19.51
5.07,11.96,3,2,1,0,2.5,-2.37
9.79,44.94,3,2,1,0,2.5,14.97
9.05,16.01,2,2,1,0,2.0,10.75
2.01,30.23,2,2,1,0,2.0,16.38
12.09,23.24,2,1,1,1,1.5,2.03
12.75,43.02,3,1,1,1,2.0,-3.25
14.56,21.89,1,2,1,1,1.5,-7.41
14.14,31.19,2,1,1,1,1.5,19.6
8.26,24.85,1,1,1,0,1.0,8.43
4.84,8.57,2,1,1,0,1.5,16.67
12.0,25.96,1,2,1,1,1.5,5.02
11.64,31.8,2,4,1,1,3.0,-3.44
10.58,31.94,3,2,1,1,2.5,0.05
11.01,33.61,3,2,1,1,2.5,-5.1
3.33,10.57,3,4,1,0,3.5,5.26
3.89,32.77,2,1,1,0,1.5,2.04
5.97,38.1,2,4,1,0,3.0,14.74
5.98,27.98,2,4,1,0,3.0,-9.9
9.76,41.02,3,1,1,0,2.0,1.41
3.76,29.44,2,4,1,0,3.0,2.39
7.47,34.07,1,2,1,0,1.5,14.9
3.89,35.27,2,2,1,0,2.0,4.72
11.18,27.64,2,2,1,1,2.0,13.34
4.57,30.43,1,4,1,0,2.5,-8.49
5.52,8.76,2,1,1,0,1.5,-9.77
2.4,37.8,1,2,1,0,1.5,-6.47
11.26,16.27,1,1,1,1,1.0,-6.92
4.85,5.73,3,1,1,0,2.0,19.03
4.76,8.98,3,1,1,0,2.0,-8.27
14.62,15.47,1,1,1,1,1.0,1.48
12.92,14.46,1,4,1,1,2.5,6.93
13.01,9.81,3,4,1,1,3.5,-4.43
8.73,18.86,2,1,1,0,1.5,-4.3
13.51,45.0,1,2,1,1,1.5,-8.25
12.61,27.94,2,1,1,1,1.5,5.12
9.92,7.86,2,1,1,0,1.5,6.2
3.29,7.73,2,4,1,0,3.0,2.98
11.41,12.82,3,1,1,1,2.0,-0.64
13.84,43.0,1,2,1,1,1.5,3.36
2.39,43.92,2,1,1,0,1.5,-1.21
7.93,13.36,3,1,1,0,2.0,-4.31
11.75,33.69,1,4,1,1,2.5,12.79
4.38,34.56,1,4,1,0,2.5,2.42
3.36,20.59,1,4,1,0,2.5,7.44
13.37,18.25,1,1,1,1,1.0,8.88
3.75,22.96,2,2,1,0,2.0,-8.49
5.02,39.37,2,4,1,0,3.0,-9.64
4.36,12.45,3,4,1,0,3.5,17.27
4.44,36.0,2,1,1,0,1.5,11.54
6.13,38.83,1,2,1,0,1.5,-1.84
13.34,26.38,1,4,1,1,2.5,11.8
13.56,39.32,1,1,1,1,1.0,7.16
7.91,19.74,1,1,1,0,1.0,3.52
2.58,40.01,1,2,1,0,1.5,11.31
14.98,10.41,3,2,1,1,2.5,0.36
3.72,13.13,2,4,1,0,3.0,-6.61
2.92,8.53,1,1,1,0,1.0,11.92
12.16,48.78,1,2,1,1,1.5,9.16
11.06,5.7,3,1,1,1,2.0,1.21
13.94,5.85,1,4,1,1,2.5,-9.79
4.44,12.2,1,1,1,0,1.0,-9.53
9.43,34.0,2,1,1,0,1.5,7.44
8.17,24.66,2,1,1,0,1.5,14.16
8.25,43.52,1,4,1,0,2.5,10.32
6.76,24.43,3,4,1,0,3.5,4.28
4.8,45.0,3,1,1,0,2.0,12.87
12.76,6.8,1,4,1,1,2.5,2.27
2.97,42.18,1,4,1,0,2.5,-7.41
11.53,46.72,3,4,1,1,3.5,-5.25
3.49,47.48,3,1,1,0,2.0,5.44
12.14,46.81,2,4,1,1,3.0,-2.04
2.74,21.18,2,1,1,0,1.5,12.33
6.71,15.7,2,1,1,0,1.5,3.66
14.57,22.59,3,1,1,1,2.0,13.62
3.43,24.2,1,4,1,0,2.5,-0.27
13.72,20.05,2,4,1,1,3.0,-6.92
11.58,23.68,3,1,1,1,2.0,5.37
9.2,47.21,3,2,1,0,2.5,4.18
14.73,28.82,1,1,1,1,1.0,-6.08
8.35,49.81,1,1,1,0,1.0,-4.46
4.92,41.63,2,2,1,0,2.0,8.81
6.84,7.94,2,4,1,0,3.0,9.16
9.04,7.64,3,1,1,0,2.0,19.59
11.73,46.64,2,1,1,1,1.5,7.57
6.22,21.66,1,4,1,0,2.5,11.43
10.18,19.21,3,2,1,1,2.5,-1.57
2.74,29.32,3,1,1,0,2.0,7.03
14.34,25.28,1,1,1,1,1.0,1.7
13.86,33.41,2,1,1,1,1.5,6.68
2.73,6.07,3,1,1,0,2.0,15.52
6.91,37.66,3,2,1,0,2.5,16.96
3.76,34.22,3,4,1,0,3.5,-0.38
13.2,29.14,2,1,1,1,1.5,11.81
14.09,14.25,1,1,1,1,1.0,-2.94
14.35,16.97,3,4,1,1,3.5,15.66
9.34,32.32,3,2,1,0,2.5,-0.23
14.97,12.49,3,1,1,1,2.0,19.54
11.92,41.0,1,2,1,1,1.5,11.58
12.58,46.21,1,1,1,1,1.0,-3.21
8.74,17.11,1,2,1,0,1.5,12.17
13.9,12.19,2,1,1,1,1.5,0.45
11.91,20.06,2,4,1,1,3.0,19.46
3.78,21.9,1,1,1,0,1.0,2.61
7.12,11.65,2,1,1,0,1.5,14.94
5.44,26.46,2,4,1,0,3.0,19.66
7.06,26.5,2,1,1,0,1.5,14.44
4.27,5.23,1,2,1,0,1.5,18.08
11.2,19.77,3,4,1,1,3.5,2.39
5.08,46.53,1,1,1,0,1.0,15.3
13.99,42.69,1,4,1,1,2.5,18.2
4.65,27.64,3,4,1,0,3.5,-1.9
5.03,10.53,2,1,1,0,1.5,0.95
10.65,33.81,3,4,1,1,3.5,6.1
9.77,16.78,1,2,1,0,1.5,4.95
3.37,24.22,2,4,1,0,3.0,5.1
2.78,24.45,2,1,1,0,1.5,-4.45
5.61,37.29,3,1,1,0,2.0,3.82
4.18,47.98,3,1,1,0,2.0,-8.11
3.74,35.43,1,2,1,0,1.5,0.27
8.52,48.06,2,4,1,0,3.0,2.09
10.76,43.33,3,4,1,1,3.5,10.51
4.72,26.14,1,2,1,0,1.5,8.98
12.95,27.04,3,2,1,1,2.5,-8.52
12.08,16.3,2,4,1,1,3.0,9.45
7.45,34.12,2,2,1,0,2.0,0.39
13.63,21.11,3,2,1,1,2.5,16.08
14.4,44.02,2,2,1,1,2.0,10.75
2.92,32.63,1,2,1,0,1.5,12.36
8.56,22.97,2,2,1,0,2.0,14.45
4.55,5.09,3,1,1,0,2.0,-5.31
2.57,25.56,3,4,1,0,3.5,4.23
2.1,19.17,3,4,1,0,3.5,-5.45
5.67,15.48,2,4,1,0,3.0,15.51
6.21,32.72,1,4,1,0,2.5,-3.2
12.93,49.99,2,4,1,1,3.0,5.55
6.71,21.65,2,2,1,0,2.0,-8.59
5.59,15.26,3,2,1,0,2.5,16.37
5.07,34.92,1,4,1,0,2.5,6.43
8.34,5.36,3,1,1,0,2.0,2.77
9.52,35.42,3,2,1,0,2.5,-6.05
9.61,46.99,2,1,1,0,1.5,8.55
13.76,5.13,2,1,1,1,1.5,-3.62
3.38,16.38,3,2,1,0,2.5,15.01
2.01,23.8,2,1,1,0,1.5,-5.13
10.05,5.75,2,2,1,1,2.0,12.59
5.51,34.41,1,1,1,0,1.0,13.9
2.44,26.2,2,1,1,0,1.5,3.3
6.33,19.52,3,4,1,0,3.5,-1.88
9.91,42.96,3,4,1,0,3.5,10.17
10.75,29.25,2,1,1,1,1.5,-0.84
8.43,37.64,1,4,1,0,2.5,10.07
2.62,29.93,1,2,1,0,1.5,14.86
5.25,18.33,3,1,1,0,2.0,-8.9
3.78,26.78,1,2,1,0,1.5,1.59
9.55,21.14,1,2,1,0,1.5,14.16
5.5,47.27,1,4,1,0,2.5,19.32
4.96,7.67,1,4,1,0,2.5,-8.0
12.31,25.61,3,2,1,1,2.5,2.03
3.41,31.92,3,2,1,0,2.5,10.08
4.14,5.75,2,4,1,0,3.0,19.7
3.27,11.24,3,1,1,0,2.0,-6.37
7.04,32.25,1,1,1,0,1.0,-8.39
11.03,38.74,2,1,1,1,1.5,10.63
3.04,24.57,2,1,1,0,1.5,8.53
6.07,5.83,1,1,1,0,1.0,-9.36
10.12,21.19,1,1,1,1,1.0,4.18
13.43,32.36,2,1,1,1,1.5,18.18
11.71,17.69,2,1,1,1,1.5,10.1
13.05,22.89,1,2,1,1,1.5,-2.6
7.35,37.41,1,4,1,0,2.5,15.18
2.93,20.84,1,4,1,0,2.5,6.05
11.43,33.29,1,4,1,1,2.5,3.84
12.1,47.42,3,4,1,1,3.5,13.92
7.59,21.98,1,4,1,0,2.5,-1.71
3.46,14.59,1,2,1,0,1.5,7.94
4.35,14.02,1,1,1,0,1.0,17.71
10.07,25.71,1,4,1,1,2.5,10.53
4.36,14.85,1,2,1,0,1.5,18.91
10.96,44.19,3,4,1,1,3.5,-6.93
12.09,35.77,2,1,1,1,1.5,7.47
5.94,27.32,1,2,1,0,1.5,0.02
12.49,19.87,1,4,1,1,2.5,19.77
14.69,47.5,1,4,1,1,2.5,9.31
9.31,41.09,3,1,1,0,2.0,5.56
14.96,31.27,2,2,1,1,2.0,18.72
9.63,22.1,1,4,1,0,2.5,-9.37
3.61,41.07,2,1,1,0,1.5,11.11
11.42,31.71,1,2,1,1,1.5,8.36
4.46,12.6,2,4,1,0,3.0,14.32
6.04,42.55,3,2,1,0,2.5,-1.62
2.46,19.26,3,4,1,0,3.5,10.03
8.6,30.09,2,2,1,0,2.0,17.66
7.85,38.22,1,4,1,0,2.5,-0.91
13.65,26.67,2,4,1,1,3.0,15.26
5.31,7.86,1,2,1,0,1.5,17.48
9.28,20.59,1,1,1,0,1.0,5.24
8.36,27.85,3,2,1,0,2.5,6.23
4.81,36.0,1,2,1,0,1.5,-4.56
14.72,43.38,2,1,1,1,1.5,13.02
8.1,48.34,3,2,1,0,2.5,8.78
6.94,39.13,2,1,1,0,1.5,4.35
8.96,44.83,3,1,1,0,2.0,19.63
6.3,40.6,3,2,1,0,2.5,18.9
6.57,32.88,2,4,1,0,3.0,7.85
6.27,40.95,3,2,1,0,2.5,10.83
9.19,20.18,3,2,1,0,2.5,9.09
9.79,46.73,1,2,1,0,1.5,9.32
4.11,18.03,2,4,1,0,3.0,-9.08
13.52,40.74,2,2,1,1,2.0,4.81
4.27,38.89,3,4,1,0,3.5,-4.0
4.1,29.01,1,4,1,0,2.5,9.71
7.3,35.67,1,4,1,0,2.5,9.86
2.94,38.56,1,1,1,0,1.0,16.05
9.0,28.11,1,1,1,0,1.0,-3.04
6.64,40.69,2,4,1,0,3.0,16.44
11.36,8.0,1,1,1,1,1.0,4.76
14.17,24.58,1,4,1,1,2.5,10.63
12.35,6.55,3,1,1,1,2.0,8.35
13.31,37.68,2,1,1,1,1.5,5.58
13.13,21.38,3,4,1,1,3.5,15.84
6.78,27.44,2,1,1,0,1.5,7.91
14.64,35.68,1,4,1,1,2.5,18.09
12.22,17.88,3,4,1,1,3.5,14.86
5.79,45.29,3,1,1,0,2.0,16.15
4.0,28.0,1,4,1,0,2.5,1.87
4.57,6.63,1,1,1,0,1.0,3.91
9.76,12.77,3,2,1,0,2.5,13.39
5.48,13.34,2,2,1,0,2.0,15.6
9.24,16.43,3,4,1,0,3.5,14.93
5.24,15.27,2,2,1,0,2.0,-3.13
10.09,7.73,2,4,1,1,3.0,-4.34
5.37,35.93,2,2,1,0,2.0,-0.57
8.55,6.52,1,1,1,0,1.0,18.1
9.85,18.9,2,4,1,0,3.0,-1.94
12.24,10.45,1,1,1,1,1.0,13.25
4.04,41.84,3,2,1,0,2.5,0.22
5.62,39.58,2,4,1,0,3.0,19.65
13.62,38.63,2,4,1,1,3.0,9.3
11.27,45.95,1,4,1,1,2.5,16.19
4.27,18.02,2,4,1,0,3.0,1.48
2.91,44.11,3,1,1,0,2.0,-4.73
8.34,37.11,2,4,1,0,3.0,11.62
11.19,34.29,3,4,1,1,3.5,8.17
6.24,20.89,3,4,1,0,3.5,13.48
3.83,36.41,3,4,1,0,3.5,19.73
7.91,18.38,3,1,1,0,2.0,12.45
10.13,12.34,3,1,1,1,2.0,-1.2
3.03,7.88,1,1,1,0,1.0,-2.87
6.65,40.57,1,4,1,0,2.5,17.61
3.98,43.63,3,4,1,0,3.5,7.56
2.06,19.22,1,2,1,0,1.5,2.45
7.92,24.58,1,4,1,0,2.5,5.23
14.63,13.97,1,4,1,1,2.5,10.54
12.99,41.59,1,1,1,1,1.0,10.23
7.04,43.17,2,2,1,0,2.0,14.74
8.16,47.34,2,1,1,0,1.5,18.14
12.44,31.55,3,1,1,1,2.0,6.36
13.25,49.07,2,2,1,1,2.0,4.76
12.63,15.98,3,2,1,1,2.5,-1.31
5.16,24.61,3,4,1,0,3.5,15.98
10.04,41.09,1,1,1,1,1.0,15.77
14.7,33.15,3,1,1,1,2.0,9.41
14.08,18.77,2,4,1,1,3.0,1.73
3.13,27.01,2,4,1,0,3.0,3.63
10.29,35.49,3,2,1,1,2.5,15.45
3.96,7.39,3,2,1,0,2.5,-8.17
2.23,42.92,3,2,1,0,2.5,0.56
5.84,31.9,3,2,1,0,2.5,-6.58
10.5,35.43,1,2,1,1,1.5,-3.9
9.29,46.3,1,2,1,0,1.5,-3.22
4.11,22.66,1,1,1,0,1.0,-9.7
5.63,48.27,2,4,1,0,3.0,5.86
3.13,11.56,3,4,1,0,3.5,7.43
13.94,14.13,2,2,1,1,2.0,6.67
3.51,43.4,3,4,1,0,3.5,-0.28
7.83,15.1,2,1,1,0,1.5,10.98
7.69,37.74,3,4,1,0,3.5,0.12
4.9,15.26,2,4,1,0,3.0,-6.51
4.59,13.48,1,1,1,0,1.0,11.86
8.78,34.07,2,1,1,0,1.5,-3.57
11.2,37.46,1,4,1,1,2.5,-5.67
8.46,34.35,1,1,1,0,1.0,1.03
5.7,27.89,1,2,1,0,1.5,17.74
6.95,21.69,3,2,1,0,2.5,-6.29
9.93,33.79,2,2,1,0,2.0,-7.18
5.32,38.31,1,2,1,0,1.5,18.82
10.7,38.69,3,4,1,1,3.5,-7.51
12.31,21.53,1,4,1,1,2.5,9.21
12.09,25.49,1,2,1,1,1.5,-2.18
3.16,8.03,3,2,1,0,2.5,-5.57
14.31,5.94,1,2,1,1,1.5,11.72
10.59,48.37,1,1,1,1,1.0,-7.11
9.98,46.2,2,1,1,0,1.5,18.92
4.2,23.48,3,2,1,0,2.5,1.63
4.42,29.69,1,2,1,0,1.5,17.86
4.8,40.68,1,2,1,0,1.5,-1.14
9.61,39.58,3,2,1,0,2.5,-6.45
2.1,7.05,2,2,1,0,2.0,18.12
8.12,18.15,2,2,1,0,2.0,-7.57
4.84,40.26,1,1,1,0,1.0,-0.23
9.28,13.63,2,2,1,0,2.0,11.34
12.93,45.53,1,4,1,1,2.5,7.72
13.06,6.43,1,4,1,1,2.5,14.06
10.75,30.08,1,1,1,1,1.0,10.75
13.76,47.01,3,4,1,1,3.5,-5.08
13.05,9.24,1,2,1,1,1.5,-6.23
4.7,41.54,2,2,1,0,2.0,5.74
6.21,9.93,2,2,1,0,2.0,15.66
7.29,20.17,2,1,1,0,1.5,2.8
2.29,18.98,3,2,1,0,2.5,16.02
13.06,32.87,1,2,1,1,1.5,4.06
2.31,17.75,3,2,1,0,2.5,8.47
6.05,19.36,3,1,1,0,2.0,3.0
2.51,23.09,1,1,1,0,1.0,13.91
3.52,11.04,2,4,1,0,3.0,4.24
3.81,42.32,3,1,1,0,2.0,12.6
14.03,16.79,3,1,1,1,2.0,11.36
13.45,48.24,1,4,1,1,2.5,4.11
3.55,41.16,1,2,1,0,1.5,3.49
13.18,41.15,2,4,1,1,3.0,19.37
12.48,39.4,3,2,1,1,2.5,8.79
8.51,9.25,2,2,1,0,2.0,-6.93
7.93,30.68,1,4,1,0,2.5,17.4
2.82,42.81,2,2,1,0,2.0,12.13
14.82,18.2,2,2,1,1,2.0,-1.14
3.8,17.42,2,4,1,0,3.0,3.47
12.36,45.88,1,2,1,1,1.5,19.88
7.98,22.25,2,1,1,0,1.5,15.29
12.8,9.69,1,2,1,1,1.5,17.27
7.7,9.36,2,1,1,0,1.5,0.09
14.67,32.03,1,1,1,1,1.0,3.48
9.95,36.74,1,4,1,0,2.5,7.37
12.4,11.76,2,1,1,1,1.5,5.81
3.42,10.12,1,1,1,0,1.0,-4.7
10.69,38.22,2,2,1,1,2.0,19.74
2.24,30.34,2,4,1,0,3.0,14.03
11.92,44.86,1,2,1,1,1.5,-6.42
5.25,12.68,1,2,1,0,1.5,-9.81
7.57,32.02,1,2,1,0,1.5,-1.25
10.24,44.88,1,4,1,1,2.5,13.94
8.73,39.17,3,4,1,0,3.5,0.49
12.34,38.9,3,2,1,1,2.5,9.14
5.05,13.19,2,4,1,0,3.0,2.53
4.9,48.23,3,4,1,0,3.5,-1.62
2.68,31.76,2,1,1,0,1.5,11.09
9.09,14.46,1,1,1,0,1.0,17.47
10.63,7.73,1,1,1,1,1.0,5.8
4.7,37.56,3,2,1,0,2.5,5.58
4.03,16.11,2,2,1,0,2.0,-6.15
4.18,19.37,1,2,1,0,1.5,-5.6
5.38,45.34,3,2,1,0,2.5,-2.43
13.36,36.51,1,2,1,1,1.5,0.21
7.18,33.59,1,2,1,0,1.5,0.08
5.04,41.93,2,1,1,0,1.5,19.42
10.04,26.29,1,2,1,1,1.5,14.23
2.15,40.14,1,4,1,0,2.5,13.63
8.57,6.63,3,4,1,0,3.5,16.75
7.34,28.37,3,4,1,0,3.5,-5.73
6.99,17.64,2,1,1,0,1.5,-0.63
4.78,39.86,2,1,1,0,1.5,13.79
6.62,32.98,1,2,1,0,1.5,-0.95
11.06,30.03,3,1,1,1,2.0,-9.08
2.57,16.25,2,2,1,0,2.0,18.71
8.86,30.82,2,2,1,0,2.0,-5.19
4.62,23.12,3,4,1,0,3.5,-3.63
14.28,40.07,3,2,1,1,2.5,19.66
3.46,49.47,2,4,1,0,3.0,16.26
14.37,43.9,1,2,1,1,1.5,8.1
12.45,28.21,1,4,1,1,2.5,-6.78
13.69,43.51,3,2,1,1,2.5,1.84
2.41,28.85,1,4,1,0,2.5,9.28
3.76,19.09,2,1,1,0,1.5,15.83
10.17,14.24,1,1,1,1,1.0,0.42
9.31,35.19,2,1,1,0,1.5,-8.61
6.46,36.39,3,4,1,0,3.5,19.3
2.15,29.22,1,4,1,0,2.5,-7.07
5.96,24.27,1,1,1,0,1.0,16.21
5.97,24.08,3,2,1,0,2.5,-1.67
3.09,9.45,1,1,1,0,1.0,-8.94
10.64,23.96,3,1,1,1,2.0,4.9
9.19,34.56,2,4,1,0,3.0,18.81
7.89,18.04,3,1,1,0,2.0,5.7
14.57,43.92,2,1,1,1,1.5,0.69
14.27,46.38,1,2,1,1,1.5,5.85
5.37,33.52,1,2,1,0,1.5,-2.27
14.06,32.78,2,2,1,1,2.0,1.22
11.07,30.17,2,2,1,1,2.0,11.19
14.51,40.82,1,2,1,1,1.5,16.32
14.05,35.61,2,4,1,1,3.0,15.29
8.22,15.44,2,4,1,0,3.0,10.17
10.59,39.24,2,4,1,1,3.0,-9.07
14.21,45.42,1,1,1,1,1.0,9.01
9.68,24.85,1,2,1,0,1.5,9.3
5.56,15.05,2,2,1,0,2.0,-3.95
13.09,39.21,3,2,1,1,2.5,1.22
9.28,26.46,3,1,1,0,2.0,4.7
10.21,44.93,3,2,1,1,2.5,-1.88
5.68,35.51,3,1,1,0,2.0,3.1
13.48,41.65,3,1,1,1,2.0,9.51
14.64,42.28,1,1,1,1,1.0,-1.11
14.99,39.29,2,1,1,1,1.5,-4.07
11.3,5.44,1,2,1,1,1.5,16.31
14.47,43.8,1,4,1,1,2.5,15.71
13.99,49.63,1,1,1,1,1.0,6.44
14.77,45.48,2,1,1,1,1.5,14.86
10.94,15.61,3,4,1,1,3.5,0.37
2.22,43.0,1,2,1,0,1.5,17.23
9.31,6.6,1,2,1,0,1.5,-5.6
9.69,10.82,1,1,1,0,1.0,19.36
10.36,7.51,3,1,1,1,2.0,1.61
10.02,20.21,3,1,1,1,2.0,17.9
7.21,26.9,2,4,1,0,3.0,17.48
11.11,16.41,3,1,1,1,2.0,-6.85
3.23,30.14,2,2,1,0,2.0,-4.8
9.71,30.42,1,1,1,0,1.0,4.07
8.79,46.01,1,2,1,0,1.5,17.96
5.88,33.8,2,4,1,0,3.0,-0.47
2.34,15.46,1,2,1,0,1.5,6.69
4.27,13.98,3,2,1,0,2.5,-8.56
14.09,37.67,1,4,1,1,2.5,1.25
7.38,32.92,2,4,1,0,3.0,7.8
5.02,36.3,1,2,1,0,1.5,5.73
7.17,41.56,1,2,1,0,1.5,-4.8
13.22,11.04,1,4,1,1,2.5,2.95
6.81,35.43,2,1,1,0,1.5,0.38
2.21,17.31,3,1,1,0,2.0,-2.27
4.79,18.48,3,1,1,0,2.0,18.52
5.31,31.62,3,1,1,0,2.0,-2.31
3.59,47.93,1,4,1,0,2.5,1.52
5.55,16.32,3,1,1,0,2.0,-3.64
2.77,20.05,1,1,1,0,1.0,-5.59
9.03,42.03,3,2,1,0,2.5,-3.48
3.71,5.57,2,2,1,0,2.0,11.66
2.29,33.98,3,4,1,0,3.5,6.46
6.39,22.16,2,2,1,0,2.0,2.91
5.53,22.85,3,2,1,0,2.5,-3.12
9.58,6.56,2,1,1,0,1.5,9.14
11.25,41.18,3,2,1,1,2.5,-2.2
9.89,43.89,2,2,1,0,2.0,-0.43
14.25,7.74,3,2,1,1,2.5,18.48
12.02,9.0,2,2,1,1,2.0,-8.94
6.77,20.8,2,4,1,0,3.0,16.16
7.99,48.04,1,2,1,0,1.5,6.05
9.25,36.97,1,1,1,0,1.0,8.82
14.94,40.96,2,2,1,1,2.0,3.38
3.6,16.58,3,1,1,0,2.0,14.68
8.85,18.05,3,1,1,0,2.0,10.25
4.9,20.12,1,4,1,0,2.5,6.66
6.34,26.71,2,2,1,0,2.0,10.26
8.85,42.55,3,1,1,0,2.0,2.31
6.43,17.46,3,4,1,0,3.5,-2.55
6.33,44.61,1,1,1,0,1.0,-9.44
6.54,29.2,1,2,1,0,1.5,9.21
13.94,42.94,3,4,1,1,3.5,4.44
5.54,43.55,1,2,1,0,1.5,11.92
4.59,25.58,2,2,1,0,2.0,9.25
11.16,42.16,3,2,1,1,2.5,-7.71
9.03,40.2,2,4,1,0,3.0,-9.98
11.43,48.18,3,4,1,1,3.5,5.81
7.87,38.31,3,2,1,0,2.5,-3.65
7.38,32.41,3,2,1,0,2.5,-7.6
10.62,42.91,1,2,1,1,1.5,-6.84
9.58,47.26,1,1,1,0,1.0,2.31
6.32,47.35,2,2,1,0,2.0,5.6
6.36,18.39,1,2,1,0,1.5,10.07
6.83,25.02,1,1,1,0,1.0,-7.64
4.48,14.11,3,2,1,0,2.5,19.55
9.14,31.01,3,1,1,0,2.0,-5.67
11.31,10.62,3,1,1,1,2.0,-1.95
10.47,12.49,1,2,1,1,1.5,1.92
8.22,40.17,1,4,1,0,2.5,-0.78
6.36,32.54,1,4,1,0,2.5,11.57
3.48,18.17,3,1,1,0,2.0,2.45
9.28,37.85,3,1,1,0,2.0,16.59
9.31,31.04,2,2,1,0,2.0,-5.41
14.57,21.7,3,1,1,1,2.0,-6.98
9.62,47.14,2,4,1,0,3.0,-1.64
3.85,34.79,3,2,1,0,2.5,-6.64
2.0,29.48,2,1,1,0,1.5,1.34
11.89,41.67,3,1,1,1,2.0,18.09
3.61,33.25,1,4,1,0,2.5,9.54
12.01,47.52,1,4,1,1,2.5,-8.55
13.78,36.91,3,1,1,1,2.0,12.67
2.73,22.79,2,4,1,0,3.0,1.5
14.38,18.37,2,4,1,1,3.0,18.06
11.8,47.96,3,2,1,1,2.5,14.31
3.77,29.16,3,4,1,0,3.5,10.09
12.75,11.3,1,4,1,1,2.5,9.2
13.04,24.04,3,1,1,1,2.0,-5.54
6.24,32.63,1,1,1,0,1.0,4.93
13.47,47.56,2,2,1,1,2.0,4.0
5.17,14.72,3,4,1,0,3.5,14.95
13.42,36.05,3,4,1,1,3.5,14.34
2.42,12.9,3,1,1,0,2.0,-3.82
7.43,45.31,2,1,1,0,1.5,6.43
3.3,7.13,2,1,1,0,1.5,6.4
13.41,41.37,2,4,1,1,3.0,-8.96
11.07,27.04,1,2,1,1,1.5,11.99
10.43,21.85,2,2,1,1,2.0,-8.35
2.29,25.17,2,4,1,0,3.0,-8.79
3.75,43.53,1,2,1,0,1.5,7.44
13.77,24.86,1,4,1,1,2.5,8.42
9.59,42.06,3,2,1,0,2.5,18.84
12.49,15.24,2,1,1,1,1.5,11.65
8.64,5.4,2,4,1,0,3.0,-8.19
11.54,7.51,2,2,1,1,2.0,12.49
14.76,36.79,1,2,1,1,1.5,19.15
7.61,23.22,1,1,1,0,1.0,11.81
10.72,26.01,2,1,1,1,1.5,5.76
4.48,33.82,3,1,1,0,2.0,-4.73
5.24,29.03,3,2,1,0,2.5,2.4
8.99,20.57,1,1,1,0,1.0,8.82
14.1,28.52,1,4,1,1,2.5,15.86
14.46,10.62,2,4,1,1,3.0,15.08
7.63,33.48,3,2,1,0,2.5,3.99
14.43,23.37,3,1,1,1,2.0,12.46
9.92,30.39,3,1,1,0,2.0,6.81
7.75,41.9,2,4,1,0,3.0,15.72
6.71,40.74,3,4,1,0,3.5,-1.02
7.93,26.82,2,2,1,0,2.0,-2.63
5.71,19.98,1,1,1,0,1.0,-9.55
13.79,6.35,3,4,1,1,3.5,-6.07
6.77,34.32,2,4,1,0,3.0,-5.77
3.71,38.83,3,4,1,0,3.5,11.57
5.1,45.68,1,2,1,0,1.5,-6.41
6.04,25.7,3,2,1,0,2.5,4.67
6.56,27.44,2,2,1,0,2.0,13.29
5.15,46.26,2,2,1,0,2.0,17.91
13.08,37.47,1,4,1,1,2.5,11.03
14.47,49.73,2,2,1,1,2.0,-1.12
2.87,24.56,2,2,1,0,2.0,-1.69
3.24,46.22,2,2,1,0,2.0,-4.17
2.0,21.48,1,1,1,0,1.0,-4.15
8.45,5.82,2,4,1,0,3.0,10.53
5.63,15.02,3,4,1,0,3.5,18.37
13.05,28.58,3,2,1,1,2.5,17.27
5.2,5.83,3,1,1,0,2.0,10.67
12.13,48.7,1,4,1,1,2.5,11.76
11.01,13.42,3,4,1,1,3.5,2.86
11.21,37.85,1,4,1,1,2.5,-0.1
9.01,43.39,3,4,1,0,3.5,13.83
7.04,36.44,1,1,1,0,1.0,12.6
9.06,30.39,1,1,1,0,1.0,-9.4
6.28,25.42,3,1,1,0,2.0,20.0
11.71,42.32,3,2,1,1,2.5,-1.71
6.86,36.57,3,2,1,0,2.5,-9.94
9.92,35.54,3,4,1,0,3.5,-1.4
5.39,49.05,1,1,1,0,1.0,2.91
7.22,29.77,2,2,1,0,2.0,-2.23
10.94,29.93,2,4,1,1,3.0,3.83
9.33,9.86,3,2,1,0,2.5,6.46
8.98,12.17,3,2,1,0,2.5,9.37
10.88,37.64,1,1,1,1,1.0,-6.62
10.69,18.55,1,1,1,1,1.0,-7.77
11.47,5.94,1,4,1,1,2.5,19.93
5.08,9.78,2,2,1,0,2.0,-3.15
2.41,6.27,1,1,1,0,1.0,0.09
13.58,40.16,3,4,1,1,3.5,18.7
11.25,29.96,3,4,1,1,3.5,1.37
13.17,11.47,1,4,1,1,2.5,11.66
9.03,38.16,2,2,1,0,2.0,13.93
2.82,36.83,1,4,1,0,2.5,-5.13
7.57,10.83,1,4,1,0,2.5,-7.5
5.87,27.95,2,1,1,0,1.5,2.56
7.17,12.91,1,1,1,0,1.0,10.01
9.88,41.31,2,2,1,0,2.0,4.47
10.58,22.53,1,4,1,1,2.5,-4.46
9.82,28.8,3,4,1,0,3.5,-0.04
10.86,7.61,3,1,1,1,2.0,-3.0
8.21,16.77,3,1,1,0,2.0,-4.85
4.61,6.86,1,1,1,0,1.0,0.92
9.45,8.71,3,1,1,0,2.0,-3.83
7.16,27.61,2,1,1,0,1.5,-5.98
12.69,32.18,2,1,1,1,1.5,1.55
9.07,48.51,3,4,1,0,3.5,6.89
7.66,39.15,2,2,1,0,2.0,2.0
3.8,39.4,1,4,1,0,2.5,9.24
14.09,25.63,1,2,1,1,1.5,11.25
12.4,16.66,2,1,1,1,1.5,6.34
2.61,8.53,1,4,1,0,2.5,14.62
12.21,22.96,2,1,1,1,1.5,4.17
5.86,21.86,3,2,1,0,2.5,-1.78
6.38,27.86,3,2,1,0,2.5,4.21
6.74,34.49,2,1,1,0,1.5,4.07
13.45,23.1,2,4,1,1,3.0,10.85
10.2,32.08,3,1,1,1,2.0,15.0
11.0,37.43,1,1,1,1,1.0,-2.1
13.27,6.06,2,1,1,1,1.5,19.71
5.08,20.49,3,4,1,0,3.5,-7.16
14.89,38.8,3,2,1,1,2.5,-4.74
2.9,45.29,1,1,1,0,1.0,-0.5
3.92,15.86,2,2,1,0,2.0,-9.92
12.04,36.16,1,2,1,1,1.5,0.17
11.84,28.16,1,1,1,1,1.0,-0.71
4.66,48.83,1,4,1,0,2.5,-7.56
13.09,47.1,3,4,1,1,3.5,5.89
3.96,18.05,2,2,1,0,2.0,2.49
11.77,18.2,3,2,1,1,2.5,1.16
2.91,14.42,3,1,1,0,2.0,14.18
2.0,43.5,1,1,1,0,1.0,-7.37
4.2,15.75,2,4,1,0,3.0,14.98
9.53,49.67,2,4,1,0,3.0,12.72
14.7,29.6,2,4,1,1,3.0,15.66
3.06,13.92,3,4,1,0,3.5,14.03
5.34,36.32,3,1,1,0,2.0,9.29
10.1,44.53,2,2,1,1,2.0,19.04
8.85,32.05,3,1,1,0,2.0,-2.28
5.68,15.16,2,4,1,0,3.0,2.46
4.43,29.28,2,2,1,0,2.0,-0.38
13.62,13.81,1,1,1,1,1.0,-8.96
10.24,14.27,2,1,1,1,1.5,-7.97
7.36,46.95,1,4,1,0,2.5,7.53
8.31,9.63,2,1,1,0,1.5,8.45
5.39,7.37,1,1,1,0,1.0,7.32
5.04,14.26,2,4,1,0,3.0,11.98
4.24,27.26,1,4,1,0,2.5,0.15
9.92,45.09,1,2,1,0,1.5,-4.26
10.52,13.13,2,1,1,1,1.5,14.25
14.8,45.15,3,4,1,1,3.5,-7.76
11.59,17.73,1,4,1,1,2.5,-6.09
12.67,38.04,2,1,1,1,1.5,-2.36
4.88,26.29,2,4,1,0,3.0,2.16
14.91,27.46,2,2,1,1,2.0,11.21
8.08,21.83,2,1,1,0,1.5,11.31
6.92,25.37,2,4,1,0,3.0,2.82
4.3,14.26,3,1,1,0,2.0,16.59
6.79,27.34,1,2,1,0,1.5,2.83
5.75,46.71,2,1,1,0,1.5,1.37
13.25,47.65,1,2,1,1,1.5,5.66
6.82,12.48,2,2,1,0,2.0,11.91
14.9,21.19,2,1,1,1,1.5,18.46
3.26,10.61,2,4,1,0,3.0,-4.97
12.83,45.76,1,2,1,1,1.5,1.66
3.27,37.18,2,4,1,0,3.0,-0.7
4.73,13.69,1,2,1,0,1.5,15.0
12.35,34.98,2,1,1,1,1.5,17.37
6.23,36.31,1,2,1,0,1.5,-1.47
12.23,44.04,3,1,1,1,2.0,4.7
11.44,31.02,3,1,1,1,2.0,5.31
10.11,15.72,1,4,1,1,2.5,19.39
13.8,25.72,1,4,1,1,2.5,1.31
11.69,47.81,2,4,1,1,3.0,-7.77
2.99,42.34,3,1,1,0,2.0,-6.03
8.64,38.41,1,1,1,0,1.0,17.38
11.77,23.2,2,4,1,1,3.0,16.04
14.02,10.09,1,1,1,1,1.0,-8.33
3.89,32.15,2,2,1,0,2.0,3.08
7.45,27.55,2,4,1,0,3.0,13.23
10.75,46.76,3,4,1,1,3.5,12.14
8.47,27.99,1,4,1,0,2.5,-6.95
10.71,12.8,1,4,1,1,2.5,-8.17
3.2,31.11,3,2,1,0,2.5,-2.26
14.78,14.43,2,4,1,1,3.0,-8.43
8.83,24.17,2,4,1,0,3.0,-6.59
9.37,36.85,3,1,1,0,2.0,-7.2
7.19,35.01,1,2,1,0,1.5,14.11
5.29,14.42,2,1,1,0,1.5,4.36
3.12,16.87,2,4,1,0,3.0,6.73
8.75,38.99,2,4,1,0,3.0,9.73
4.79,43.76,2,2,1,0,2.0,2.59
5.22,23.08,3,1,1,0,2.0,11.26
8.12,11.93,1,4,1,0,2.5,13.98
13.1,48.84,2,4,1,1,3.0,7.87
7.05,31.09,3,2,1,0,2.5,19.43
2.58,12.88,3,4,1,0,3.5,1.39
8.71,18.55,1,4,1,0,2.5,17.23
11.33,46.98,1,4,1,1,2.5,-8.99
12.26,45.75,3,1,1,1,2.0,15.62
14.71,36.6,1,4,1,1,2.5,-6.3
14.66,8.65,2,1,1,1,1.5,-0.48
4.11,10.25,2,4,1,0,3.0,5.97
10.19,21.02,1,1,1,1,1.0,14.09
8.87,28.61,2,2,1,0,2.0,0.1
5.36,44.2,3,1,1,0,2.0,6.59
4.7,43.07,2,4,1,0,3.0,11.06
6.42,29.09,2,4,1,0,3.0,17.97
8.92,7.42,1,4,1,0,2.5,16.8
12.02,25.68,1,4,1,1,2.5,19.37
4.46,9.79,1,4,1,0,2.5,13.73
4.7,33.62,3,4,1,0,3.5,-5.58
3.7,46.82,2,2,1,0,2.0,-0.45
9.76,20.86,3,2,1,0,2.5,-8.8
10.31,36.21,2,2,1,1,2.0,-6.81
10.01,8.4,3,1,1,1,2.0,11.09
2.28,17.01,2,4,1,0,3.0,4.01
12.55,8.29,3,2,1,1,2.5,18.06
8.98,9.72,2,2,1,0,2.0,6.16
8.98,35.69,3,4,1,0,3.5,14.95
2.45,44.49,2,1,1,0,1.5,-8.68
13.85,37.82,3,1,1,1,2.0,6.6
7.36,47.86,3,4,1,0,3.5,2.8
3.22,32.34,3,4,1,0,3.5,15.53
2.34,45.57,2,2,1,0,2.0,-1.17
6.85,11.38,2,4,1,0,3.0,8.27
3.45,6.23,1,2,1,0,1.5,17.41
7.5,42.37,1,4,1,0,2.5,-4.03
10.77,15.97,1,2,1,1,1.5,-4.78
9.57,37.14,1,1,1,0,1.0,-5.35
5.93,6.87,1,4,1,0,2.5,15.34
2.61,22.28,3,2,1,0,2.5,-9.78
6.78,9.53,3,2,1,0,2.5,-4.32
11.96,9.54,1,2,1,1,1.5,19.08
6.48,29.21,2,4,1,0,3.0,-6.46
10.41,33.75,1,4,1,1,2.5,5.51
13.74,32.1,1,1,1,1,1.0,9.13
3.55,34.66,3,4,1,0,3.5,6.32
12.07,20.78,3,1,1,1,2.0,1.35
2.16,30.25,3,4,1,0,3.5,11.6
12.31,48.83,1,1,1,1,1.0,4.49
13.73,41.3,1,4,1,1,2.5,5.36
10.38,45.75,1,1,1,1,1.0,10.09
3.65,5.42,3,1,1,0,2.0,1.71
10.83,32.0,3,4,1,1,3.5,14.45
13.18,20.18,3,1,1,1,2.0,1.61
10.85,11.96,1,2,1,1,1.5,2.96
2.07,35.93,3,2,1,0,2.5,17.67
9.37,35.92,2,1,1,0,1.5,-8.73
11.93,20.42,2,4,1,1,3.0,2.38
8.5,46.76,1,2,1,0,1.5,16.25
13.43,10.98,2,1,1,1,1.5,2.75
11.07,18.29,2,4,1,1,3.0,-1.77
2.51,41.89,1,4,1,0,2.5,-6.43
9.43,20.45,1,4,1,0,2.5,-6.34
5.84,30.09,2,4,1,0,3.0,4.33
3.66,37.47,1,1,1,0,1.0,-9.08
7.79,10.94,3,4,1,0,3.5,4.18
5.98,8.18,2,2,1,0,2.0,6.45
3.6,9.66,1,1,1,0,1.0,11.78
5.08,21.74,3,2,1,0,2.5,-8.22
4.9,49.33,1,1,1,0,1.0,-6.35
14.2,40.58,1,2,1,1,1.5,16.82
4.98,47.95,2,4,1,0,3.0,-1.71
12.48,17.97,1,2,1,1,1.5,-0.02
10.74,42.44,1,4,1,1,2.5,6.42
4.76,48.37,1,1,1,0,1.0,1.57
14.41,30.26,3,4,1,1,3.5,-8.31
6.1,7.06,1,4,1,0,2.5,17.09
2.93,9.28,1,1,1,0,1.0,-8.96
2.68,40.19,1,4,1,0,2.5,0.61
8.42,10.0,2,4,1,0,3.0,-5.75
13.55,12.21,1,4,1,1,2.5,7.17
2.74,30.81,1,4,1,0,2.5,10.79
2.88,10.24,1,1,1,0,1.0,-3.21
5.64,37.69,3,1,1,0,2.0,7.9
14.18,15.73,3,4,1,1,3.5,11.92
11.56,41.87,3,4,1,1,3.5,4.59
14.49,19.41,2,2,1,1,2.0,6.95
3.04,5.13,1,4,1,0,2.5,-8.33
4.88,46.18,1,1,1,0,1.0,16.18
12.5,9.06,3,2,1,1,2.5,8.99
5.17,37.78,3,4,1,0,3.5,11.26
5.68,47.09,3,2,1,0,2.5,-6.64
9.46,24.76,2,4,1,0,3.0,-9.04
11.37,29.49,2,1,1,1,1.5,4.73
2.22,24.36,3,4,1,0,3.5,-5.08
14.33,48.47,3,1,1,1,2.0,-4.98
6.84,45.19,3,4,1,0,3.5,-2.22
10.69,30.1,2,2,1,1,2.0,1.9
6.5,17.72,2,4,1,0,3.0,15.44
9.67,7.07,2,2,1,0,2.0,9.33
5.85,26.13,1,2,1,0,1.5,-6.29
7.1,22.5,1,1,1,0,1.0,18.45
11.37,34.09,3,2,1,1,2.5,-7.39
2.66,40.73,3,4,1,0,3.5,13.46
6.02,12.27,3,2,1,0,2.5,14.21
7.32,22.34,2,1,1,0,1.5,19.86
9.88,48.86,2,2,1,0,2.0,-3.19
8.41,35.32,3,4,1,0,3.5,-6.63
14.64,10.14,3,4,1,1,3.5,-8.8
14.45,45.69,2,4,1,1,3.0,9.57
7.18,45.19,1,1,1,0,1.0,7.36
2.81,46.84,1,4,1,0,2.5,-3.24
10.01,24.94,2,2,1,1,2.0,-9.36
12.79,9.75,3,1,1,1,2.0,-0.77
13.19,8.7,2,2,1,1,2.0,19.24
6.15,48.41,1,1,1,0,1.0,5.69
6.53,22.28,2,4,1,0,3.0,15.32
2.01,48.26,3,4,1,0,3.5,-7.76
10.74,49.8,1,1,1,1,1.0,1.06
6.1,44.49,2,2,1,0,2.0,7.93
12.09,24.2,2,4,1,1,3.0,5.1
8.33,7.65,3,1,1,0,2.0,0.64
11.02,12.77,3,2,1,1,2.5,13.17
10.63,16.94,2,1,1,1,1.5,17.45
5.67,11.24,2,4,1,0,3.0,-4.84
12.43,41.78,2,4,1,1,3.0,2.04
2.23,6.82,1,1,1,0,1.0,-3.41
3.27,36.07,1,1,1,0,1.0,3.68
10.58,9.71,1,1,1,1,1.0,14.39
13.18,40.49,1,1,1,1,1.0,10.66
9.27,8.52,2,1,1,0,1.5,2.16
2.11,8.81,1,1,1,0,1.0,-3.48
4.0,24.34,2,2,1,0,2.0,-2.03
4.28,19.09,2,4,1,0,3.0,16.28
11.3,28.78,3,4,1,1,3.5,-3.16
5.65,35.36,1,4,1,0,2.5,8.04
11.15,29.24,1,4,1,1,2.5,17.63
3.45,14.45,3,1,1,0,2.0,10.95
9.5,7.77,3,4,1,0,3.5,6.52
8.91,26.94,1,4,1,0,2.5,2.15
14.84,34.76,2,2,1,1,2.0,17.77
9.46,45.9,2,4,1,0,3.0,0.29
2.77,14.74,2,4,1,0,3.0,0.94
6.3,32.16,1,4,1,0,2.5,-0.55
9.79,13.41,1,4,1,0,2.5,4.82
5.51,11.66,3,2,1,0,2.5,9.54
12.48,11.97,1,4,1,1,2.5,-7.9
7.36,24.04,2,2,1,0,2.0,-3.29
8.31,34.96,1,1,1,0,1.0,13.3
3.37,36.12,1,1,1,0,1.0,4.92
11.44,43.9,1,4,1,1,2.5,10.7
4.63,49.35,2,2,1,0,2.0,19.04
4.89,13.37,1,1,1,0,1.0,7.35
13.25,8.19,1,4,1,1,2.5,-8.09
3.27,11.97,2,1,1,0,1.5,-0.03
10.01,29.09,1,1,1,1,1.0,13.8
8.13,12.96,3,1,1,0,2.0,-5.38
13.52,8.9,1,1,1,1,1.0,-7.71
6.2,21.68,2,1,1,0,1.5,-4.8
9.84,40.58,1,1,1,0,1.0,1.49
6.59,7.96,3,4,1,0,3.5,13.88
6.69,44.52,1,4,1,0,2.5,3.51
8.71,17.36,2,4,1,0,3.0,13.9
10.68,47.59,3,1,1,1,2.0,-9.6
4.21,18.41,1,1,1,0,1.0,10.46
8.22,10.27,3,1,1,0,2.0,-6.4
6.08,14.95,3,4,1,0,3.5,10.14
5.92,16.08,1,4,1,0,2.5,6.61
9.76,48.11,2,4,1,0,3.0,6.89
11.55,9.21,2,2,1,1,2.0,1.13
3.87,42.51,3,2,1,0,2.5,-7.92
5.39,23.36,2,4,1,0,3.0,3.05
12.91,18.5,2,1,1,1,1.5,-5.77
2.5,48.86,1,2,1,0,1.5,-5.08
12.94,33.35,2,4,1,1,3.0,-3.04
7.3,26.52,1,1,1,0,1.0,1.7
11.44,28.62,3,2,1,1,2.5,17.37
9.56,6.5,2,4,1,0,3.0,17.87
9.24,37.17,3,4,1,0,3.5,6.02
7.37,48.71,3,2,1,0,2.5,15.34
7.29,20.86,2,4,1,0,3.0,-6.29
11.0,11.32,2,4,1,1,3.0,12.28
10.31,26.42,1,4,1,1,2.5,14.75
9.01,38.88,2,1,1,0,1.5,0.65
3.97,21.75,2,2,1,0,2.0,18.98
13.71,47.33,1,1,1,1,1.0,15.43
6.33,23.72,2,2,1,0,2.0,-5.59
5.89,13.14,3,1,1,0,2.0,3.26
10.17,37.46,2,1,1,1,1.5,-3.61
3.47,34.89,2,1,1,0,1.5,-7.39
13.87,23.25,3,2,1,1,2.5,5.3
7.14,35.81,1,2,1,0,1.5,9.07
14.44,29.72,3,2,1,1,2.5,6.91
7.94,19.26,3,1,1,0,2.0,15.37
4.79,9.77,1,4,1,0,2.5,10.69
3.11,28.56,2,2,1,0,2.0,3.24
12.87,15.54,1,1,1,1,1.0,-2.91
10.89,43.12,3,2,1,1,2.5,11.02
13.87,35.96,3,1,1,1,2.0,4.0
11.91,19.19,2,2,1,1,2.0,15.09
12.06,43.65,3,2,1,1,2.5,-9.39
13.09,7.74,1,1,1,1,1.0,-8.55
6.36,38.77,2,1,1,0,1.5,10.3
10.84,18.46,1,1,1,1,1.0,-9.93
9.56,23.87,1,2,1,0,1.5,18.94
8.56,30.29,2,1,1,0,1.5,19.56
2.21,13.74,1,1,1,0,1.0,12.61
12.02,35.09,1,4,1,1,2.5,-1.98
6.57,22.61,1,1,1,0,1.0,-4.34
3.55,29.11,2,2,1,0,2.0,-7.6
6.94,45.0,3,1,1,0,2.0,-8.35
10.17,38.43,2,4,1,1,3.0,-3.02
5.66,44.04,3,2,1,0,2.5,6.88
5.37,47.96,1,4,1,0,2.5,13.03
9.32,36.47,2,2,1,0,2.0,10.8
14.12,10.69,2,4,1,1,3.0,-4.82
8.88,5.0,2,4,1,0,3.0,11.62
14.44,38.95,2,2,1,1,2.0,-1.32
4.59,38.62,1,1,1,0,1.0,18.35
3.14,26.24,3,4,1,0,3.5,-1.46
7.36,30.05,3,1,1,0,2.0,6.44
6.57,11.44,2,2,1,0,2.0,3.72
12.64,48.34,1,1,1,1,1.0,13.76
10.66,46.12,3,2,1,1,2.5,-9.92
4.05,40.99,3,2,1,0,2.5,9.37
14.63,33.4,1,1,1,1,1.0,4.37
2.28,10.35,2,2,1,0,2.0,7.64
6.19,41.03,3,4,1,0,3.5,0.58
3.34,6.84,1,4,1,0,2.5,15.18
9.17,20.01,3,4,1,0,3.5,3.33
11.79,8.35,1,2,1,1,1.5,9.33
11.98,22.51,3,2,1,1,2.5,-1.32
13.75,5.57,1,4,1,1,2.5,12.33
7.35,18.31,1,4,1,0,2.5,19.4
10.9,31.88,3,4,1,1,3.5,5.52
7.01,23.88,2,4,1,0,3.0,13.69
12.9,34.35,1,2,1,1,1.5,18.93
12.43,7.86,3,4,1,1,3.5,-5.49
12.83,42.09,2,2,1,1,2.0,-4.68
6.81,20.91,3,1,1,0,2.0,-7.9
4.26,5.55,1,2,1,0,1.5,-0.94
8.28,25.03,3,2,1,0,2.5,-4.73
11.01,29.48,3,4,1,1,3.5,-5.71
4.13,16.66,2,2,1,0,2.0,8.68
3.82,37.56,3,2,1,0,2.5,8.38
13.51,32.5,3,2,1,1,2.5,3.13
5.28,20.04,2,1,1,0,1.5,12.0
4.54,24.39,2,2,1,0,2.0,1.98
5.11,5.0,1,4,1,0,2.5,-5.64
7.27,32.64,2,4,1,0,3.0,12.86
5.06,40.28,1,2,1,0,1.5,5.73
5.45,19.72,3,2,1,0,2.5,0.27
3.77,46.29,3,1,1,0,2.0,-6.25
7.18,42.95,3,2,1,0,2.5,16.78
3.77,40.0,3,4,1,0,3.5,13.14
7.05,47.87,3,2,1,0,2.5,10.52
12.36,23.19,1,1,1,1,1.0,9.05
13.41,16.58,3,2,1,1,2.5,19.12
13.31,18.63,1,4,1,1,2.5,15.29
3.23,14.09,1,2,1,0,1.5,-5.76
12.39,15.37,2,4,1,1,3.0,1.43
3.12,48.44,1,1,1,0,1.0,11.62
14.31,32.95,1,2,1,1,1.5,5.41
9.17,25.15,2,1,1,0,1.5,19.45
8.35,18.68,3,1,1,0,2.0,7.0
12.25,8.39,3,4,1,1,3.5,1.76
11.34,16.9,1,2,1,1,1.5,17.79
4.98,28.6,2,4,1,0,3.0,2.18
7.48,49.44,3,2,1,0,2.5,-7.51
10.55,14.16,3,1,1,1,2.0,6.18
3.56,41.12,3,1,1,0,2.0,1.24
7.65,11.85,2,1,1,0,1.5,18.85
7.8,24.08,2,2,1,0,2.0,2.35
3.69,26.22,2,2,1,0,2.0,10.09
13.63,26.36,3,4,1,1,3.5,-1.93
2.35,40.53,3,2,1,0,2.5,19.09
14.65,15.83,2,1,1,1,1.5,-3.82
9.27,22.41,3,4,1,0,3.5,15.86
11.58,13.2,1,1,1,1,1.0,1.36
9.14,48.26,2,1,1,0,1.5,12.65
14.28,26.76,3,2,1,1,2.5,6.23
6.25,38.5,1,1,1,0,1.0,-9.28
4.54,26.57,2,2,1,0,2.0,5.2
7.25,13.71,1,1,1,0,1.0,10.14
6.89,10.55,2,4,1,0,3.0,5.19
4.4,42.56,1,4,1,0,2.5,1.19
3.05,40.93,2,2,1,0,2.0,-2.33
4.4,38.2,2,1,1,0,1.5,14.49
2.65,32.4,2,1,1,0,1.5,14.6
11.42,44.25,1,2,1,1,1.5,6.74
5.07,16.0,2,2,1,0,2.0,15.74
6.74,22.39,2,4,1,0,3.0,0.46
3.82,23.86,2,1,1,0,1.5,4.52
9.86,16.76,1,1,1,0,1.0,-9.6
3.7,5.68,1,2,1,0,1.5,10.72
2.72,8.29,1,4,1,0,2.5,-2.45
2.83,17.38,2,1,1,0,1.5,-2.66
13.84,14.2,2,1,1,1,1.5,-3.59
13.29,17.48,2,4,1,1,3.0,4.52
5.37,6.58,2,1,1,0,1.5,14.4
6.85,5.25,1,2,1,0,1.5,2.5
3.02,38.62,1,4,1,0,2.5,-5.97
6.44,29.22,3,1,1,0,2.0,-1.58
8.63,22.0,2,2,1,0,2.0,-8.5
9.39,10.72,3,4,1,0,3.5,8.62
11.35,5.34,2,1,1,1,1.5,13.99
3.84,23.13,3,2,1,0,2.5,-2.16
7.0,34.35,2,2,1,0,2.0,-4.75
14.13,13.93,1,4,1,1,2.5,8.24
7.63,29.58,3,4,1,0,3.5,11.52
10.11,21.92,3,2,1,1,2.5,8.22
8.07,12.14,2,2,1,0,2.0,-0.64
12.23,32.95,2,4,1,1,3.0,10.86
10.83,47.33,2,4,1,1,3.0,8.81
10.14,44.76,2,1,1,1,1.5,0.62
14.81,24.42,1,2,1,1,1.5,-5.44
11.62,17.3,2,1,1,1,1.5,-5.68
10.1,27.01,1,4,1,1,2.5,15.71
10.26,32.43,3,4,1,1,3.5,-1.81
9.75,41.37,2,1,1,0,1.5,-2.45
7.16,49.4,2,2,1,0,2.0,-2.92
7.84,12.15,2,2,1,0,2.0,8.77
9.23,49.11,1,4,1,0,2.5,2.08
7.91,6.65,1,4,1,0,2.5,13.73
5.44,28.1,1,1,1,0,1.0,17.04
8.34,29.65,3,1,1,0,2.0,0.59
3.48,28.49,2,2,1,0,2.0,1.29
11.61,12.67,3,4,1,1,3.5,13.16
11.39,45.81,2,1,1,1,1.5,-9.39
11.1,9.67,1,2,1,1,1.5,8.23
9.12,35.75,1,4,1,0,2.5,17.07
7.83,18.61,1,2,1,0,1.5,-2.54
6.47,22.83,2,2,1,0,2.0,12.69
7.68,32.76,3,4,1,0,3.5,5.83
12.99,27.99,2,4,1,1,3.0,18.91
11.43,38.64,1,4,1,1,2.5,3.63
9.59,39.69,3,2,1,0,2.5,11.85
9.57,28.28,2,4,1,0,3.0,11.14
13.85,47.88,3,1,1,1,2.0,11.34
5.1,8.1,3,1,1,0,2.0,-6.73
7.05,24.68,3,1,1,0,2.0,1.52
3.59,36.11,1,4,1,0,2.5,-5.53
5.76,40.41,2,4,1,0,3.0,-1.97
9.28,45.01,2,1,1,0,1.5,7.12
3.99,39.55,1,1,1,0,1.0,1.66
14.17,27.04,3,4,1,1,3.5,8.75
11.09,20.63,1,4,1,1,2.5,-9.37
3.26,49.04,1,1,1,0,1.0,19.22
9.71,44.62,1,2,1,0,1.5,17.28
12.47,9.84,2,4,1,1,3.0,-7.94
4.51,19.21,1,4,1,0,2.5,11.96
7.35,44.54,3,1,1,0,2.0,12.65
10.5,31.47,1,2,1,1,1.5,-4.22
11.04,15.53,3,1,1,1,2.0,11.23
10.08,29.56,1,2,1,1,1.5,13.64
12.32,39.22,1,4,1,1,2.5,15.81
9.04,36.29,3,2,1,0,2.5,-6.57
11.45,16.94,1,2,1,1,1.5,2.79
14.34,24.68,1,1,1,1,1.0,0.49
14.79,24.49,2,4,1,1,3.0,15.16
10.61,37.26,1,4,1,1,2.5,7.04
9.65,20.17,3,4,1,0,3.5,16.82
6.0,11.86,3,2,1,0,2.5,8.68
4.4,12.97,2,1,1,0,1.5,-1.39
9.81,15.04,3,1,1,0,2.0,18.85
6.31,43.61,2,1,1,0,1.5,6.11
3.31,7.52,3,4,1,0,3.5,16.03
14.54,15.57,2,1,1,1,1.5,12.24
2.86,6.02,3,2,1,0,2.5,1.88
14.75,38.28,3,2,1,1,2.5,14.94
6.99,48.78,3,2,1,0,2.5,-8.45
5.91,25.96,3,2,1,0,2.5,-5.63
7.9,8.15,1,2,1,0,1.5,0.56
5.37,8.36,1,4,1,0,2.5,0.33
2.87,17.13,2,2,1,0,2.0,-3.54
10.88,21.09,3,2,1,1,2.5,1.22
4.45,44.18,1,1,1,0,1.0,17.93
7.49,11.17,3,2,1,0,2.5,9.62
13.71,25.49,1,2,1,1,1.5,-6.27
14.64,17.11,1,2,1,1,1.5,4.05
13.65,45.72,2,1,1,1,1.5,11.37
2.79,9.74,3,1,1,0,2.0,11.29
12.29,30.14,1,1,1,1,1.0,0.82
2.54,48.88,2,2,1,0,2.0,15.94
3.38,18.16,2,4,1,0,3.0,-1.2
6.12,5.0,2,4,1,0,3.0,2.6
2.81,22.82,3,2,1,0,2.5,9.05
7.78,7.22,2,4,1,0,3.0,0.5
12.67,29.8,1,2,1,1,1.5,5.16
8.88,48.03,1,1,1,0,1.0,9.71
14.9,43.04,2,4,1,1,3.0,1.55
11.09,18.07,2,4,1,1,3.0,2.07
14.58,23.64,1,4,1,1,2.5,17.73
7.53,8.21,3,4,1,0,3.5,19.67
5.46,29.32,3,1,1,0,2.0,5.76
8.94,38.35,3,2,1,0,2.5,9.94
3.0,10.97,2,1,1,0,1.5,10.68
12.09,11.74,3,1,1,1,2.0,-2.43
14.2,42.56,1,1,1,1,1.0,12.5
7.82,26.15,1,4,1,0,2.5,15.09
2.51,36.85,2,1,1,0,1.5,6.92
2.31,38.22,3,4,1,0,3.5,-8.94
13.82,49.83,2,1,1,1,1.5,5.02
3.13,45.04,1,2,1,0,1.5,4.59
5.27,12.04,3,1,1,0,2.0,13.04
6.07,9.44,1,1,1,0,1.0,10.97
13.52,10.97,2,2,1,1,2.0,15.63
8.31,18.01,3,1,1,0,2.0,-3.77
8.26,20.5,2,1,1,0,1.5,7.23
14.52,37.24,3,4,1,1,3.5,16.66
6.32,42.5,3,4,1,0,3.5,-6.47
11.46,19.54,2,4,1,1,3.0,5.86
9.91,21.23,2,4,1,0,3.0,1.81
3.31,13.09,3,4,1,0,3.5,-8.65
5.57,18.56,2,1,1,0,1.5,15.33
4.26,36.03,2,4,1,0,3.0,0.83
14.64,18.61,1,1,1,1,1.0,17.48
14.07,12.24,2,1,1,1,1.5,8.13
7.54,17.87,2,2,1,0,2.0,14.27
9.02,29.86,3,2,1,0,2.5,10.4
8.0,47.2,2,4,1,0,3.0,-0.57
8.1,28.85,2,1,1,0,1.5,15.23
2.99,6.28,2,4,1,0,3.0,4.23
11.07,31.45,1,4,1,1,2.5,14.41
2.24,16.69,1,4,1,0,2.5,6.02
7.53,28.25,1,2,1,0,1.5,8.08
9.04,37.94,2,2,1,0,2.0,-4.65
13.8,39.56,1,2,1,1,1.5,6.39
11.68,16.25,3,4,1,1,3.5,-8.3
7.52,13.02,1,1,1,0,1.0,-3.28
11.77,30.52,2,4,1,1,3.0,19.67
7.0,5.72,2,1,1,0,1.5,-5.07
3.02,21.35,2,2,1,0,2.0,9.86
14.05,41.54,1,4,1,1,2.5,11.25
10.92,49.99,1,2,1,1,1.5,18.13
5.52,16.49,3,4,1,0,3.5,15.35
10.08,12.48,1,2,1,1,1.5,17.87
6.73,33.53,2,1,1,0,1.5,-9.82
9.75,43.0,2,2,1,0,2.0,-5.11
7.13,11.79,3,4,1,0,3.5,3.0
6.57,24.16,2,2,1,0,2.0,12.26
11.82,42.97,2,4,1,1,3.0,19.33
9.86,34.51,2,1,1,0,1.5,8.2
10.62,45.07,1,2,1,1,1.5,4.38
9.66,25.26,1,1,1,0,1.0,-4.7
14.47,44.52,3,4,1,1,3.5,-1.07
6.43,31.6,2,1,1,0,1.5,5.13
6.28,33.75,2,4,1,0,3.0,1.42
6.05,39.36,2,4,1,0,3.0,19.49
11.66,19.35,3,2,1,1,2.5,-9.09
4.44,41.48,2,1,1,0,1.5,14.53
9.69,21.76,2,4,1,0,3.0,14.26
4.04,23.19,2,1,1,0,1.5,18.11
4.5,36.82,1,4,1,0,2.5,1.82
13.27,49.07,2,4,1,1,3.0,2.84
5.91,25.43,2,1,1,0,1.5,1.76
12.22,26.13,3,4,1,1,3.5,15.13
6.01,17.67,3,2,1,0,2.5,-5.24
13.52,25.05,1,4,1,1,2.5,-0.14
7.09,13.11,1,4,1,0,2.5,-1.06
13.44,48.55,2,1,1,1,1.5,11.28
7.03,22.17,2,2,1,0,2.0,3.93
12.6,30.01,2,4,1,1,3.0,1.13
4.45,45.16,2,2,1,0,2.0,13.5
4.18,10.17,3,2,1,0,2.5,-1.35
7.63,27.2,3,1,1,0,2.0,-7.4
9.42,41.42,2,2,1,0,2.0,-7.01
2.89,48.62,3,2,1,0,2.5,4.31
2.48,19.3,2,2,1,0,2.0,-2.71
3.38,47.48,1,4,1,0,2.5,-9.81
12.75,8.29,3,4,1,1,3.5,-9.89
8.23,25.69,1,4,1,0,2.5,0.09
13.57,48.93,2,4,1,1,3.0,16.55
7.86,30.52,1,2,1,0,1.5,-9.82
14.57,15.11,3,1,1,1,2.0,3.72
9.42,26.56,1,2,1,0,1.5,-5.55
8.08,21.37,2,2,1,0,2.0,-1.46
11.44,46.92,2,4,1,1,3.0,-7.52
3.85,5.82,2,2,1,0,2.0,-3.87
6.0,31.26,2,2,1,0,2.0,7.86
2.33,21.35,3,1,1,0,2.0,1.22
11.96,24.07,3,2,1,1,2.5,-8.58
12.94,12.73,2,4,1,1,3.0,5.9
11.6,18.99,2,1,1,1,1.5,-3.48
11.56,11.79,2,2,1,1,2.0,15.81
7.09,20.59,2,4,1,0,3.0,9.22
2.03,25.63,1,2,1,0,1.5,-0.42
5.27,46.53,3,1,1,0,2.0,11.57
7.72,40.36,2,2,1,0,2.0,-5.61
3.25,12.47,3,4,1,0,3.5,15.34
13.06,49.17,2,1,1,1,1.5,9.47
4.41,48.48,1,4,1,0,2.5,-6.59
7.68,32.24,3,1,1,0,2.0,0.56
10.77,36.33,3,1,1,1,2.0,6.26
7.57,39.98,1,4,1,0,2.5,-6.43
5.49,24.56,3,2,1,0,2.5,10.37
12.3,38.8,3,1,1,1,2.0,-9.87
5.33,5.99,3,4,1,0,3.5,18.13
3.67,47.02,3,4,1,0,3.5,9.61
6.43,45.35,2,4,1,0,3.0,1.5
6.66,38.84,1,2,1,0,1.5,6.63
3.5,10.54,1,4,1,0,2.5,-4.07
2.01,49.12,3,1,1,0,2.0,14.4
9.88,32.59,1,4,1,0,2.5,8.81
4.04,31.28,2,2,1,0,2.0,-6.55
10.34,37.52,1,4,1,1,2.5,2.92
3.59,26.48,2,2,1,0,2.0,-7.76
11.48,46.75,3,2,1,1,2.5,-2.64
3.82,38.38,3,2,1,0,2.5,-5.54
7.15,6.08,2,2,1,0,2.0,19.01
14.87,33.89,1,1,1,1,1.0,-3.1
10.19,24.08,2,4,1,1,3.0,4.91
13.99,40.3,2,2,1,1,2.0,-3.66
11.39,22.57,2,1,1,1,1.5,-9.06
14.86,11.9,3,4,1,1,3.5,8.59
13.96,9.12,3,2,1,1,2.5,-9.55
2.81,48.94,3,1,1,0,2.0,-8.56
12.7,41.21,1,1,1,1,1.0,6.88
14.13,17.38,1,2,1,1,1.5,-6.39
9.91,30.59,1,1,1,0,1.0,-6.1
10.26,40.21,3,2,1,1,2.5,8.1
10.19,32.23,1,4,1,1,2.5,-8.82
4.94,17.5,2,1,1,0,1.5,2.16
2.21,24.18,3,1,1,0,2.0,18.19
2.31,48.69,2,2,1,0,2.0,1.68
12.7,38.78,2,1,1,1,1.5,-8.11
11.46,18.91,2,2,1,1,2.0,3.42
7.28,31.38,1,2,1,0,1.5,14.05
9.5,6.94,1,2,1,0,1.5,2.57
2.75,14.63,2,2,1,0,2.0,-7.44
4.46,46.55,2,2,1,0,2.0,1.21
14.95,32.33,2,1,1,1,1.5,-6.7
13.23,20.98,1,2,1,1,1.5,9.56
13.7,34.02,2,1,1,1,1.5,-7.02
6.53,30.97,1,2,1,0,1.5,8.11
6.89,27.8,1,1,1,0,1.0,7.12
8.88,18.44,1,1,1,0,1.0,-0.4
10.89,15.14,2,1,1,1,1.5,3.15
13.51,24.19,2,1,1,1,1.5,2.22
2.51,29.66,3,2,1,0,2.5,-6.64
13.16,30.37,1,2,1,1,1.5,-9.55
6.41,29.66,2,1,1,0,1.5,13.81
13.69,32.39,3,2,1,1,2.5,-1.49
14.06,40.21,2,4,1,1,3.0,6.56
10.76,10.74,1,4,1,1,2.5,-5.84
13.25,49.0,1,4,1,1,2.5,-9.07
12.62,18.07,1,1,1,1,1.0,-7.44
3.58,14.8,1,2,1,0,1.5,12.58
10.58,30.98,1,4,1,1,2.5,10.9
5.09,26.29,3,4,1,0,3.5,5.53
6.75,5.01,2,2,1,0,2.0,6.49
12.85,34.02,2,1,1,1,1.5,-6.61
2.44,5.38,2,1,1,0,1.5,10.76
3.16,18.19,1,4,1,0,2.5,11.21
9.54,40.38,2,1,1,0,1.5,-2.22
10.95,38.81,1,4,1,1,2.5,12.41
9.83,29.12,3,4,1,0,3.5,0.43
2.53,5.5,1,1,1,0,1.0,-1.73
10.46,34.61,1,4,1,1,2.5,-5.94
2.12,46.81,3,2,1,0,2.5,8.04
8.8,30.08,3,1,1,0,2.0,5.42
6.0,26.68,3,1,1,0,2.0,12.24
7.01,32.23,2,1,1,0,1.5,-8.17
5.09,45.41,1,2,1,0,1.5,-3.73
14.39,46.26,2,4,1,1,3.0,18.63
14.59,15.48,1,1,1,1,1.0,9.27
13.38,40.47,2,1,1,1,1.5,1.28
14.86,6.26,2,1,1,1,1.5,-6.14
2.72,34.05,2,1,1,0,1.5,-3.82
10.58,19.81,1,2,1,1,1.5,1.67
9.8,27.06,1,4,1,0,2.5,-6.39
9.0,35.48,2,4,1,0,3.0,6.15
11.44,40.34,2,1,1,1,1.5,-3.53
14.76,21.21,3,1,1,1,2.0,12.31
9.13,10.0,2,4,1,0,3.0,8.81
8.09,7.31,1,4,1,0,2.5,-6.76
10.42,26.0,3,4,1,1,3.5,-7.21
9.17,5.42,1,1,1,0,1.0,1.56
12.87,17.35,3,4,1,1,3.5,-7.81
11.78,35.87,3,2,1,1,2.5,12.74
3.27,49.21,3,2,1,0,2.5,0.3
13.53,21.01,1,2,1,1,1.5,1.86
4.54,38.6,3,4,1,0,3.5,19.47
9.28,39.55,3,1,1,0,2.0,-7.8
9.71,43.39,3,4,1,0,3.5,10.4
12.82,20.55,1,2,1,1,1.5,-5.99
6.54,7.24,2,1,1,0,1.5,1.67
11.25,7.33,1,4,1,1,2.5,7.14
9.14,32.47,2,4,1,0,3.0,-4.25
3.39,12.68,3,4,1,0,3.5,19.84
2.91,30.73,1,4,1,0,2.5,0.98
10.5,46.98,1,4,1,1,2.5,2.4
8.06,35.89,2,2,1,0,2.0,8.68
6.83,15.16,3,2,1,0,2.5,3.2
5.15,22.65,1,4,1,0,2.5,-7.96
13.11,20.72,1,4,1,1,2.5,-4.15
6.19,6.87,2,4,1,0,3.0,-2.07
2.24,16.7,3,2,1,0,2.5,6.81
2.05,27.17,2,4,1,0,3.0,-4.67
2.02,9.65,2,1,1,0,1.5,19.7
7.44,22.39,1,2,1,0,1.5,18.22
11.55,6.39,2,1,1,1,1.5,3.73
6.11,48.68,3,2,1,0,2.5,7.77
5.52,16.62,3,2,1,0,2.5,2.35
11.94,32.21,3,1,1,1,2.0,-3.42
4.18,40.28,1,2,1,0,1.5,16.69
5.36,16.14,3,1,1,0,2.0,-8.93
4.41,43.53,1,2,1,0,1.5,13.43
11.15,7.8,3,1,1,1,2.0,0.74
11.52,20.45,1,2,1,1,1.5,4.61
6.78,28.82,2,4,1,0,3.0,16.92
2.88,44.17,2,4,1,0,3.0,-9.42
10.17,43.8,1,1,1,1,1.0,-4.38
6.98,5.24,2,2,1,0,2.0,17.62
14.23,42.51,2,4,1,1,3.0,14.17
14.18,21.37,2,4,1,1,3.0,14.03
11.66,8.4,3,2,1,1,2.5,-2.8
12.71,18.02,1,1,1,1,1.0,-5.53
11.66,42.81,1,2,1,1,1.5,8.21
5.64,24.88,2,4,1,0,3.0,4.3
12.92,33.99,3,4,1,1,3.5,-0.81
14.61,26.18,1,1,1,1,1.0,-1.74
11.85,29.62,3,4,1,1,3.5,1.13
12.5,19.8,2,2,1,1,2.0,2.37
11.78,30.56,3,4,1,1,3.5,7.3
8.59,14.88,2,2,1,0,2.0,-1.52
6.53,42.2,1,1,1,0,1.0,14.06
11.45,16.14,2,4,1,1,3.0,9.51
13.74,22.8,2,4,1,1,3.0,0.69
3.27,29.86,3,2,1,0,2.5,-3.14
8.55,30.19,2,2,1,0,2.0,-2.12
14.0,32.43,1,4,1,1,2.5,-2.15
14.79,29.1,1,1,1,1,1.0,10.51
14.68,46.69,3,1,1,1,2.0,-9.11
6.07,6.07,1,2,1,0,1.5,9.4
14.29,13.05,1,4,1,1,2.5,-4.0
8.64,26.51,2,4,1,0,3.0,2.32
6.62,34.51,2,4,1,0,3.0,11.55
4.13,24.28,1,1,1,0,1.0,4.97
13.81,19.71,2,1,1,1,1.5,3.66
7.01,16.45,3,1,1,0,2.0,2.29
11.17,33.81,1,1,1,1,1.0,13.19
4.23,48.92,1,4,1,0,2.5,12.53
9.75,46.08,1,4,1,0,2.5,5.85
3.88,35.32,3,2,1,0,2.5,-6.04
10.44,16.13,3,4,1,1,3.5,-1.73
12.19,8.44,1,4,1,1,2.5,1.23
4.01,5.56,2,4,1,0,3.0,-3.87
11.0,18.98,3,4,1,1,3.5,2.25
4.16,38.01,1,1,1,0,1.0,-6.43
12.3,42.49,2,4,1,1,3.0,-5.85
13.24,24.5,1,2,1,1,1.5,-9.63
10.86,47.18,1,1,1,1,1.0,-1.55
12.09,23.82,3,1,1,1,2.0,3.15
5.52,20.82,3,2,1,0,2.5,18.31
7.01,26.39,1,1,1,0,1.0,11.46
7.88,5.79,1,4,1,0,2.5,2.41
13.69,16.16,2,4,1,1,3.0,16.68
10.13,32.88,2,1,1,1,1.5,-0.66
14.03,39.39,3,4,1,1,3.5,-5.44
11.33,15.14,1,2,1,1,1.5,2.99
3.52,47.2,3,1,1,0,2.0,12.49
9.83,26.8,3,1,1,0,2.0,13.99
14.36,47.03,2,2,1,1,2.0,19.21
9.57,49.93,1,1,1,0,1.0,9.89
8.86,22.96,1,2,1,0,1.5,18.28
14.67,20.74,3,4,1,1,3.5,18.31
3.24,28.12,1,2,1,0,1.5,12.54
9.08,43.56,1,2,1,0,1.5,1.75
8.97,45.08,1,2,1,0,1.5,-1.34
8.28,30.49,1,2,1,0,1.5,-0.87
6.79,8.67,3,4,1,0,3.5,-0.75
7.38,23.51,1,2,1,0,1.5,-8.78
2.09,15.04,1,2,1,0,1.5,4.58
12.67,6.89,1,1,1,1,1.0,16.98
12.91,37.35,3,1,1,1,2.0,-5.24
2.67,7.16,1,4,1,0,2.5,1.37
6.47,37.79,2,4,1,0,3.0,6.4
8.95,15.8,3,4,1,0,3.5,-3.17
5.21,49.0,1,4,1,0,2.5,3.15
11.42,10.89,3,4,1,1,3.5,17.42
5.33,18.29,3,1,1,0,2.0,-0.05
12.49,17.29,1,1,1,1,1.0,17.54
5.64,46.95,1,4,1,0,2.5,11.72
14.09,30.19,1,2,1,1,1.5,0.56
5.64,18.77,3,2,1,0,2.5,6.94
3.71,39.48,3,2,1,0,2.5,19.47
12.76,40.59,2,1,1,1,1.5,14.4
2.45,40.4,1,1,1,0,1.0,12.15
7.86,10.69,2,2,1,0,2.0,0.81
7.43,36.78,3,2,1,0,2.5,-6.28
4.58,15.42,2,2,1,0,2.0,9.33
7.78,32.05,1,2,1,0,1.5,18.15
12.64,28.74,1,1,1,1,1.0,-5.05
5.13,26.53,2,1,1,0,1.5,14.58
5.23,46.05,1,4,1,0,2.5,13.75
6.89,25.96,2,4,1,0,3.0,13.77
13.2,11.16,3,1,1,1,2.0,-2.98
9.02,29.34,1,4,1,0,2.5,8.14
3.53,30.53,3,2,1,0,2.5,4.54
2.44,18.8,2,1,1,0,1.5,-7.91
11.83,33.65,1,2,1,1,1.5,18.38
11.87,18.39,2,1,1,1,1.5,17.48
12.4,19.11,1,4,1,1,2.5,0.52
11.56,5.28,2,1,1,1,1.5,12.68
3.36,11.08,2,2,1,0,2.0,-1.17
3.7,9.01,2,1,1,0,1.5,1.37
9.75,46.57,3,4,1,0,3.5,3.33
6.74,42.4,3,2,1,0,2.5,-9.4
5.15,29.09,2,2,1,0,2.0,0.04
8.08,33.49,3,4,1,0,3.5,15.6
9.88,19.4,2,4,1,0,3.0,-6.12
11.72,7.6,1,1,1,1,1.0,-0.19
4.58,49.58,3,1,1,0,2.0,5.86
4.89,16.76,3,2,1,0,2.5,4.01
12.52,46.12,1,2,1,1,1.5,2.51
9.73,9.14,2,2,1,0,2.0,-1.24
2.4,31.91,2,4,1,0,3.0,-4.72
5.58,36.74,2,1,1,0,1.5,6.7
6.93,47.49,3,2,1,0,2.5,-4.88
3.53,41.61,3,2,1,0,2.5,10.32
5.41,5.42,2,2,1,0,2.0,9.25
13.74,14.02,2,1,1,1,1.5,18.88
7.47,14.02,2,2,1,0,2.0,17.62
11.03,43.79,1,4,1,1,2.5,2.37
11.27,17.59,3,1,1,1,2.0,15.17
11.82,48.79,2,2,1,1,2.0,13.84
5.63,6.57,2,4,1,0,3.0,17.73
7.52,33.9,2,4,1,0,3.0,-2.52
4.11,12.62,3,4,1,0,3.5,5.82
13.19,7.23,3,2,1,1,2.5,13.06
12.9,44.6,3,4,1,1,3.5,16.1
11.9,15.88,3,2,1,1,2.5,-2.6
8.96,36.47,2,4,1,0,3.0,-6.61
4.52,11.89,2,1,1,0,1.5,13.99
13.91,19.44,3,2,1,1,2.5,1.51
11.47,43.6,2,1,1,1,1.5,-7.95
9.14,24.82,1,2,1,0,1.5,-0.62
10.6,6.19,1,2,1,1,1.5,16.87
12.15,20.23,3,4,1,1,3.5,-0.93
6.57,18.68,1,2,1,0,1.5,15.24
12.68,13.7,1,2,1,1,1.5,-2.45
7.52,5.23,3,2,1,0,2.5,-9.84
2.61,35.87,1,2,1,0,1.5,4.81
12.88,24.93,2,4,1,1,3.0,-8.47
4.93,45.02,1,1,1,0,1.0,-3.21
12.35,38.28,2,1,1,1,1.5,-3.01
6.17,13.88,1,1,1,0,1.0,17.56
8.59,30.07,1,2,1,0,1.5,0.71
12.15,16.06,2,4,1,1,3.0,-1.45
13.45,26.91,1,4,1,1,2.5,5.19
2.72,40.58,2,4,1,0,3.0,-9.23
11.58,14.6,1,4,1,1,2.5,2.56
7.78,23.72,1,4,1,0,2.5,-7.19
3.74,31.11,3,1,1,0,2.0,5.95
2.88,20.81,1,2,1,0,1.5,16.61
2.93,6.12,2,2,1,0,2.0,5.67
13.37,13.3,3,2,1,1,2.5,4.0
9.46,9.07,3,2,1,0,2.5,-2.62
5.3,44.16,3,1,1,0,2.0,-8.22
9.99,12.1,3,1,1,0,2.0,4.41
10.57,10.93,2,2,1,1,2.0,10.99
3.45,9.24,3,4,1,0,3.5,-2.99
7.33,14.68,1,4,1,0,2.5,18.43
4.91,18.11,3,4,1,0,3.5,0.57
6.3,16.43,3,1,1,0,2.0,-2.16
13.21,49.45,1,4,1,1,2.5,-8.2
11.43,36.48,1,1,1,1,1.0,6.78
14.67,44.68,1,1,1,1,1.0,0.64
11.22,10.1,3,1,1,1,2.0,12.64
8.35,19.64,3,1,1,0,2.0,19.71
6.92,39.72,3,2,1,0,2.5,12.6
10.88,34.66,3,2,1,1,2.5,9.97
2.79,28.89,1,1,1,0,1.0,9.53
6.53,30.95,2,2,1,0,2.0,18.38
11.21,42.66,2,4,1,1,3.0,6.72
12.24,36.46,2,2,1,1,2.0,-3.43
13.07,7.28,3,4,1,1,3.5,-0.65
9.7,18.73,2,2,1,0,2.0,2.77
6.1,15.53,1,4,1,0,2.5,8.82
8.76,29.0,1,1,1,0,1.0,14.05
10.85,7.38,2,1,1,1,1.5,5.71
4.41,10.29,1,4,1,0,2.5,18.24
7.89,31.26,3,2,1,0,2.5,5.57
6.29,45.82,3,4,1,0,3.5,17.86
9.35,39.23,1,1,1,0,1.0,-3.67
6.4,14.05,3,2,1,0,2.5,12.73
11.06,7.48,3,4,1,1,3.5,10.45
9.37,13.85,3,4,1,0,3.5,5.9
9.84,39.8,1,4,1,0,2.5,14.42
9.61,6.12,2,4,1,0,3.0,2.78
9.65,25.86,2,2,1,0,2.0,-0.81
4.29,45.14,2,4,1,0,3.0,-9.62
3.55,35.08,1,4,1,0,2.5,7.21
6.9,7.7,3,2,1,0,2.5,1.15
9.5,11.52,2,4,1,0,3.0,-5.35
9.22,37.38,1,2,1,0,1.5,8.43
6.37,20.96,1,2,1,0,1.5,19.56
8.71,38.22,3,1,1,0,2.0,7.84
13.67,24.86,2,1,1,1,1.5,3.36
11.73,42.26,3,1,1,1,2.0,-8.64
9.7,28.98,1,4,1,0,2.5,14.08
11.08,18.03,1,2,1,1,1.5,-0.92
7.7,20.96,3,2,1,0,2.5,-0.21
7.29,26.58,1,4,1,0,2.5,3.8
13.75,43.36,3,1,1,1,2.0,-2.26
4.42,14.6,2,1,1,0,1.5,9.25
11.64,10.96,2,1,1,1,1.5,16.75
7.55,41.23,2,1,1,0,1.5,17.79
14.6,45.79,1,2,1,1,1.5,12.61
8.82,21.23,2,2,1,0,2.0,2.17
11.17,30.34,2,2,1,1,2.0,-7.98
10.4,48.11,2,1,1,1,1.5,-7.75
8.42,37.36,1,2,1,0,1.5,0.04
12.76,44.81,1,4,1,1,2.5,-7.68
2.44,10.13,1,1,1,0,1.0,14.08
11.39,5.35,2,2,1,1,2.0,7.83
13.57,24.25,3,2,1,1,2.5,3.81
7.18,27.46,3,2,1,0,2.5,6.46
7.72,17.33,2,2,1,0,2.0,-6.4
10.06,5.59,2,2,1,1,2.0,17.65
2.83,33.01,2,1,1,0,1.5,14.11
11.63,18.26,1,2,1,1,1.5,6.23
10.91,28.51,1,2,1,1,1.5,-2.47
2.44,42.67,1,2,1,0,1.5,1.28
7.66,32.42,3,4,1,0,3.5,16.19
7.09,32.75,3,2,1,0,2.5,-5.26
6.35,42.84,2,4,1,0,3.0,-2.41
5.88,30.28,2,4,1,0,3.0,13.14
14.82,40.54,2,2,1,1,2.0,-0.97
7.69,32.84,2,1,1,0,1.5,-7.29
8.99,27.43,3,4,1,0,3.5,16.51
13.07,47.9,2,2,1,1,2.0,9.68
8.78,28.7,3,2,1,0,2.5,-4.15
4.07,18.13,2,4,1,0,3.0,7.81
5.53,17.65,1,4,1,0,2.5,-3.67
2.09,28.23,2,4,1,0,3.0,4.56
4.29,12.18,3,4,1,0,3.5,-5.4
6.41,42.07,2,1,1,0,1.5,-7.5
13.15,14.81,3,2,1,1,2.5,0.95
13.12,25.13,3,4,1,1,3.5,4.02
13.08,28.22,2,4,1,1,3.0,8.49
12.0,15.81,1,2,1,1,1.5,13.12
10.2,34.19,1,4,1,1,2.5,-2.39
6.33,35.39,2,4,1,0,3.0,7.63
11.92,11.58,3,2,1,1,2.5,5.64
14.48,48.19,3,1,1,1,2.0,3.71
7.13,19.41,3,4,1,0,3.5,-6.82
8.78,10.83,3,2,1,0,2.5,-9.87
3.71,19.11,3,1,1,0,2.0,-4.07
14.16,15.72,2,4,1,1,3.0,-7.83
6.07,15.68,3,2,1,0,2.5,-4.86
10.6,39.35,3,4,1,1,3.5,0.93
4.59,48.05,1,4,1,0,2.5,5.58
7.84,8.57,1,2,1,0,1.5,9.14
11.88,14.93,2,2,1,1,2.0,18.84
6.84,41.44,3,4,1,0,3.5,-4.26
13.9,10.36,2,2,1,1,2.0,5.1
10.17,18.61,1,1,1,1,1.0,8.55
9.38,47.99,1,4,1,0,2.5,10.9
11.35,21.71,3,4,1,1,3.5,18.48
12.12,5.32,3,1,1,1,2.0,14.98
11.49,6.05,3,2,1,1,2.5,11.29
10.62,18.05,1,1,1,1,1.0,19.83
12.14,27.59,2,2,1,1,2.0,-8.79
8.6,41.69,2,4,1,0,3.0,1.44
12.61,48.97,3,4,1,1,3.5,-5.69
10.17,29.9,1,1,1,1,1.0,-6.63
3.85,16.97,2,1,1,0,1.5,18.83
12.82,43.17,1,2,1,1,1.5,17.78
14.17,28.82,1,4,1,1,2.5,4.43
10.66,13.01,3,4,1,1,3.5,11.92
9.63,47.61,3,1,1,0,2.0,-0.41
4.84,9.38,1,1,1,0,1.0,-6.07
7.21,25.45,1,2,1,0,1.5,2.16
13.84,13.38,2,1,1,1,1.5,19.99
14.21,36.21,3,4,1,1,3.5,3.45
4.42,19.87,3,2,1,0,2.5,6.35
2.9,13.29,3,1,1,0,2.0,11.68
5.66,14.18,2,4,1,0,3.0,14.13
7.7,38.65,1,2,1,0,1.5,7.83
10.55,39.57,1,4,1,1,2.5,-1.54
13.05,23.45,1,2,1,1,1.5,-4.09
9.89,12.72,1,1,1,0,1.0,-2.4
14.34,26.03,1,4,1,1,2.5,0.08
7.96,34.79,2,4,1,0,3.0,15.97
12.3,30.26,1,2,1,1,1.5,10.98
13.96,19.22,1,4,1,1,2.5,-1.01
10.47,32.17,1,2,1,1,1.5,-5.1
13.02,25.2,3,4,1,1,3.5,14.88
10.7,7.45,2,4,1,1,3.0,2.35
4.74,26.96,2,1,1,0,1.5,-1.23
9.76,45.3,1,2,1,0,1.5,7.42
5.87,36.03,2,4,1,0,3.0,16.11
5.77,49.77,3,2,1,0,2.5,2.14
4.57,49.27,3,1,1,0,2.0,10.9
2.01,14.98,2,2,1,0,2.0,6.42
8.68,44.44,1,1,1,0,1.0,7.49
4.3,15.62,3,1,1,0,2.0,15.63
12.69,29.13,3,2,1,1,2.5,15.91
6.55,44.09,2,2,1,0,2.0,10.88
7.36,22.09,1,2,1,0,1.5,19.04
2.72,32.49,3,2,1,0,2.5,-3.48
2.76,40.16,3,4,1,0,3.5,8.8
6.89,38.89,3,1,1,0,2.0,-9.44
12.68,25.55,2,4,1,1,3.0,-1.75
14.72,30.42,3,4,1,1,3.5,16.76
9.95,33.37,2,1,1,0,1.5,0.75
13.29,38.93,2,4,1,1,3.0,-9.38
7.65,17.78,1,2,1,0,1.5,19.51
7.17,23.46,2,1,1,0,1.5,19.38
9.49,46.75,1,1,1,0,1.0,8.23
7.04,23.54,1,4,1,0,2.5,-3.71
4.67,41.18,1,2,1,0,1.5,6.11
12.7,14.65,1,1,1,1,1.0,0.94
12.67,30.64,2,2,1,1,2.0,-1.73
14.62,21.64,1,2,1,1,1.5,12.96
2.06,34.22,2,1,1,0,1.5,7.07
4.99,10.86,1,1,1,0,1.0,-1.93
10.91,15.65,3,1,1,1,2.0,12.68
9.8,11.23,2,1,1,0,1.5,-8.55
8.78,38.94,2,1,1,0,1.5,2.49
9.55,25.5,3,4,1,0,3.5,11.62
5.05,36.6,1,4,1,0,2.5,18.52
13.76,26.48,2,1,1,1,1.5,18.27
11.7,45.76,1,2,1,1,1.5,-5.45
9.56,49.27,1,4,1,0,2.5,-3.94
9.16,38.56,2,4,1,0,3.0,-7.12
14.1,31.36,3,1,1,1,2.0,6.07
14.14,46.01,1,1,1,1,1.0,-0.72
3.95,9.93,2,4,1,0,3.0,-8.49
11.29,36.98,3,2,1,1,2.5,9.95
9.13,12.18,2,4,1,0,3.0,10.94
3.76,7.44,2,4,1,0,3.0,5.98
10.06,44.19,2,1,1,1,1.5,-1.48
10.78,22.64,1,2,1,1,1.5,4.95
5.9,10.52,2,2,1,0,2.0,-1.79
12.69,29.6,1,1,1,1,1.0,8.07
5.63,44.39,2,4,1,0,3.0,3.8
5.7,47.66,1,2,1,0,1.5,10.02
14.64,27.05,1,4,1,1,2.5,-7.47
2.46,33.04,2,1,1,0,1.5,-7.02
7.37,28.76,2,4,1,0,3.0,17.24
10.57,32.81,1,2,1,1,1.5,2.03
2.86,27.18,2,4,1,0,3.0,17.72
2.89,15.0,3,2,1,0,2.5,0.71
9.38,7.56,1,4,1,0,2.5,9.12
5.01,23.16,1,4,1,0,2.5,-3.8
11.64,11.4,2,2,1,1,2.0,-4.46
8.48,15.37,2,2,1,0,2.0,3.57
4.99,26.44,1,2,1,0,1.5,1.71
6.85,21.5,2,4,1,0,3.0,-5.75
10.93,42.94,1,1,1,1,1.0,-9.87
9.65,49.11,3,1,1,0,2.0,-1.23
9.54,18.27,2,2,1,0,2.0,0.75
3.95,47.18,2,4,1,0,3.0,-0.6
4.65,27.4,2,2,1,0,2.0,3.56
10.31,46.38,2,4,1,1,3.0,-0.8
5.27,37.99,2,1,1,0,1.5,18.62
2.58,13.51,3,4,1,0,3.5,10.21
10.73,39.06,2,1,1,1,1.5,18.21
12.14,25.5,2,2,1,1,2.0,-3.87
5.5,15.03,2,4,1,0,3.0,15.59
7.64,45.91,2,2,1,0,2.0,9.2
7.5,8.73,2,2,1,0,2.0,-4.34
9.57,8.25,3,2,1,0,2.5,-8.15
14.39,42.67,3,1,1,1,2.0,-6.45
6.92,26.66,2,2,1,0,2.0,12.6
2.03,11.18,3,2,1,0,2.5,-9.37
7.97,12.65,2,4,1,0,3.0,9.25
3.66,5.39,2,2,1,0,2.0,3.3
10.46,46.21,1,4,1,1,2.5,18.84
2.16,41.98,3,2,1,0,2.5,0.89
12.71,35.35,2,1,1,1,1.5,6.58
4.9,14.68,1,1,1,0,1.0,-0.34
7.17,43.04,2,2,1,0,2.0,8.09
11.78,48.4,3,1,1,1,2.0,17.27
2.51,19.32,3,2,1,0,2.5,5.97
12.76,28.85,3,2,1,1,2.5,-7.83
5.93,34.43,1,2,1,0,1.5,6.08
10.13,7.69,2,2,1,1,2.0,-2.48
14.75,46.41,3,2,1,1,2.5,5.96
4.48,17.43,1,4,1,0,2.5,-8.76
14.28,28.18,1,2,1,1,1.5,18.87
6.74,41.44,1,1,1,0,1.0,6.32
10.14,20.19,3,2,1,1,2.5,8.24
2.13,6.5,1,2,1,0,1.5,0.99
7.51,22.42,2,4,1,0,3.0,-1.09
12.39,9.93,2,2,1,1,2.0,0.18
10.67,23.45,3,2,1,1,2.5,16.43
11.97,40.23,3,4,1,1,3.5,1.29
13.59,13.0,1,1,1,1,1.0,-5.73
11.61,45.35,1,2,1,1,1.5,9.29
7.21,24.76,3,1,1,0,2.0,8.83
10.8,49.03,2,4,1,1,3.0,1.98
5.14,39.59,1,2,1,0,1.5,12.88
5.13,12.35,3,4,1,0,3.5,12.83
10.21,19.34,2,2,1,1,2.0,2.23
12.4,47.99,2,2,1,1,2.0,-3.56
7.39,41.99,3,1,1,0,2.0,12.0
13.57,9.47,2,4,1,1,3.0,17.91
14.73,29.09,3,1,1,1,2.0,7.01
11.62,8.82,2,2,1,1,2.0,0.82
13.2,48.44,2,2,1,1,2.0,-6.86
7.88,16.82,2,4,1,0,3.0,6.34
11.12,26.63,3,1,1,1,2.0,0.2
5.47,29.88,3,2,1,0,2.5,9.87
7.68,25.11,1,1,1,0,1.0,2.19
5.63,28.12,2,4,1,0,3.0,12.03
13.93,36.97,2,1,1,1,1.5,5.64
11.22,43.66,1,4,1,1,2.5,-6.88
9.85,19.44,1,4,1,0,2.5,-3.46
8.52,12.1,3,4,1,0,3.5,0.85
13.33,11.12,3,1,1,1,2.0,-1.61
2.24,15.27,3,2,1,0,2.5,19.02
7.35,28.28,1,4,1,0,2.5,5.02
12.17,31.03,1,1,1,1,1.0,-1.27
13.08,36.52,2,4,1,1,3.0,-1.99
6.62,26.69,3,1,1,0,2.0,6.95
12.2,33.4,3,4,1,1,3.5,16.21
11.83,37.8,1,1,1,1,1.0,19.23
4.96,46.06,2,1,1,0,1.5,11.21
14.92,10.62,1,4,1,1,2.5,6.23
5.44,9.38,2,1,1,0,1.5,5.06
2.23,30.94,2,2,1,0,2.0,0.24
13.6,9.88,2,1,1,1,1.5,12.75
14.91,11.71,3,1,1,1,2.0,14.67
3.2,26.48,2,2,1,0,2.0,-8.46
14.2,29.99,3,4,1,1,3.5,10.9
4.75,9.56,2,4,1,0,3.0,-2.11
7.48,40.97,1,1,1,0,1.0,10.42
5.54,13.14,3,1,1,0,2.0,18.62
3.01,26.75,3,1,1,0,2.0,15.84
2.74,28.65,1,2,1,0,1.5,-5.85
10.66,13.58,3,4,1,1,3.5,13.97
7.02,21.38,3,2,1,0,2.5,-5.14
10.75,15.68,3,1,1,1,2.0,-7.8
5.87,21.53,3,4,1,0,3.5,2.03
2.8,18.88,1,2,1,0,1.5,9.38
12.07,24.75,3,4,1,1,3.5,14.04
10.46,29.21,3,1,1,1,2.0,11.32
5.26,18.22,2,2,1,0,2.0,-1.9
3.2,46.37,2,4,1,0,3.0,17.51
13.77,12.54,2,1,1,1,1.5,-6.93
3.24,44.27,2,4,1,0,3.0,5.63
5.86,44.36,1,1,1,0,1.0,0.75
7.42,34.18,1,1,1,0,1.0,-9.5
13.51,24.76,3,4,1,1,3.5,10.49
2.52,40.08,1,1,1,0,1.0,-6.6
8.39,12.98,2,2,1,0,2.0,15.73
11.84,46.06,2,1,1,1,1.5,0.18
14.84,18.27,1,1,1,1,1.0,18.18
12.68,46.7,3,4,1,1,3.5,1.72
7.18,45.81,1,2,1,0,1.5,17.51
14.13,43.37,2,1,1,1,1.5,3.3
14.49,8.45,2,2,1,1,2.0,-8.61
3.69,30.72,1,2,1,0,1.5,-4.09
3.22,29.78,1,4,1,0,2.5,5.09
8.91,18.42,2,2,1,0,2.0,15.91
13.12,29.73,1,2,1,1,1.5,10.65
8.99,15.89,3,1,1,0,2.0,-2.6
7.26,13.76,1,4,1,0,2.5,-5.87
5.36,5.14,2,1,1,0,1.5,17.79
6.9,17.12,3,4,1,0,3.5,-0.73
3.18,15.34,1,1,1,0,1.0,-2.33
2.95,26.81,2,4,1,0,3.0,-9.64
8.53,39.88,3,4,1,0,3.5,-0.79
12.25,32.43,2,2,1,1,2.0,2.19
11.08,8.59,3,2,1,1,2.5,-1.85
3.15,49.49,2,1,1,0,1.5,-0.26
11.07,29.23,2,4,1,1,3.0,18.61
5.12,17.75,1,4,1,0,2.5,6.39
9.24,24.29,3,1,1,0,2.0,18.84
11.39,32.71,1,4,1,1,2.5,7.87
10.11,33.73,1,2,1,1,1.5,-8.31
3.37,44.46,3,1,1,0,2.0,18.7
2.88,23.1,1,4,1,0,2.5,12.72
4.69,9.5,1,1,1,0,1.0,-4.25
10.88,23.92,1,1,1,1,1.0,0.38
12.15,39.94,2,2,1,1,2.0,-7.02
7.53,39.78,3,2,1,0,2.5,-9.86
7.39,22.08,1,1,1,0,1.0,5.63
11.29,18.44,2,1,1,1,1.5,12.43
10.06,20.87,1,4,1,1,2.5,10.65
10.56,32.46,3,4,1,1,3.5,12.59
13.88,23.9,1,2,1,1,1.5,2.66
4.36,19.32,1,2,1,0,1.5,18.11
14.1,47.23,2,1,1,1,1.5,8.84
7.73,24.0,3,4,1,0,3.5,17.77
5.25,47.72,3,1,1,0,2.0,-3.72
7.41,43.03,2,1,1,0,1.5,-4.29
8.87,16.89,3,4,1,0,3.5,-0.9
9.9,25.04,3,2,1,0,2.5,-8.07
13.1,45.23,3,4,1,1,3.5,4.78
4.85,23.96,3,1,1,0,2.0,-1.21
5.57,32.63,3,1,1,0,2.0,2.77
11.81,38.87,2,4,1,1,3.0,6.75
13.76,39.13,1,2,1,1,1.5,17.31
10.24,17.62,3,4,1,1,3.5,4.84
5.64,46.91,3,1,1,0,2.0,-9.44
5.5,6.72,3,4,1,0,3.5,6.31
10.29,9.02,1,2,1,1,1.5,-0.66
11.83,27.92,3,4,1,1,3.5,11.63
4.48,31.69,2,2,1,0,2.0,-2.48
10.51,7.14,2,4,1,1,3.0,2.13
6.09,28.35,3,1,1,0,2.0,-7.72
5.68,48.24,3,4,1,0,3.5,1.18
9.26,16.08,2,1,1,0,1.5,9.59
3.46,31.43,1,2,1,0,1.5,-0.33
5.96,19.17,2,2,1,0,2.0,6.23
4.11,8.54,2,4,1,0,3.0,11.01
2.58,31.68,1,2,1,0,1.5,8.36
4.05,11.49,2,1,1,0,1.5,0.81
14.21,40.68,2,2,1,1,2.0,6.03
4.07,29.86,3,2,1,0,2.5,14.48
11.19,41.54,1,4,1,1,2.5,1.89
7.83,37.92,3,4,1,0,3.5,-0.48
6.15,6.76,3,4,1,0,3.5,15.07
4.22,48.63,1,1,1,0,1.0,-7.7
6.19,10.52,2,1,1,0,1.5,1.0
7.88,18.54,3,2,1,0,2.5,6.06
6.3,38.25,2,2,1,0,2.0,14.44
14.72,7.97,2,2,1,1,2.0,15.02
11.09,43.77,1,1,1,1,1.0,7.05
6.48,27.3,1,1,1,0,1.0,8.65
10.6,13.27,3,1,1,1,2.0,13.89
6.78,14.25,1,1,1,0,1.0,16.35
3.87,39.71,2,4,1,0,3.0,19.43
5.93,39.0,3,4,1,0,3.5,-9.26
2.13,25.17,3,4,1,0,3.5,15.28
2.34,9.66,2,1,1,0,1.5,-8.66
5.28,40.98,2,2,1,0,2.0,12.4
7.29,23.59,2,2,1,0,2.0,-4.1
6.56,25.91,1,2,1,0,1.5,-2.46
5.13,17.24,2,4,1,0,3.0,-0.89
8.81,26.12,3,4,1,0,3.5,-1.57
3.77,49.06,1,2,1,0,1.5,-2.53
4.17,34.88,1,4,1,0,2.5,18.72
7.93,13.91,3,4,1,0,3.5,9.37
10.79,23.99,3,4,1,1,3.5,-3.39
2.83,14.84,1,1,1,0,1.0,-7.97
10.16,6.74,3,4,1,1,3.5,6.36
8.25,27.46,2,1,1,0,1.5,5.17
11.25,43.69,1,4,1,1,2.5,-6.65
9.91,23.7,1,2,1,0,1.5,12.62
13.29,48.25,2,4,1,1,3.0,14.3
6.53,20.81,2,2,1,0,2.0,9.86
2.63,37.4,2,4,1,0,3.0,-5.12
10.56,39.88,1,2,1,1,1.5,3.08
8.45,23.53,2,1,1,0,1.5,-3.79
8.43,48.27,2,4,1,0,3.0,10.64
6.77,38.09,3,1,1,0,2.0,9.63
13.73,15.78,3,4,1,1,3.5,-6.63
9.97,32.41,1,1,1,0,1.0,-3.21
4.16,41.07,2,1,1,0,1.5,7.85
2.39,11.35,3,2,1,0,2.5,-3.84
2.88,15.18,1,1,1,0,1.0,16.33
9.96,42.33,1,2,1,0,1.5,0.9
4.21,31.14,1,4,1,0,2.5,12.36
8.78,41.39,2,1,1,0,1.5,19.37
6.05,42.35,2,1,1,0,1.5,-7.56
14.37,5.37,1,4,1,1,2.5,13.32
8.94,5.19,1,2,1,0,1.5,11.82
7.15,48.12,2,1,1,0,1.5,15.46
4.39,48.11,2,4,1,0,3.0,5.67
5.17,47.66,3,1,1,0,2.0,-6.91
13.78,24.21,1,4,1,1,2.5,14.59
4.83,11.88,1,4,1,0,2.5,2.64
9.94,38.36,2,4,1,0,3.0,11.96
5.42,18.5,2,1,1,0,1.5,-3.19
14.35,38.19,3,2,1,1,2.5,-3.83
6.67,41.61,2,4,1,0,3.0,13.0
6.4,48.78,2,2,1,0,2.0,-9.2
14.69,25.42,2,1,1,1,1.5,-3.7
4.12,26.31,3,1,1,0,2.0,6.65
5.72,44.51,3,4,1,0,3.5,3.8
13.69,37.06,3,2,1,1,2.5,15.22
4.91,41.44,2,2,1,0,2.0,12.76
6.42,44.41,1,4,1,0,2.5,-2.95
6.08,28.83,1,2,1,0,1.5,-9.47
2.69,39.29,1,2,1,0,1.5,-8.92
4.84,7.92,3,1,1,0,2.0,-8.92
2.48,38.26,3,2,1,0,2.5,12.81
4.53,46.84,2,2,1,0,2.0,-9.36
11.81,16.7,1,1,1,1,1.0,4.73
11.76,32.66,2,1,1,1,1.5,4.02
6.44,43.28,3,1,1,0,2.0,12.92
10.02,23.31,1,2,1,1,1.5,8.16
13.21,6.4,1,2,1,1,1.5,3.01
10.09,13.44,2,1,1,1,1.5,6.13
13.36,48.49,2,4,1,1,3.0,18.5
8.98,23.06,1,4,1,0,2.5,-3.53
9.69,28.41,2,2,1,0,2.0,3.01
14.25,36.34,1,2,1,1,1.5,11.19
5.56,46.08,3,2,1,0,2.5,14.11
13.8,12.12,2,1,1,1,1.5,-9.93
11.48,49.97,2,1,1,1,1.5,3.85
9.67,23.07,3,1,1,0,2.0,4.03
11.68,19.69,2,2,1,1,2.0,2.61
4.68,34.37,2,2,1,0,2.0,-1.53
5.9,13.37,3,1,1,0,2.0,8.41
8.8,12.07,2,4,1,0,3.0,-7.32
8.47,46.3,2,4,1,0,3.0,11.08
4.36,48.54,2,2,1,0,2.0,-3.64
9.57,20.28,2,1,1,0,1.5,16.43
12.02,27.52,2,4,1,1,3.0,5.08
5.9,27.95,3,2,1,0,2.5,-9.99
14.36,23.64,3,1,1,1,2.0,3.91
11.16,11.19,1,2,1,1,1.5,8.59
14.42,39.17,1,1,1,1,1.0,3.7
11.33,39.27,2,1,1,1,1.5,10.67
13.61,11.44,2,2,1,1,2.0,2.57
12.97,12.62,3,4,1,1,3.5,4.41
6.74,24.26,1,1,1,0,1.0,19.54
8.62,19.56,3,4,1,0,3.5,-3.78
6.76,14.0,2,2,1,0,2.0,14.71
11.22,30.49,2,1,1,1,1.5,9.87
13.68,15.92,1,1,1,1,1.0,-8.25
9.29,42.15,2,4,1,0,3.0,13.56
4.99,37.81,2,1,1,0,1.5,17.21
11.78,12.93,2,2,1,1,2.0,12.94
10.54,37.69,1,1,1,1,1.0,16.65
9.49,15.23,1,4,1,0,2.5,14.8
7.04,40.51,3,1,1,0,2.0,17.86
4.89,20.4,3,2,1,0,2.5,8.92
7.68,19.28,2,4,1,0,3.0,-5.25
4.78,16.06,3,4,1,0,3.5,5.93
9.06,45.57,1,1,1,0,1.0,3.26
6.15,33.16,3,2,1,0,2.5,-3.92
7.2,26.24,1,1,1,0,1.0,5.62
7.1,26.45,1,2,1,0,1.5,7.33
2.29,29.02,3,1,1,0,2.0,18.28
2.7,17.89,2,1,1,0,1.5,18.77
9.09,32.99,1,2,1,0,1.5,-6.28
4.5,23.04,3,2,1,0,2.5,5.72
12.53,16.24,2,1,1,1,1.5,-6.46
12.02,6.82,3,1,1,1,2.0,-9.03
3.46,32.45,3,4,1,0,3.5,-0.5
5.05,25.71,2,4,1,0,3.0,6.27
10.55,42.16,2,1,1,1,1.5,-1.9
14.66,35.6,2,1,1,1,1.5,18.82
14.27,40.4,2,2,1,1,2.0,-2.55
3.16,25.53,1,1,1,0,1.0,15.52
3.35,28.51,3,2,1,0,2.5,10.75
8.14,21.29,1,1,1,0,1.0,10.01
12.06,17.76,2,1,1,1,1.5,-4.8
11.84,5.8,1,1,1,1,1.0,-9.67
5.94,38.25,3,4,1,0,3.5,10.78
13.38,16.61,3,2,1,1,2.5,2.25
12.96,35.22,1,1,1,1,1.0,19.15
6.87,29.5,3,4,1,0,3.5,7.35
14.88,32.16,3,1,1,1,2.0,-1.48
7.85,33.11,3,1,1,0,2.0,19.99
8.72,40.6,1,1,1,0,1.0,18.12
11.8,21.96,1,4,1,1,2.5,6.59
7.58,46.55,2,4,1,0,3.0,5.95
13.33,7.59,2,2,1,1,2.0,4.3
12.23,7.39,3,1,1,1,2.0,1.72
13.54,40.77,1,1,1,1,1.0,-9.97
10.55,49.51,2,1,1,1,1.5,10.91
11.22,16.02,3,4,1,1,3.5,2.81
4.24,42.35,2,1,1,0,1.5,10.66
7.94,47.68,1,4,1,0,2.5,15.55
5.05,23.36,1,2,1,0,1.5,9.83
12.81,27.69,1,1,1,1,1.0,-7.59
8.8,6.32,2,4,1,0,3.0,18.35
12.75,38.27,2,2,1,1,2.0,8.15
5.42,13.41,2,4,1,0,3.0,15.8
14.58,28.62,3,4,1,1,3.5,12.11
11.47,14.37,3,1,1,1,2.0,-6.44
2.17,32.17,3,4,1,0,3.5,11.51
2.74,30.54,3,1,1,0,2.0,6.04
13.3,45.07,3,2,1,1,2.5,1.37
2.77,31.0,3,4,1,0,3.5,17.08
5.9,37.95,3,4,1,0,3.5,0.84
14.64,16.7,2,2,1,1,2.0,1.63
9.76,18.96,2,2,1,0,2.0,-4.57
11.74,25.09,1,1,1,1,1.0,18.66
5.57,35.62,2,2,1,0,2.0,1.1
3.13,9.94,1,2,1,0,1.5,-3.22
13.22,6.21,1,1,1,1,1.0,-5.86
6.33,29.91,2,4,1,0,3.0,11.33
9.81,39.82,1,4,1,0,2.5,5.88
13.48,48.31,3,1,1,1,2.0,16.21
11.98,27.58,3,1,1,1,2.0,13.14
6.88,29.53,3,2,1,0,2.5,19.28
5.62,21.22,1,1,1,0,1.0,13.22
11.34,10.05,3,2,1,1,2.5,15.63
14.73,49.71,2,2,1,1,2.0,-2.08
5.59,30.62,2,4,1,0,3.0,-4.98
13.62,23.14,2,1,1,1,1.5,-8.65
10.54,31.01,3,1,1,1,2.0,7.91
9.97,22.74,1,2,1,0,1.5,2.94
11.45,7.02,1,1,1,1,1.0,8.29
13.79,18.58,3,4,1,1,3.5,5.12
12.07,20.05,3,1,1,1,2.0,9.76
14.71,35.31,3,4,1,1,3.5,-1.79
14.51,8.56,1,4,1,1,2.5,-7.83
13.5,10.15,3,4,1,1,3.5,-6.99
12.82,17.6,1,1,1,1,1.0,1.49
7.75,20.99,1,2,1,0,1.5,13.47
4.95,39.71,1,4,1,0,2.5,-7.61
8.05,19.45,3,4,1,0,3.5,17.96
13.61,27.37,2,2,1,1,2.0,7.16
13.87,49.37,3,2,1,1,2.5,19.81
3.41,39.43,3,4,1,0,3.5,17.5
9.96,34.63,2,2,1,0,2.0,13.67
10.79,29.68,1,1,1,1,1.0,11.59
4.9,21.61,2,1,1,0,1.5,12.68
11.79,15.27,2,1,1,1,1.5,2.76
9.5,13.9,3,2,1,0,2.5,8.84
10.4,14.13,2,1,1,1,1.5,9.48
8.95,41.9,3,4,1,0,3.5,13.36
5.44,9.41,1,2,1,0,1.5,0.61
6.81,12.14,2,1,1,0,1.5,16.91
12.47,32.4,3,4,1,1,3.5,-8.45
5.75,5.02,2,1,1,0,1.5,11.99
11.81,43.36,3,1,1,1,2.0,7.59
9.59,42.06,3,4,1,0,3.5,-2.18
4.31,14.65,1,4,1,0,2.5,5.02
11.11,34.02,3,2,1,1,2.5,-9.59
3.46,45.43,1,1,1,0,1.0,-7.9
8.82,38.58,2,2,1,0,2.0,6.16
11.36,46.99,3,2,1,1,2.5,2.37
2.18,28.92,1,1,1,0,1.0,19.47
13.56,36.75,1,4,1,1,2.5,4.97
5.39,22.99,2,1,1,0,1.5,12.14
9.13,19.59,2,4,1,0,3.0,-8.09
9.85,48.64,2,2,1,0,2.0,8.99
4.03,32.55,2,1,1,0,1.5,14.84
2.22,35.08,2,4,1,0,3.0,12.54
10.51,47.29,2,4,1,1,3.0,-0.84
6.73,16.12,2,4,1,0,3.0,13.37
6.83,24.62,1,4,1,0,2.5,4.19
11.73,35.02,3,4,1,1,3.5,3.53
8.57,49.46,3,4,1,0,3.5,6.82
7.98,15.84,3,2,1,0,2.5,19.13
2.73,6.69,3,4,1,0,3.5,0.48
10.31,22.46,2,2,1,1,2.0,6.14
13.68,47.25,2,2,1,1,2.0,-3.83
10.49,20.3,2,4,1,1,3.0,-9.2
7.84,44.47,2,4,1,0,3.0,4.75
8.55,6.69,3,4,1,0,3.5,7.95
12.54,31.17,2,4,1,1,3.0,19.5
14.85,36.67,2,2,1,1,2.0,15.14
2.26,11.29,2,1,1,0,1.5,-8.23
5.61,26.78,2,1,1,0,1.5,10.46
8.36,43.63,1,4,1,0,2.5,4.64
2.34,41.32,1,1,1,0,1.0,9.74
8.92,19.68,3,2,1,0,2.5,17.18
14.49,49.09,3,1,1,1,2.0,2.52
13.09,29.74,2,4,1,1,3.0,17.75
11.13,14.51,1,4,1,1,2.5,-9.74
11.87,48.25,3,4,1,1,3.5,-8.18
10.67,14.7,1,4,1,1,2.5,0.23
14.65,25.15,3,1,1,1,2.0,18.67
4.31,49.47,1,2,1,0,1.5,-5.97
8.91,25.92,1,1,1,0,1.0,8.23
4.87,44.39,3,1,1,0,2.0,17.78
12.9,31.85,2,4,1,1,3.0,11.62
3.4,44.76,2,1,1,0,1.5,-4.33
8.48,24.12,1,4,1,0,2.5,15.95
3.31,40.25,2,2,1,0,2.0,8.33
10.04,40.61,2,1,1,1,1.5,11.12
13.51,14.93,3,1,1,1,2.0,11.28
9.75,36.5,2,2,1,0,2.0,-8.59
3.35,5.18,2,1,1,0,1.5,1.33
4.95,18.91,1,4,1,0,2.5,14.68
10.44,30.27,2,1,1,1,1.5,0.26
12.18,38.52,3,4,1,1,3.5,7.84
11.79,10.54,3,1,1,1,2.0,-5.56
8.98,21.43,3,2,1,0,2.5,4.48
6.15,15.08,2,4,1,0,3.0,11.71
5.21,41.64,1,4,1,0,2.5,8.18
9.3,29.78,2,2,1,0,2.0,12.08
7.84,27.0,1,4,1,0,2.5,2.0
5.89,7.5,3,4,1,0,3.5,18.39
9.21,40.73,1,4,1,0,2.5,4.99
9.63,29.16,2,1,1,0,1.5,3.09
14.71,18.48,3,2,1,1,2.5,-0.02
10.85,41.94,3,4,1,1,3.5,14.0
6.78,45.38,2,1,1,0,1.5,9.96
3.09,8.97,1,4,1,0,2.5,14.55
12.45,43.04,2,4,1,1,3.0,17.64
10.19,40.78,3,4,1,1,3.5,13.38
10.69,25.49,1,2,1,1,1.5,9.8
9.34,42.08,3,1,1,0,2.0,-1.14
8.34,20.48,1,1,1,0,1.0,19.55
2.1,11.96,1,2,1,0,1.5,-1.4
10.83,8.57,3,2,1,1,2.5,-3.44
3.81,20.4,3,2,1,0,2.5,5.21
10.12,22.04,2,1,1,1,1.5,7.73
8.17,26.48,2,4,1,0,3.0,5.1
8.14,10.59,2,1,1,0,1.5,-2.89
2.03,10.98,1,4,1,0,2.5,18.76
3.39,27.66,1,1,1,0,1.0,-5.76
14.63,27.87,2,4,1,1,3.0,-0.89
9.8,8.26,1,2,1,0,1.5,18.2
3.25,38.23,2,2,1,0,2.0,3.58
14.08,28.78,3,4,1,1,3.5,-3.68
13.78,45.33,2,4,1,1,3.0,8.1
9.0,8.63,3,1,1,0,2.0,-9.1
12.12,32.94,3,2,1,1,2.5,15.12
12.69,33.28,3,4,1,1,3.5,5.42
12.95,14.82,3,2,1,1,2.5,4.74
10.76,17.98,2,1,1,1,1.5,12.34
9.18,41.53,3,4,1,0,3.5,-9.31
10.72,14.44,1,2,1,1,1.5,13.81
9.36,43.7,1,2,1,0,1.5,4.48
13.1,37.81,1,4,1,1,2.5,15.05
13.8,31.69,1,4,1,1,2.5,-1.4
13.53,45.92,3,4,1,1,3.5,6.78
6.25,26.24,1,2,1,0,1.5,17.98
14.08,47.64,1,1,1,1,1.0,-2.48
7.3,12.08,1,4,1,0,2.5,7.89
3.31,11.08,1,2,1,0,1.5,9.83
7.28,10.55,2,4,1,0,3.0,3.21
5.72,45.65,2,4,1,0,3.0,15.6
12.76,12.25,3,4,1,1,3.5,0.53
8.38,29.29,3,2,1,0,2.5,8.44
5.46,44.63,3,2,1,0,2.5,10.34
11.64,40.54,2,2,1,1,2.0,6.07
10.39,38.91,2,4,1,1,3.0,8.63
8.38,19.91,3,1,1,0,2.0,6.54
6.11,16.84,2,1,1,0,1.5,-2.42
9.61,23.93,3,4,1,0,3.5,5.92
3.72,26.62,3,2,1,0,2.5,8.68
11.82,15.28,1,2,1,1,1.5,-5.22
9.96,28.94,3,2,1,0,2.5,13.19
12.4,11.27,3,1,1,1,2.0,-8.74
11.56,31.55,2,4,1,1,3.0,7.23
6.02,34.0,2,1,1,0,1.5,-1.47
12.51,40.95,1,4,1,1,2.5,10.9
4.73,16.72,1,2,1,0,1.5,3.03
9.72,38.62,2,2,1,0,2.0,11.41
10.61,37.25,3,4,1,1,3.5,2.34
13.72,49.38,3,1,1,1,2.0,11.51
8.34,28.91,1,1,1,0,1.0,-9.4
8.03,36.54,1,2,1,0,1.5,-4.55
14.21,20.17,3,1,1,1,2.0,-6.63
9.74,11.53,2,1,1,0,1.5,11.09
4.27,33.99,3,1,1,0,2.0,15.17
12.75,23.19,1,2,1,1,1.5,9.14
3.39,42.18,3,1,1,0,2.0,15.57
11.05,38.22,2,4,1,1,3.0,12.47
9.99,39.31,1,1,1,0,1.0,12.05
7.28,27.72,1,2,1,0,1.5,8.03
7.47,45.55,2,1,1,0,1.5,-4.11
6.81,30.46,1,1,1,0,1.0,17.39
7.65,9.84,1,4,1,0,2.5,2.24
4.61,47.95,2,1,1,0,1.5,-8.25
3.57,49.63,3,1,1,0,2.0,4.25
11.62,21.66,3,2,1,1,2.5,-5.21
2.87,24.98,2,1,1,0,1.5,9.61
9.22,31.07,2,1,1,0,1.5,12.65
2.82,40.69,1,4,1,0,2.5,16.25
8.58,22.38,2,1,1,0,1.5,4.0
8.45,32.2,3,4,1,0,3.5,-8.62
10.11,39.81,2,1,1,1,1.5,-8.63
8.27,20.23,1,2,1,0,1.5,6.04
14.61,33.11,3,2,1,1,2.5,5.77
7.64,9.57,3,2,1,0,2.5,8.47
4.31,17.88,1,4,1,0,2.5,-7.72
13.41,29.39,3,4,1,1,3.5,14.55
7.67,12.19,1,2,1,0,1.5,9.25
12.8,11.13,3,2,1,1,2.5,-2.18
6.6,6.71,2,4,1,0,3.0,10.47
14.83,44.13,2,1,1,1,1.5,10.19
7.71,14.37,1,4,1,0,2.5,0.3
7.14,12.78,1,2,1,0,1.5,-6.76
14.04,18.14,1,1,1,1,1.0,-5.56
7.61,9.19,2,1,1,0,1.5,-9.98
13.53,47.81,1,4,1,1,2.5,-8.95
12.76,36.26,1,1,1,1,1.0,2.06
4.72,13.82,1,4,1,0,2.5,10.6
6.47,20.08,3,2,1,0,2.5,2.4
4.5,28.44,3,2,1,0,2.5,3.03
14.57,10.84,2,1,1,1,1.5,3.92
2.99,24.35,1,4,1,0,2.5,12.38
11.34,40.13,1,4,1,1,2.5,15.55
12.77,10.73,2,4,1,1,3.0,17.9
2.53,47.66,2,1,1,0,1.5,15.2
9.37,35.56,3,4,1,0,3.5,6.69
14.3,49.57,2,1,1,1,1.5,11.22
3.34,47.52,3,4,1,0,3.5,14.04
11.12,28.06,3,2,1,1,2.5,6.07
4.12,39.43,3,4,1,0,3.5,4.58
2.55,10.87,1,1,1,0,1.0,4.08
3.25,5.23,1,1,1,0,1.0,-1.02
13.53,32.08,1,2,1,1,1.5,3.27
6.29,31.7,2,1,1,0,1.5,-1.94
2.45,7.77,3,1,1,0,2.0,4.39
8.98,9.86,3,4,1,0,3.5,-7.47
8.23,19.81,3,2,1,0,2.5,-6.96
8.68,18.53,1,2,1,0,1.5,6.06
4.43,7.03,3,1,1,0,2.0,1.49
7.0,11.68,2,1,1,0,1.5,4.09
6.34,10.8,1,1,1,0,1.0,2.46
13.58,43.83,3,1,1,1,2.0,-9.12
3.97,5.21,1,4,1,0,2.5,-1.26
7.85,45.51,1,1,1,0,1.0,12.3
11.1,31.12,1,2,1,1,1.5,12.64
13.8,26.13,3,2,1,1,2.5,4.69
7.32,46.07,3,2,1,0,2.5,12.0
13.26,29.78,3,2,1,1,2.5,-5.93
8.74,11.9,1,2,1,0,1.5,11.37
7.19,33.0,2,4,1,0,3.0,5.76
11.99,47.48,1,2,1,1,1.5,3.65
2.31,39.16,2,2,1,0,2.0,18.55
9.34,39.91,1,2,1,0,1.5,9.52
14.68,29.33,2,2,1,1,2.0,-8.26
8.59,6.42,2,4,1,0,3.0,7.89
11.59,42.21,2,2,1,1,2.0,-8.65
6.93,45.73,3,2,1,0,2.5,2.4
9.54,36.48,1,1,1,0,1.0,6.48
3.3,22.58,3,1,1,0,2.0,-1.5
8.07,26.69,3,4,1,0,3.5,16.09
6.42,26.31,2,2,1,0,2.0,16.1
7.41,26.58,2,4,1,0,3.0,7.1
7.86,42.6,3,2,1,0,2.5,-2.43
7.85,34.87,1,4,1,0,2.5,7.54
7.04,15.25,2,4,1,0,3.0,-8.29
14.43,26.94,3,2,1,1,2.5,10.5
10.01,40.0,3,4,1,1,3.5,-6.47
5.57,42.79,1,2,1,0,1.5,-3.39
14.79,31.1,2,4,1,1,3.0,2.79
13.73,10.04,2,2,1,1,2.0,-2.84
7.92,24.53,3,2,1,0,2.5,16.98
9.81,41.85,2,2,1,0,2.0,6.05
10.31,49.11,3,1,1,1,2.0,-7.02
10.0,38.03,2,1,1,0,1.5,18.5
8.56,35.68,1,4,1,0,2.5,3.77
13.58,27.0,2,4,1,1,3.0,7.31
12.25,38.33,2,2,1,1,2.0,15.28
12.22,44.61,1,4,1,1,2.5,-4.27
12.96,39.43,2,2,1,1,2.0,-9.05
6.87,11.39,3,2,1,0,2.5,19.32
2.67,17.29,1,4,1,0,2.5,14.41
3.27,26.64,3,2,1,0,2.5,15.77
13.69,29.41,2,4,1,1,3.0,-1.52
11.39,42.55,2,2,1,1,2.0,1.27
3.45,38.57,2,4,1,0,3.0,-6.62
11.08,20.03,1,2,1,1,1.5,12.76
11.56,29.98,1,2,1,1,1.5,14.11
6.48,34.38,1,4,1,0,2.5,-0.53
6.15,10.56,2,1,1,0,1.5,13.57
5.71,15.76,1,1,1,0,1.0,10.58
11.66,28.61,3,2,1,1,2.5,17.98
12.58,21.7,1,1,1,1,1.0,-4.12
8.54,15.13,1,2,1,0,1.5,0.4
8.01,47.45,3,1,1,0,2.0,-9.94
11.78,9.88,2,4,1,1,3.0,10.92
7.18,47.46,3,4,1,0,3.5,11.16
14.48,42.75,3,1,1,1,2.0,-8.89
3.36,48.65,1,2,1,0,1.5,8.74
5.44,9.72,3,1,1,0,2.0,4.23
6.89,32.9,2,1,1,0,1.5,17.18
12.17,13.22,1,4,1,1,2.5,-6.07
14.08,16.84,1,2,1,1,1.5,6.55
3.63,47.09,3,1,1,0,2.0,5.08
4.24,25.33,1,1,1,0,1.0,5.09
4.05,49.16,3,1,1,0,2.0,14.14
7.38,8.41,1,2,1,0,1.5,18.56
10.02,27.93,3,4,1,1,3.5,14.76
3.45,39.71,3,4,1,0,3.5,-0.83
3.76,31.03,1,2,1,0,1.5,17.16
10.01,49.62,2,2,1,1,2.0,-6.55
11.27,21.54,1,2,1,1,1.5,1.28
4.13,36.95,1,2,1,0,1.5,14.28
12.95,7.9,1,1,1,1,1.0,-4.27
7.13,41.3,3,1,1,0,2.0,0.34
7.47,45.53,1,4,1,0,2.5,3.8
3.01,21.1,2,2,1,0,2.0,12.36
6.1,23.41,3,1,1,0,2.0,16.92
14.02,17.76,2,1,1,1,1.5,13.74
13.74,6.01,2,2,1,1,2.0,13.06
5.21,21.6,3,2,1,0,2.5,-6.58
14.34,35.18,3,4,1,1,3.5,12.65
7.88,46.76,1,2,1,0,1.5,6.5
12.78,33.96,3,2,1,1,2.5,0.82
7.14,48.68,1,4,1,0,2.5,18.83
9.07,11.53,3,1,1,0,2.0,-5.08
10.06,38.84,1,4,1,1,2.5,9.28
5.24,10.67,2,2,1,0,2.0,-1.87
8.67,38.93,1,4,1,0,2.5,15.08
3.86,31.63,3,4,1,0,3.5,0.03
5.66,27.78,3,2,1,0,2.5,-2.65
7.11,39.76,3,2,1,0,2.5,13.07
4.23,30.55,2,4,1,0,3.0,15.57
7.48,26.78,3,2,1,0,2.5,15.04
8.17,17.35,3,2,1,0,2.5,17.16
14.01,24.87,2,4,1,1,3.0,6.26
4.87,7.42,2,2,1,0,2.0,13.79
14.78,48.16,1,1,1,1,1.0,-3.57
8.06,5.99,1,2,1,0,1.5,-8.98
2.38,20.41,2,1,1,0,1.5,6.71
11.18,28.04,1,1,1,1,1.0,9.63
3.8,18.25,1,1,1,0,1.0,6.94
8.42,45.84,1,4,1,0,2.5,-4.38
9.84,16.68,1,2,1,0,1.5,-4.57
3.15,22.74,1,2,1,0,1.5,9.61
5.01,6.43,3,1,1,0,2.0,13.82
5.39,46.81,1,2,1,0,1.5,6.84
11.92,21.81,2,4,1,1,3.0,1.66
13.08,34.12,1,4,1,1,2.5,15.49
8.16,21.44,2,4,1,0,3.0,11.68
4.38,49.83,3,2,1,0,2.5,15.21
7.59,30.52,2,1,1,0,1.5,-1.0
12.19,12.56,2,2,1,1,2.0,8.11
14.43,15.39,2,1,1,1,1.5,3.87
4.53,15.9,3,4,1,0,3.5,4.06
5.28,25.1,2,1,1,0,1.5,-8.61
9.83,37.54,3,4,1,0,3.5,17.49
4.61,27.92,3,1,1,0,2.0,0.41
13.94,41.26,1,4,1,1,2.5,-9.07
12.79,18.73,1,1,1,1,1.0,-4.53
6.88,30.92,3,2,1,0,2.5,-0.67
13.64,44.37,2,1,1,1,1.5,-0.11
11.2,19.0,1,4,1,1,2.5,-7.31
12.33,44.02,1,2,1,1,1.5,4.26
14.06,24.62,3,2,1,1,2.5,7.62
5.5,22.37,3,2,1,0,2.5,12.87
13.26,10.13,3,2,1,1,2.5,7.9
6.46,32.67,1,4,1,0,2.5,-3.44
9.22,12.1,1,1,1,0,1.0,1.18
12.69,9.41,1,2,1,1,1.5,-6.95
5.68,36.9,2,2,1,0,2.0,-4.64
4.29,38.1,2,4,1,0,3.0,5.83
8.71,38.46,2,1,1,0,1.5,17.2
7.14,7.52,3,1,1,0,2.0,10.21
13.4,19.52,2,1,1,1,1.5,7.32
3.76,23.87,2,4,1,0,3.0,2.37
6.39,49.31,3,1,1,0,2.0,6.53
2.85,28.42,1,4,1,0,2.5,14.12
4.16,23.21,1,4,1,0,2.5,-5.12
4.1,20.2,3,2,1,0,2.5,-4.6
8.45,24.49,1,1,1,0,1.0,17.54
8.07,47.57,1,2,1,0,1.5,-9.61
11.31,25.0,1,2,1,1,1.5,-8.82
8.25,28.74,3,1,1,0,2.0,8.94
11.28,32.56,1,2,1,1,1.5,4.65
6.57,15.97,1,2,1,0,1.5,-6.22
3.32,43.79,3,2,1,0,2.5,14.86
9.87,16.16,3,2,1,0,2.5,12.28
11.47,19.86,1,4,1,1,2.5,-7.86
5.11,25.43,1,1,1,0,1.0,7.78
6.08,16.18,2,4,1,0,3.0,15.49
9.93,13.72,2,2,1,0,2.0,-4.13
8.71,15.03,1,2,1,0,1.5,12.27
7.45,34.42,1,1,1,0,1.0,-5.69
3.89,47.15,1,1,1,0,1.0,-5.24
13.84,31.12,2,1,1,1,1.5,17.82
8.38,29.91,2,1,1,0,1.5,-7.6
13.97,46.23,3,4,1,1,3.5,18.29
5.42,14.74,1,1,1,0,1.0,6.94
4.67,42.47,2,4,1,0,3.0,5.64
14.23,39.75,2,1,1,1,1.5,8.74
10.22,35.67,1,1,1,1,1.0,-9.33
8.84,48.79,1,2,1,0,1.5,-4.4
13.85,33.02,3,4,1,1,3.5,-5.51
3.42,48.26,3,4,1,0,3.5,13.4
11.12,6.41,3,2,1,1,2.5,1.79
2.88,41.9,3,1,1,0,2.0,2.5
11.23,5.43,3,1,1,1,2.0,9.93
10.19,45.25,2,1,1,1,1.5,-2.3
7.31,35.84,2,2,1,0,2.0,14.88
10.19,15.7,3,4,1,1,3.5,12.15
5.92,27.33,2,2,1,0,2.0,-0.37
4.35,35.12,3,2,1,0,2.5,8.66
12.3,31.59,1,1,1,1,1.0,10.44
3.23,45.12,1,4,1,0,2.5,-9.24
6.19,46.56,1,1,1,0,1.0,9.08
11.29,46.19,2,2,1,1,2.0,-6.79
2.29,12.25,3,4,1,0,3.5,-1.67
3.71,27.02,1,2,1,0,1.5,-2.63
5.21,40.92,3,1,1,0,2.0,6.88
4.69,25.68,2,2,1,0,2.0,8.97
11.92,30.32,1,2,1,1,1.5,-5.65
3.94,10.65,1,2,1,0,1.5,3.66
3.47,26.23,1,2,1,0,1.5,-2.49
10.81,22.73,1,2,1,1,1.5,-0.84
4.38,49.8,3,4,1,0,3.5,-9.47
7.03,32.04,2,2,1,0,2.0,13.66
9.71,35.46,1,4,1,0,2.5,16.0
12.55,39.31,3,2,1,1,2.5,7.63
14.48,32.37,1,2,1,1,1.5,12.28
4.91,27.86,1,1,1,0,1.0,7.02
10.29,19.31,3,2,1,1,2.5,-1.25
7.23,7.8,2,4,1,0,3.0,6.76
9.55,8.09,2,1,1,0,1.5,7.82
6.48,23.66,3,2,1,0,2.5,-7.53
8.81,21.58,1,2,1,0,1.5,18.41
3.85,36.1,3,4,1,0,3.5,-8.07
8.94,31.07,3,4,1,0,3.5,7.68
3.31,40.22,3,2,1,0,2.5,-4.79
14.64,28.04,1,1,1,1,1.0,-4.05
3.46,30.65,3,4,1,0,3.5,17.01
13.4,19.15,3,1,1,1,2.0,11.43
7.92,37.68,1,2,1,0,1.5,9.66
3.42,20.99,2,1,1,0,1.5,9.73
10.8,18.31,3,2,1,1,2.5,10.56
10.15,34.82,2,4,1,1,3.0,16.99
2.18,28.07,2,2,1,0,2.0,5.65
10.27,22.96,3,2,1,1,2.5,9.92
11.31,26.46,3,1,1,1,2.0,11.79
8.64,44.63,1,2,1,0,1.5,2.04
3.19,24.26,2,2,1,0,2.0,4.29
8.31,29.46,3,1,1,0,2.0,9.28
11.49,28.78,3,1,1,1,2.0,9.39
14.14,28.13,3,1,1,1,2.0,15.32
14.04,30.63,3,2,1,1,2.5,3.09
13.3,10.6,2,1,1,1,1.5,-2.38
2.49,9.77,2,1,1,0,1.5,-5.85
10.36,25.95,3,4,1,1,3.5,16.71
7.82,35.92,2,4,1,0,3.0,15.57
12.41,18.95,3,2,1,1,2.5,-3.07
10.34,39.75,1,4,1,1,2.5,-8.32
14.88,25.38,3,2,1,1,2.5,15.41
3.2,17.81,2,4,1,0,3.0,17.0
11.42,27.99,1,4,1,1,2.5,-4.46
2.32,11.7,2,1,1,0,1.5,-3.82
13.34,10.7,1,4,1,1,2.5,15.19
14.45,45.77,2,1,1,1,1.5,-8.26
10.73,13.66,2,1,1,1,1.5,-9.8
9.95,48.31,1,2,1,0,1.5,2.99
11.02,19.87,1,4,1,1,2.5,-0.05
10.32,40.84,3,2,1,1,2.5,-0.12
11.84,23.35,1,4,1,1,2.5,-5.4
13.19,33.53,2,1,1,1,1.5,-0.33
6.0,22.35,2,1,1,0,1.5,0.49
11.98,8.95,2,1,1,1,1.5,5.64
6.21,42.6,3,4,1,0,3.5,4.71
12.98,46.47,2,1,1,1,1.5,-9.33
7.22,49.69,3,4,1,0,3.5,-8.56
11.28,10.6,1,4,1,1,2.5,5.52
10.07,26.32,3,1,1,1,2.0,-5.75
9.36,13.74,3,1,1,0,2.0,-0.91
9.92,14.11,3,4,1,0,3.5,-1.48
14.44,31.34,3,4,1,1,3.5,11.4
2.5,41.57,2,4,1,0,3.0,-8.51
2.13,22.0,1,1,1,0,1.0,-4.76
6.62,21.58,3,1,1,0,2.0,3.61
4.96,46.61,2,4,1,0,3.0,2.63
7.76,38.84,1,4,1,0,2.5,-3.08
14.06,31.06,1,2,1,1,1.5,-1.64
11.03,22.84,2,1,1,1,1.5,2.43
13.66,12.38,3,4,1,1,3.5,-6.82
5.32,43.23,3,1,1,0,2.0,-5.3
13.86,6.74,1,4,1,1,2.5,19.78
2.53,24.21,1,1,1,0,1.0,-0.9
4.15,18.24,3,2,1,0,2.5,-2.44
4.53,12.32,3,4,1,0,3.5,6.47
7.8,42.79,2,1,1,0,1.5,19.41
4.74,22.66,2,2,1,0,2.0,15.73
6.68,33.68,2,2,1,0,2.0,6.05
9.92,13.41,3,4,1,0,3.5,-7.57
3.08,13.61,3,2,1,0,2.5,8.33
12.16,16.87,2,1,1,1,1.5,15.57
9.95,22.37,3,4,1,0,3.5,7.28
14.57,12.76,2,2,1,1,2.0,12.13
4.13,29.74,1,4,1,0,2.5,-5.66
4.19,7.39,1,2,1,0,1.5,-4.98
14.91,35.79,1,4,1,1,2.5,-3.52
12.62,7.64,2,4,1,1,3.0,-3.78
12.27,9.92,2,2,1,1,2.0,18.18
14.2,8.37,3,1,1,1,2.0,-9.16
6.43,39.56,1,2,1,0,1.5,1.01
2.03,8.62,3,2,1,0,2.5,3.63
5.07,45.57,2,1,1,0,1.5,14.81
4.79,32.65,1,2,1,0,1.5,10.95
5.4,36.15,1,1,1,0,1.0,8.22
7.46,27.63,1,2,1,0,1.5,0.45
12.82,22.68,3,1,1,1,2.0,11.35
5.1,5.78,1,1,1,0,1.0,9.8
3.1,47.96,2,2,1,0,2.0,-6.09
5.17,33.57,2,4,1,0,3.0,4.95
10.75,41.89,2,1,1,1,1.5,14.15
7.52,13.82,3,1,1,0,2.0,6.12
7.88,8.19,3,2,1,0,2.5,15.77
5.95,7.26,2,2,1,0,2.0,0.92
14.66,5.35,1,2,1,1,1.5,-1.29
10.08,46.59,1,1,1,1,1.0,-5.79
8.83,10.54,1,1,1,0,1.0,13.72
6.26,18.0,1,4,1,0,2.5,11.41
9.27,15.01,3,4,1,0,3.5,-6.59
12.72,17.75,1,1,1,1,1.0,-2.95
12.6,27.19,2,1,1,1,1.5,14.7
4.75,23.67,2,1,1,0,1.5,13.68
5.74,41.39,3,2,1,0,2.5,12.49
14.19,30.39,2,2,1,1,2.0,16.97
8.77,13.86,1,2,1,0,1.5,18.51
10.43,9.91,3,2,1,1,2.5,15.65
14.58,40.8,3,4,1,1,3.5,8.42
10.3,41.66,1,2,1,1,1.5,0.87
8.0,23.88,1,4,1,0,2.5,18.96
9.9,42.38,3,4,1,0,3.5,15.72
8.51,49.75,3,4,1,0,3.5,16.37
6.63,12.73,3,2,1,0,2.5,7.33
7.76,13.46,2,4,1,0,3.0,19.31
13.75,47.92,2,4,1,1,3.0,17.49
5.23,41.67,2,2,1,0,2.0,-2.08
10.9,7.78,2,4,1,1,3.0,-0.41
9.11,18.29,1,2,1,0,1.5,16.54
8.63,26.7,1,2,1,0,1.5,-4.84
7.96,35.41,3,4,1,0,3.5,-1.27
10.11,29.6,1,4,1,1,2.5,-0.37
12.16,8.68,3,1,1,1,2.0,3.06
14.86,9.16,2,1,1,1,1.5,15.73
6.23,37.52,3,2,1,0,2.5,-2.74
2.17,42.41,3,4,1,0,3.5,5.2
7.0,31.74,3,1,1,0,2.0,7.32
12.33,24.39,2,2,1,1,2.0,15.64
6.27,33.45,1,2,1,0,1.5,-5.48
2.05,13.03,1,1,1,0,1.0,0.67
14.71,35.8,2,4,1,1,3.0,0.92
9.66,42.97,3,1,1,0,2.0,2.56
9.74,30.54,3,4,1,0,3.5,1.56
10.48,49.61,2,1,1,1,1.5,-5.45
5.2,31.89,3,4,1,0,3.5,14.44
9.61,48.97,2,1,1,0,1.5,16.67
4.94,47.88,1,4,1,0,2.5,16.83
9.62,45.51,2,2,1,0,2.0,19.97
10.5,32.04,2,2,1,1,2.0,13.79
12.13,43.06,3,1,1,1,2.0,-7.28
5.09,9.06,2,2,1,0,2.0,8.17
10.18,36.65,3,1,1,1,2.0,-1.92
9.76,46.8,1,1,1,0,1.0,3.35
9.69,42.08,1,4,1,0,2.5,-5.28
12.73,44.8,3,2,1,1,2.5,15.14
5.3,12.21,1,4,1,0,2.5,1.63
7.18,25.83,2,4,1,0,3.0,-9.81
14.0,40.91,2,2,1,1,2.0,2.49
13.94,23.62,2,1,1,1,1.5,10.63
6.28,24.91,3,4,1,0,3.5,2.87
2.29,18.33,3,4,1,0,3.5,-6.74
5.87,43.55,1,2,1,0,1.5,12.84
9.7,35.43,3,4,1,0,3.5,7.11
13.47,35.96,2,2,1,1,2.0,18.86
4.65,41.1,3,1,1,0,2.0,-8.94
3.9,16.25,3,1,1,0,2.0,-6.12
9.57,23.24,2,2,1,0,2.0,-8.43
6.96,45.41,2,1,1,0,1.5,8.77
13.37,15.12,3,2,1,1,2.5,10.23
3.41,40.88,1,4,1,0,2.5,-9.23
2.49,49.61,2,1,1,0,1.5,9.25
6.17,20.48,3,1,1,0,2.0,17.81
8.21,9.43,2,4,1,0,3.0,3.35
12.32,13.54,3,1,1,1,2.0,19.27
7.88,43.21,3,1,1,0,2.0,10.26
2.57,31.75,1,1,1,0,1.0,4.9
6.36,29.96,1,2,1,0,1.5,4.89
13.65,37.76,2,1,1,1,1.5,-3.89
14.17,29.45,2,4,1,1,3.0,6.48
7.0,18.65,1,2,1,0,1.5,-2.64
2.08,17.58,3,4,1,0,3.5,15.34
12.58,34.36,1,1,1,1,1.0,-1.31
14.9,49.33,2,2,1,1,2.0,-0.56
14.42,24.14,1,2,1,1,1.5,1.54
3.72,6.28,3,1,1,0,2.0,8.09
14.9,32.38,2,4,1,1,3.0,-9.78
4.62,44.89,1,1,1,0,1.0,14.99
14.67,12.17,2,2,1,1,2.0,-4.41
11.94,33.78,3,1,1,1,2.0,12.04
8.57,11.65,1,4,1,0,2.5,-9.41
10.7,31.63,1,1,1,1,1.0,-0.22
8.89,24.18,1,4,1,0,2.5,8.85
6.99,6.28,1,4,1,0,2.5,11.03
2.07,14.47,2,1,1,0,1.5,19.61
14.29,5.32,2,1,1,1,1.5,6.23
2.66,43.16,3,4,1,0,3.5,-3.74
9.07,26.53,1,4,1,0,2.5,17.55
8.17,14.6,1,4,1,0,2.5,5.21
13.57,47.9,1,4,1,1,2.5,-6.67
12.67,47.73,2,2,1,1,2.0,-6.15
4.11,47.73,2,4,1,0,3.0,4.59
2.03,21.23,1,4,1,0,2.5,9.19
7.96,33.19,1,2,1,0,1.5,-9.37
5.5,13.36,3,4,1,0,3.5,4.84
4.12,20.81,3,2,1,0,2.5,6.27
6.93,18.78,3,1,1,0,2.0,13.64
13.24,21.75,1,4,1,1,2.5,4.95
3.36,15.68,3,2,1,0,2.5,0.13
3.68,9.89,2,2,1,0,2.0,6.45
8.01,36.44,2,4,1,0,3.0,-9.59
6.87,29.18,1,1,1,0,1.0,4.42
4.02,29.89,2,2,1,0,2.0,6.79
12.15,36.67,1,2,1,1,1.5,14.57
7.16,25.47,1,1,1,0,1.0,9.67
11.87,39.75,1,2,1,1,1.5,19.43
14.79,23.32,1,1,1,1,1.0,-4.14
8.85,17.02,3,2,1,0,2.5,9.78
7.65,39.98,2,1,1,0,1.5,3.97
3.22,10.81,1,4,1,0,2.5,-1.21
10.17,12.75,2,4,1,1,3.0,-5.89
11.02,9.99,1,2,1,1,1.5,10.62
2.71,26.1,2,4,1,0,3.0,-1.11
6.09,5.33,3,4,1,0,3.5,18.09
9.9,37.18,3,1,1,0,2.0,7.92
8.98,13.45,1,2,1,0,1.5,14.56
9.08,38.77,1,4,1,0,2.5,7.91
13.9,35.27,3,4,1,1,3.5,-4.06
11.24,8.04,2,1,1,1,1.5,2.59
11.97,32.54,1,2,1,1,1.5,-3.38
14.16,45.68,3,1,1,1,2.0,-2.55
14.42,14.03,1,4,1,1,2.5,12.02
7.26,21.39,2,2,1,0,2.0,11.98
2.58,37.78,1,2,1,0,1.5,-8.07
7.91,11.58,3,4,1,0,3.5,18.79
5.17,16.52,1,1,1,0,1.0,-3.55
2.17,29.14,1,4,1,0,2.5,2.33
6.77,14.89,3,4,1,0,3.5,-3.52
12.43,13.69,3,4,1,1,3.5,-1.29
12.54,39.34,3,1,1,1,2.0,9.44
14.36,7.98,1,1,1,1,1.0,8.49
14.85,46.17,2,2,1,1,2.0,16.08
12.97,38.78,1,1,1,1,1.0,19.41
11.47,32.65,2,4,1,1,3.0,8.12
14.73,7.37,3,4,1,1,3.5,-8.72
4.21,5.49,1,2,1,0,1.5,19.2
9.98,26.5,2,2,1,0,2.0,5.63
5.27,34.74,3,2,1,0,2.5,-7.72
7.94,21.73,3,1,1,0,2.0,-4.82
9.85,21.09,2,1,1,0,1.5,-8.41
11.77,13.16,2,1,1,1,1.5,7.97
7.45,49.74,3,4,1,0,3.5,4.23
5.99,11.27,1,2,1,0,1.5,6.26
4.69,40.39,3,1,1,0,2.0,9.12
6.43,45.37,1,1,1,0,1.0,17.18
14.33,47.62,2,2,1,1,2.0,-6.74
14.11,42.36,2,4,1,1,3.0,-8.49
13.22,14.83,1,2,1,1,1.5,19.38
12.09,43.08,3,1,1,1,2.0,13.64
4.48,12.45,2,4,1,0,3.0,-4.9
10.06,18.95,2,4,1,1,3.0,-1.19
11.39,40.28,1,1,1,1,1.0,4.52
11.1,48.77,1,4,1,1,2.5,0.23
9.47,44.68,2,1,1,0,1.5,5.1
13.6,7.63,2,1,1,1,1.5,6.34
6.9,17.61,1,2,1,0,1.5,19.25
14.14,11.21,1,1,1,1,1.0,-3.39
5.49,11.41,1,2,1,0,1.5,0.74
11.82,42.43,2,2,1,1,2.0,10.16
3.11,31.77,2,4,1,0,3.0,19.35
12.37,19.34,2,1,1,1,1.5,2.64
2.91,21.5,2,4,1,0,3.0,10.21
10.79,31.66,1,2,1,1,1.5,0.34
4.45,15.41,2,2,1,0,2.0,19.65
14.92,21.06,2,2,1,1,2.0,2.55
4.08,16.91,2,4,1,0,3.0,10.34
4.83,21.23,2,4,1,0,3.0,-7.06
2.33,14.07,2,1,1,0,1.5,-0.45
14.78,43.94,3,1,1,1,2.0,1.39
11.96,7.59,3,1,1,1,2.0,11.09
8.63,45.49,3,2,1,0,2.5,-3.57
2.25,49.64,1,1,1,0,1.0,8.99
11.56,23.47,1,2,1,1,1.5,14.06
4.86,24.2,2,2,1,0,2.0,-5.89
13.83,38.41,3,4,1,1,3.5,-3.39
7.19,22.0,3,1,1,0,2.0,9.1
6.82,25.48,1,4,1,0,2.5,16.43
10.89,22.24,2,1,1,1,1.5,11.17
5.43,29.28,2,1,1,0,1.5,-3.67
9.1,12.97,1,1,1,0,1.0,7.27
7.41,33.94,3,1,1,0,2.0,2.0
2.15,48.86,1,4,1,0,2.5,-0.52
5.72,12.98,1,2,1,0,1.5,-7.66
8.83,14.81,1,2,1,0,1.5,2.13
8.27,46.74,3,2,1,0,2.5,-0.91
12.96,8.06,1,2,1,1,1.5,18.31
4.34,8.27,3,4,1,0,3.5,-5.08
13.81,10.48,1,2,1,1,1.5,1.45
2.43,47.75,2,2,1,0,2.0,2.75
3.64,34.16,1,2,1,0,1.5,10.31
10.88,19.43,1,1,1,1,1.0,-2.94
11.63,23.09,2,2,1,1,2.0,19.32
13.8,21.62,3,1,1,1,2.0,10.84
14.93,26.92,1,1,1,1,1.0,-4.23
6.11,28.5,1,4,1,0,2.5,3.31
7.29,37.38,3,2,1,0,2.5,-7.29
6.82,7.58,1,2,1,0,1.5,-7.78
11.13,45.02,1,4,1,1,2.5,-6.61
5.16,37.89,2,2,1,0,2.0,-8.21
9.82,46.6,3,4,1,0,3.5,3.6
12.85,39.45,2,2,1,1,2.0,-9.24
11.64,9.34,1,2,1,1,1.5,10.34
10.66,33.9,3,4,1,1,3.5,14.46
7.23,45.42,3,1,1,0,2.0,4.86
10.48,30.98,3,2,1,1,2.5,6.84
3.17,35.96,3,1,1,0,2.0,4.23
13.06,31.15,1,2,1,1,1.5,-0.71
12.32,42.26,3,1,1,1,2.0,13.54
5.69,33.78,2,2,1,0,2.0,8.19
3.58,36.81,2,1,1,0,1.5,3.14
3.99,26.05,3,2,1,0,2.5,6.28
6.75,27.24,1,1,1,0,1.0,-8.87
12.82,24.53,1,4,1,1,2.5,-4.03
13.13,17.53,2,4,1,1,3.0,-7.9
3.43,46.36,2,2,1,0,2.0,12.73
7.51,43.5,3,2,1,0,2.5,16.5
5.0,47.41,3,1,1,0,2.0,3.08
2.5,25.53,1,4,1,0,2.5,-0.06
4.8,46.65,2,4,1,0,3.0,5.96
5.1,8.53,3,1,1,0,2.0,17.71
12.72,12.64,1,1,1,1,1.0,-0.51
6.49,16.13,1,4,1,0,2.5,15.93
3.56,11.68,2,2,1,0,2.0,4.19
10.6,42.83,2,4,1,1,3.0,-5.87
2.97,16.5,2,1,1,0,1.5,15.9
5.49,38.11,2,2,1,0,2.0,-1.8
12.53,38.48,3,1,1,1,2.0,-5.77
4.94,37.69,3,1,1,0,2.0,-8.36
14.01,28.96,2,4,1,1,3.0,10.42
14.52,46.7,2,1,1,1,1.5,-0.82
4.63,5.53,2,1,1,0,1.5,-8.28
5.21,26.25,2,1,1,0,1.5,-9.58
3.73,19.01,1,1,1,0,1.0,0.62
3.27,24.76,1,1,1,0,1.0,8.84
13.68,37.82,3,4,1,1,3.5,5.49
14.45,12.32,2,2,1,1,2.0,-8.06
14.07,6.31,3,1,1,1,2.0,0.35
14.95,41.99,2,2,1,1,2.0,7.95
8.85,5.91,1,4,1,0,2.5,-9.14
11.9,34.05,3,2,1,1,2.5,-9.49
14.08,47.93,2,2,1,1,2.0,-6.77
8.07,38.96,2,4,1,0,3.0,8.65
13.32,45.57,3,1,1,1,2.0,4.49
10.38,12.72,3,1,1,1,2.0,1.02
6.21,45.74,1,4,1,0,2.5,6.93
5.21,41.34,3,4,1,0,3.5,12.63
4.81,36.35,1,2,1,0,1.5,8.39
3.66,30.53,1,1,1,0,1.0,10.45
5.87,5.1,1,4,1,0,2.5,11.42
4.29,26.86,1,1,1,0,1.0,13.8
7.44,15.6,1,4,1,0,2.5,-5.4
10.25,28.81,2,4,1,1,3.0,-1.37
5.64,49.52,3,2,1,0,2.5,-1.49
13.16,23.07,2,4,1,1,3.0,-1.66
7.08,10.76,1,4,1,0,2.5,6.22
10.43,35.02,3,4,1,1,3.5,16.95
8.36,28.15,1,4,1,0,2.5,-5.46
7.69,13.56,1,1,1,0,1.0,-6.68
8.24,48.97,3,2,1,0,2.5,-3.04
6.99,16.14,2,2,1,0,2.0,3.15
14.52,13.65,3,1,1,1,2.0,18.41
9.1,25.54,2,4,1,0,3.0,10.16
11.45,9.9,1,4,1,1,2.5,3.94
13.9,26.84,3,1,1,1,2.0,5.33
13.02,15.52,1,2,1,1,1.5,4.61
10.09,10.02,2,4,1,1,3.0,-6.68
8.31,11.69,2,2,1,0,2.0,7.56
11.93,23.13,1,4,1,1,2.5,9.6
13.82,40.29,3,2,1,1,2.5,-8.2
14.19,22.78,3,2,1,1,2.5,3.07
14.59,39.69,2,1,1,1,1.5,-5.67
13.17,40.32,1,2,1,1,1.5,13.62
12.99,29.3,2,1,1,1,1.5,1.89
7.13,26.34,2,1,1,0,1.5,-9.87
4.05,34.2,3,4,1,0,3.5,-6.49
8.84,40.99,3,2,1,0,2.5,18.86
14.0,21.56,1,2,1,1,1.5,-5.26
7.69,45.13,2,1,1,0,1.5,-2.48
10.13,5.53,1,4,1,1,2.5,9.77
13.43,14.64,2,1,1,1,1.5,-2.59
3.74,23.05,2,1,1,0,1.5,16.94
13.75,44.64,3,1,1,1,2.0,15.78
2.47,35.98,3,1,1,0,2.0,10.88
7.25,37.21,3,2,1,0,2.5,-0.32
14.1,14.98,1,1,1,1,1.0,17.57
5.25,35.94,2,1,1,0,1.5,11.07
11.99,22.01,1,4,1,1,2.5,-8.86
7.49,30.37,3,4,1,0,3.5,-0.56
11.1,20.22,2,1,1,1,1.5,8.61
6.03,48.79,2,4,1,0,3.0,-3.3
6.54,37.6,3,4,1,0,3.5,-0.38
13.3,13.04,1,1,1,1,1.0,3.85
11.66,24.16,3,4,1,1,3.5,12.33
5.39,34.57,1,2,1,0,1.5,16.02
5.14,34.71,3,1,1,0,2.0,17.52
11.8,42.68,1,4,1,1,2.5,-8.47
11.62,19.93,2,2,1,1,2.0,3.15
8.72,8.1,1,2,1,0,1.5,10.36
4.48,16.27,1,2,1,0,1.5,10.93
6.62,28.11,3,4,1,0,3.5,18.33
10.69,20.17,1,4,1,1,2.5,-5.09
11.59,14.09,1,4,1,1,2.5,3.1
2.93,37.21,3,4,1,0,3.5,1.25
12.14,40.79,1,1,1,1,1.0,-2.18
3.22,40.45,3,1,1,0,2.0,8.49
10.5,15.31,2,1,1,1,1.5,19.0
11.94,35.37,3,2,1,1,2.5,5.4
4.2,31.34,2,1,1,0,1.5,-9.15
12.0,20.95,3,1,1,1,2.0,3.71
14.27,24.81,1,4,1,1,2.5,-0.06
2.09,5.13,2,4,1,0,3.0,18.3
4.03,13.59,2,2,1,0,2.0,-1.15
4.61,22.09,3,1,1,0,2.0,16.69
7.42,46.64,2,4,1,0,3.0,-6.25
13.62,39.1,2,2,1,1,2.0,7.77
5.93,16.22,2,2,1,0,2.0,-2.3
10.42,18.95,3,1,1,1,2.0,-9.19
4.42,23.79,2,4,1,0,3.0,8.38
7.8,14.07,1,4,1,0,2.5,-0.08
8.31,5.64,3,4,1,0,3.5,9.02
14.55,34.9,3,1,1,1,2.0,10.34
9.31,22.4,3,4,1,0,3.5,1.45
6.93,15.53,3,1,1,0,2.0,4.81
11.67,36.14,1,1,1,1,1.0,6.32
3.93,40.64,1,2,1,0,1.5,4.34
9.83,14.42,2,2,1,0,2.0,9.56
13.97,15.63,3,4,1,1,3.5,7.26
5.39,32.17,1,1,1,0,1.0,-6.98
14.36,28.64,1,2,1,1,1.5,-2.19
2.81,39.09,3,4,1,0,3.5,6.89
2.85,31.55,3,1,1,0,2.0,-5.8
13.6,37.46,1,1,1,1,1.0,-1.32
11.94,37.09,1,4,1,1,2.5,1.3
5.98,34.73,3,2,1,0,2.5,-7.41
6.91,48.0,1,2,1,0,1.5,-5.5
14.12,14.3,3,2,1,1,2.5,13.82
3.99,12.07,3,2,1,0,2.5,-2.27
4.79,18.83,3,2,1,0,2.5,19.92
11.09,37.72,2,1,1,1,1.5,11.27
7.86,49.71,3,4,1,0,3.5,12.32
3.35,48.76,3,1,1,0,2.0,1.03
3.71,31.76,2,4,1,0,3.0,2.81
13.84,7.62,3,2,1,1,2.5,13.66
9.38,30.46,3,2,1,0,2.5,10.57
2.96,8.51,3,1,1,0,2.0,2.63
8.92,45.25,1,4,1,0,2.5,-8.57
11.7,36.91,2,1,1,1,1.5,-9.13
14.0,28.46,1,4,1,1,2.5,-3.63
7.75,36.94,2,1,1,0,1.5,13.8
9.42,33.95,2,1,1,0,1.5,4.58
14.15,15.2,1,4,1,1,2.5,-2.34
8.42,48.35,3,4,1,0,3.5,7.93
5.75,27.58,3,4,1,0,3.5,-9.54
14.53,14.73,1,1,1,1,1.0,19.65
7.46,32.54,2,2,1,0,2.0,10.38
8.99,13.13,1,4,1,0,2.5,0.73
6.07,28.61,2,1,1,0,1.5,10.95
12.46,10.8,2,4,1,1,3.0,-8.52
9.49,34.14,1,4,1,0,2.5,17.72
5.03,42.25,2,2,1,0,2.0,15.94
3.22,37.67,3,4,1,0,3.5,-8.64
11.62,22.08,1,1,1,1,1.0,0.79
11.76,40.98,1,2,1,1,1.5,3.17
12.11,31.88,2,4,1,1,3.0,16.07
3.16,28.77,2,2,1,0,2.0,16.01
3.31,7.78,2,4,1,0,3.0,-7.37
4.75,48.96,1,4,1,0,2.5,11.13
8.24,31.74,2,2,1,0,2.0,-1.13
6.06,42.44,1,1,1,0,1.0,19.02
13.49,22.11,3,2,1,1,2.5,6.87
13.19,11.51,2,2,1,1,2.0,9.88
14.89,47.73,3,1,1,1,2.0,12.95
14.97,19.32,2,2,1,1,2.0,10.78
5.43,21.5,2,1,1,0,1.5,-0.57
2.02,12.35,3,1,1,0,2.0,16.74
11.81,7.4,1,4,1,1,2.5,-2.72
5.19,40.93,2,1,1,0,1.5,15.85
9.02,32.07,3,4,1,0,3.5,6.28
3.2,15.05,3,2,1,0,2.5,1.09
8.42,6.51,3,4,1,0,3.5,6.89
14.05,28.22,3,2,1,1,2.5,2.62
12.27,6.54,2,4,1,1,3.0,16.53
6.4,34.47,2,1,1,0,1.5,-6.31
10.11,27.85,1,2,1,1,1.5,2.5
9.39,35.13,2,2,1,0,2.0,-7.62
3.47,5.75,2,1,1,0,1.5,0.4
10.62,44.19,2,4,1,1,3.0,12.89
5.57,18.85,1,1,1,0,1.0,12.08
2.35,39.66,3,1,1,0,2.0,8.71
2.79,16.95,1,1,1,0,1.0,16.44
4.16,30.0,2,1,1,0,1.5,-8.35
6.62,12.36,1,1,1,0,1.0,11.1
4.67,26.06,3,1,1,0,2.0,0.11
4.21,40.05,1,4,1,0,2.5,5.2
8.93,19.62,1,4,1,0,2.5,-7.04
9.96,7.65,3,2,1,0,2.5,13.57
12.82,46.38,2,1,1,1,1.5,-8.68
9.85,31.48,3,2,1,0,2.5,6.39
4.5,19.98,2,2,1,0,2.0,14.37
12.92,17.45,3,2,1,1,2.5,2.0
8.61,17.56,2,4,1,0,3.0,0.8
13.16,24.18,1,4,1,1,2.5,1.79
13.51,15.19,1,2,1,1,1.5,0.22
9.75,38.27,1,4,1,0,2.5,11.09
14.27,45.82,3,2,1,1,2.5,-8.89
14.68,37.59,2,4,1,1,3.0,16.65
5.58,27.66,2,4,1,0,3.0,-3.85
12.53,13.74,2,4,1,1,3.0,0.69
8.43,15.99,2,4,1,0,3.0,-2.07
5.33,36.83,1,1,1,0,1.0,15.09
8.67,29.71,2,1,1,0,1.5,-9.89
3.75,16.06,1,2,1,0,1.5,-8.23
14.54,15.78,1,2,1,1,1.5,-3.83
7.37,33.5,3,4,1,0,3.5,8.3
14.97,27.19,1,4,1,1,2.5,-5.77
8.48,39.37,1,2,1,0,1.5,-6.4
13.62,13.24,1,1,1,1,1.0,12.18
4.92,34.17,1,4,1,0,2.5,7.24
4.94,27.13,3,4,1,0,3.5,19.38
13.41,13.1,1,1,1,1,1.0,4.96
2.44,6.94,1,4,1,0,2.5,2.16
2.36,17.17,1,4,1,0,2.5,11.02
5.03,29.83,2,4,1,0,3.0,-7.84
3.5,38.3,2,2,1,0,2.0,8.61
5.2,23.04,3,4,1,0,3.5,13.43
9.27,23.43,3,2,1,0,2.5,-5.85
13.96,23.59,2,2,1,1,2.0,17.09
13.25,49.93,3,1,1,1,2.0,19.96
9.14,36.37,2,2,1,0,2.0,2.1
4.81,25.1,1,1,1,0,1.0,2.98
8.61,15.39,2,2,1,0,2.0,15.41
14.83,30.46,3,2,1,1,2.5,-2.08
9.94,49.5,1,2,1,0,1.5,18.96
8.15,7.48,1,2,1,0,1.5,-5.85
6.53,32.98,3,2,1,0,2.5,8.47
11.62,47.81,3,2,1,1,2.5,18.07
8.5,16.11,3,2,1,0,2.5,9.93
7.07,32.76,3,2,1,0,2.5,16.97
14.69,8.63,3,2,1,1,2.5,-3.1
6.65,28.25,2,1,1,0,1.5,9.97
14.94,36.48,3,4,1,1,3.5,-6.49
12.97,33.93,1,1,1,1,1.0,1.62
11.39,5.94,3,4,1,1,3.5,8.83
4.45,29.2,1,4,1,0,2.5,16.45
13.92,21.78,1,2,1,1,1.5,2.68
11.4,39.87,1,2,1,1,1.5,15.91
4.25,11.65,1,1,1,0,1.0,15.31
14.6,29.03,1,2,1,1,1.5,-5.46
2.0,27.83,2,2,1,0,2.0,-6.87
5.04,18.64,1,1,1,0,1.0,11.14
2.88,20.72,1,1,1,0,1.0,-1.37
9.49,20.67,3,2,1,0,2.5,5.31
8.96,19.79,1,1,1,0,1.0,5.34
2.21,26.12,3,1,1,0,2.0,-6.54
4.06,36.5,3,2,1,0,2.5,9.45
7.67,19.96,2,1,1,0,1.5,9.86
3.87,5.49,1,4,1,0,2.5,6.8
7.33,21.53,1,1,1,0,1.0,19.1
8.23,47.45,2,2,1,0,2.0,7.03
2.21,21.71,1,4,1,0,2.5,-3.23
7.0,29.12,1,1,1,0,1.0,14.57
8.35,15.67,1,4,1,0,2.5,10.42
8.86,28.76,1,2,1,0,1.5,14.28
9.83,46.99,1,4,1,0,2.5,12.09
7.48,18.22,1,1,1,0,1.0,14.94
10.29,48.9,2,2,1,1,2.0,10.39
4.09,24.62,2,2,1,0,2.0,-8.96
4.73,16.29,2,4,1,0,3.0,15.92
5.33,28.74,1,4,1,0,2.5,-6.26
12.57,22.88,2,1,1,1,1.5,-5.35
6.92,11.96,2,2,1,0,2.0,15.31
8.98,43.28,2,4,1,0,3.0,3.3
10.15,11.45,3,4,1,1,3.5,6.87
6.52,12.38,1,4,1,0,2.5,10.02
6.75,23.83,1,1,1,0,1.0,14.91
6.6,49.82,3,1,1,0,2.0,13.62
14.37,31.8,1,2,1,1,1.5,-6.72
5.09,11.47,2,4,1,0,3.0,8.23
13.05,22.81,3,2,1,1,2.5,4.23
3.53,28.13,2,2,1,0,2.0,0.01
11.71,25.28,1,1,1,1,1.0,4.84
10.35,9.04,1,2,1,1,1.5,14.93
8.07,9.52,3,2,1,0,2.5,-9.57
7.54,32.78,1,4,1,0,2.5,16.39
10.76,12.12,2,4,1,1,3.0,3.86
13.87,30.19,2,1,1,1,1.5,13.89
10.48,28.04,2,2,1,1,2.0,11.03
7.25,20.29,3,2,1,0,2.5,19.6
13.07,15.26,3,2,1,1,2.5,17.24
13.03,44.65,2,4,1,1,3.0,17.78
9.89,21.27,3,2,1,0,2.5,-5.64
7.26,49.72,2,1,1,0,1.5,0.69
5.3,37.15,3,1,1,0,2.0,9.33
8.26,34.16,1,2,1,0,1.5,-0.51
12.64,13.52,1,4,1,1,2.5,14.44
7.88,30.13,3,4,1,0,3.5,-2.69
11.34,47.11,2,4,1,1,3.0,7.4
7.7,44.04,1,2,1,0,1.5,13.97
15.0,29.61,2,1,1,1,1.5,16.2
8.83,39.4,3,1,1,0,2.0,19.83
11.4,17.34,2,1,1,1,1.5,12.47
12.43,28.5,3,2,1,1,2.5,6.13
14.19,33.76,2,1,1,1,1.5,7.37
6.28,8.71,3,2,1,0,2.5,15.05
13.33,13.43,3,1,1,1,2.0,-4.04
2.86,31.15,3,2,1,0,2.5,13.86
10.79,37.85,1,1,1,1,1.0,7.01
14.88,43.56,1,1,1,1,1.0,18.87
7.58,7.54,2,1,1,0,1.5,6.75
6.18,15.37,3,2,1,0,2.5,16.55
12.48,13.47,3,4,1,1,3.5,6.57
8.76,18.43,2,1,1,0,1.5,-6.57
12.69,31.33,1,4,1,1,2.5,12.27
7.34,9.57,2,1,1,0,1.5,-3.98
7.44,36.85,1,4,1,0,2.5,11.57
13.72,35.19,1,4,1,1,2.5,-4.39
13.99,5.93,1,1,1,1,1.0,-4.25
4.52,45.67,2,1,1,0,1.5,-4.28
8.32,17.11,3,2,1,0,2.5,-6.03
4.6,11.65,3,4,1,0,3.5,-5.12
2.74,33.95,2,4,1,0,3.0,8.61
13.35,38.16,1,1,1,1,1.0,18.7
8.36,11.28,2,4,1,0,3.0,4.5
11.67,42.74,2,2,1,1,2.0,-3.5
11.29,36.27,1,1,1,1,1.0,15.21
5.37,37.62,1,4,1,0,2.5,14.55
2.19,34.21,1,1,1,0,1.0,5.52
5.04,17.63,3,2,1,0,2.5,9.43
3.86,21.13,2,2,1,0,2.0,0.92
14.28,7.26,2,4,1,1,3.0,4.48
8.74,29.47,3,1,1,0,2.0,3.28
6.71,11.04,3,4,1,0,3.5,2.01
4.03,48.5,2,4,1,0,3.0,-6.71
6.35,7.57,3,2,1,0,2.5,-4.21
8.94,44.75,3,2,1,0,2.5,1.75
9.96,36.71,2,1,1,0,1.5,2.72
2.99,22.36,2,2,1,0,2.0,-8.9
10.59,40.85,3,4,1,1,3.5,-1.0
9.2,43.1,1,2,1,0,1.5,-7.45
5.15,17.73,1,1,1,0,1.0,3.49
13.87,28.28,1,1,1,1,1.0,11.36
13.19,20.31,2,1,1,1,1.5,9.59
3.71,43.32,1,1,1,0,1.0,12.38
7.17,21.25,3,1,1,0,2.0,-5.76
9.01,19.38,1,1,1,0,1.0,11.48
14.22,38.97,2,2,1,1,2.0,5.23
11.15,42.6,3,1,1,1,2.0,3.97
14.55,46.82,2,4,1,1,3.0,1.75
3.59,32.93,1,1,1,0,1.0,-3.7
14.37,28.86,2,2,1,1,2.0,-8.4
2.06,17.03,1,2,1,0,1.5,-4.66
4.84,6.66,1,2,1,0,1.5,-8.53
12.11,6.04,2,4,1,1,3.0,11.86
8.86,8.98,1,4,1,0,2.5,9.3
10.57,31.45,3,2,1,1,2.5,6.62
4.88,13.33,2,1,1,0,1.5,4.92
10.98,33.05,2,1,1,1,1.5,-7.14
13.15,28.26,1,2,1,1,1.5,6.24
3.67,15.36,1,2,1,0,1.5,0.87
2.1,12.65,2,4,1,0,3.0,6.81
11.88,34.77,3,2,1,1,2.5,16.09
6.3,38.65,3,1,1,0,2.0,-0.72
14.61,33.78,2,1,1,1,1.5,10.41
11.0,36.89,1,4,1,1,2.5,8.98
4.49,28.36,1,2,1,0,1.5,-2.07
7.25,18.74,3,4,1,0,3.5,5.38
3.97,33.63,3,1,1,0,2.0,-3.65
4.99,36.26,2,4,1,0,3.0,-0.09
12.82,14.79,1,2,1,1,1.5,-7.1
12.43,38.78,1,2,1,1,1.5,-6.45
11.91,11.23,3,4,1,1,3.5,14.46
6.55,41.56,3,1,1,0,2.0,-2.12
9.1,13.64,1,4,1,0,2.5,19.85
7.18,8.25,2,4,1,0,3.0,9.27
5.49,40.79,3,4,1,0,3.5,7.56
6.56,45.95,3,4,1,0,3.5,5.78
12.87,13.51,2,2,1,1,2.0,-3.21
7.74,37.76,1,4,1,0,2.5,-2.94
8.86,46.61,2,4,1,0,3.0,-2.02
10.42,17.63,1,1,1,1,1.0,11.17
2.04,17.4,2,2,1,0,2.0,-3.49
8.39,35.48,3,2,1,0,2.5,14.98
7.83,16.38,1,4,1,0,2.5,3.66
3.59,9.99,3,4,1,0,3.5,16.14
13.5,31.88,2,4,1,1,3.0,3.84
10.13,48.34,2,1,1,1,1.5,6.63
2.72,26.42,2,4,1,0,3.0,3.68
7.04,6.48,2,2,1,0,2.0,3.77
2.69,17.97,1,4,1,0,2.5,-1.51
2.92,6.26,2,2,1,0,2.0,-9.44
13.84,8.65,2,2,1,1,2.0,-8.33
3.45,20.91,1,1,1,0,1.0,1.73
5.79,11.32,3,1,1,0,2.0,-1.44
10.62,30.7,1,4,1,1,2.5,3.25
10.11,14.77,2,1,1,1,1.5,-4.49
7.93,12.45,2,2,1,0,2.0,-5.65
7.64,11.45,2,1,1,0,1.5,16.27
5.24,17.04,3,1,1,0,2.0,5.32
4.04,41.05,3,2,1,0,2.5,-0.59
9.02,45.27,3,1,1,0,2.0,8.79
10.93,33.08,1,4,1,1,2.5,-3.31
7.36,13.62,1,4,1,0,2.5,-6.17
5.09,45.06,2,1,1,0,1.5,7.43
4.88,44.52,3,1,1,0,2.0,19.48
9.5,10.73,3,2,1,0,2.5,4.31
14.62,11.92,3,4,1,1,3.5,5.49
14.24,6.55,2,1,1,1,1.5,19.15
6.22,45.73,1,4,1,0,2.5,-5.64
13.56,14.68,2,2,1,1,2.0,-1.95
14.44,21.63,2,4,1,1,3.0,-1.26
3.99,6.0,3,2,1,0,2.5,18.49
2.34,22.4,2,2,1,0,2.0,1.65
6.02,29.65,1,1,1,0,1.0,16.88
7.72,20.24,3,1,1,0,2.0,4.33
12.82,44.44,3,1,1,1,2.0,-1.96
12.91,10.06,1,2,1,1,1.5,17.2
2.58,23.46,3,2,1,0,2.5,4.14
6.93,6.28,1,1,1,0,1.0,1.1
10.81,15.99,3,2,1,1,2.5,13.74
8.16,37.73,2,2,1,0,2.0,19.97
7.04,30.73,3,4,1,0,3.5,6.18
9.48,23.93,3,4,1,0,3.5,5.4
9.34,19.18,3,1,1,0,2.0,-9.97
5.64,40.65,3,1,1,0,2.0,11.98
6.18,41.88,1,2,1,0,1.5,-2.34
11.36,12.84,3,1,1,1,2.0,4.75
6.76,41.42,1,1,1,0,1.0,-5.23
12.62,48.47,1,4,1,1,2.5,-7.85
5.56,46.37,2,1,1,0,1.5,-7.82
13.33,25.71,3,2,1,1,2.5,-2.97
11.91,36.84,2,2,1,1,2.0,-8.1
3.53,43.03,2,2,1,0,2.0,18.46
6.68,39.55,2,1,1,0,1.5,-2.89
9.17,16.14,3,1,1,0,2.0,-4.6
11.05,35.23,2,4,1,1,3.0,-3.04
5.25,10.85,1,2,1,0,1.5,-6.82
10.38,8.53,3,2,1,1,2.5,-3.5
13.1,12.24,2,4,1,1,3.0,1.65
10.23,46.49,2,2,1,1,2.0,8.7
6.09,8.47,2,2,1,0,2.0,11.96
4.47,31.3,3,2,1,0,2.5,19.76
3.05,6.66,1,1,1,0,1.0,9.05
9.4,19.49,2,2,1,0,2.0,17.84
3.82,37.35,2,4,1,0,3.0,19.87
14.6,28.38,3,2,1,1,2.5,9.34
7.59,23.49,3,1,1,0,2.0,9.38
10.17,10.28,1,1,1,1,1.0,-2.03
5.06,25.78,1,1,1,0,1.0,8.72
7.3,45.41,2,1,1,0,1.5,-7.27
3.11,23.55,2,4,1,0,3.0,11.33
11.75,20.51,2,4,1,1,3.0,-4.77
7.27,29.17,1,1,1,0,1.0,-3.07
7.36,37.77,2,4,1,0,3.0,5.8
14.58,48.88,3,4,1,1,3.5,1.8
10.98,30.98,1,2,1,1,1.5,7.92
12.68,27.93,2,1,1,1,1.5,0.25
7.63,21.51,1,4,1,0,2.5,-4.55
12.32,19.76,3,2,1,1,2.5,8.25
13.44,38.74,3,4,1,1,3.5,5.99
7.5,9.79,3,2,1,0,2.5,9.71
12.14,8.74,1,2,1,1,1.5,12.44
6.66,22.31,3,4,1,0,3.5,13.79
9.81,18.51,3,4,1,0,3.5,8.56
3.89,46.5,1,2,1,0,1.5,-7.9
12.7,32.37,1,2,1,1,1.5,7.2
9.55,29.97,1,1,1,0,1.0,0.93
3.91,17.62,1,4,1,0,2.5,19.92
10.83,11.32,3,4,1,1,3.5,16.38
12.57,44.14,2,2,1,1,2.0,0.62
11.72,45.9,1,4,1,1,2.5,6.33
10.27,8.89,1,1,1,1,1.0,10.82
2.57,47.86,2,1,1,0,1.5,17.44
9.25,12.45,2,2,1,0,2.0,-8.52
4.24,31.24,1,1,1,0,1.0,8.16
3.86,36.28,2,2,1,0,2.0,16.99
9.78,18.32,3,4,1,0,3.5,-8.69
8.55,37.7,1,1,1,0,1.0,13.29
10.03,41.14,2,4,1,1,3.0,15.68
3.84,18.32,1,2,1,0,1.5,-3.66
11.24,33.33,2,2,1,1,2.0,9.39
10.86,42.36,1,2,1,1,1.5,1.48
4.28,43.22,2,1,1,0,1.5,11.36
6.8,27.09,3,2,1,0,2.5,13.55
11.3,13.28,1,4,1,1,2.5,12.41
11.06,24.44,1,4,1,1,2.5,-1.38
8.39,33.04,2,2,1,0,2.0,-8.43
4.58,44.46,3,2,1,0,2.5,18.68
13.63,44.65,2,1,1,1,1.5,3.49
4.86,8.39,1,2,1,0,1.5,0.08
7.66,21.83,1,2,1,0,1.5,10.41
9.0,19.22,1,2,1,0,1.5,-0.32
2.29,19.33,1,4,1,0,2.5,15.21
14.99,37.31,1,2,1,1,1.5,8.81
14.59,37.84,1,4,1,1,2.5,2.76
12.37,24.34,3,4,1,1,3.5,7.0
2.11,29.91,3,1,1,0,2.0,7.36
4.95,18.69,1,2,1,0,1.5,8.66
14.3,8.65,1,1,1,1,1.0,1.06
14.03,40.95,3,1,1,1,2.0,12.03
11.46,49.48,2,2,1,1,2.0,6.02
10.0,43.61,1,4,1,0,2.5,0.98
2.04,30.92,1,1,1,0,1.0,-5.42
14.89,35.64,3,2,1,1,2.5,1.62
5.25,16.75,3,2,1,0,2.5,-4.84
13.45,30.04,1,2,1,1,1.5,-4.29
13.49,43.7,2,2,1,1,2.0,-6.93
4.57,6.83,1,4,1,0,2.5,0.63
12.38,26.58,3,2,1,1,2.5,-8.49
13.61,24.6,2,1,1,1,1.5,-1.08
6.72,11.22,1,4,1,0,2.5,-2.67
10.67,39.49,1,1,1,1,1.0,-6.89
6.47,7.95,3,4,1,0,3.5,-9.11
13.71,17.24,3,2,1,1,2.5,6.21
9.9,13.03,2,1,1,0,1.5,15.36
5.29,17.78,2,2,1,0,2.0,12.78
2.96,26.78,1,2,1,0,1.5,2.0
3.95,42.5,3,1,1,0,2.0,18.16
8.69,21.38,1,2,1,0,1.5,-3.28
4.4,18.51,3,2,1,0,2.5,14.09
3.35,39.76,3,2,1,0,2.5,16.12
5.17,33.74,1,1,1,0,1.0,12.95
5.06,33.94,3,2,1,0,2.5,-6.6
7.67,16.2,3,1,1,0,2.0,5.16
10.15,43.94,2,1,1,1,1.5,-1.35
11.57,34.11,3,1,1,1,2.0,4.12
8.52,23.77,2,1,1,0,1.5,14.21
10.94,30.0,3,1,1,1,2.0,17.04
5.74,46.68,3,2,1,0,2.5,13.74
5.5,24.44,3,4,1,0,3.5,15.37
13.24,38.02,3,1,1,1,2.0,-7.16
6.29,43.19,3,2,1,0,2.5,-5.02
10.6,9.41,1,2,1,1,1.5,18.4
11.61,20.84,1,2,1,1,1.5,-8.16
13.45,26.6,3,2,1,1,2.5,-8.54
8.11,18.64,2,2,1,0,2.0,-3.66
8.83,25.34,1,4,1,0,2.5,5.73
4.64,33.87,2,2,1,0,2.0,16.99
11.01,38.14,2,1,1,1,1.5,16.03
6.78,22.83,3,2,1,0,2.5,5.87
5.25,18.65,2,4,1,0,3.0,19.84
8.11,21.9,3,4,1,0,3.5,16.19
7.43,6.34,3,4,1,0,3.5,-1.48
7.27,44.09,3,1,1,0,2.0,14.67
14.01,39.96,3,1,1,1,2.0,8.84
14.85,23.31,3,1,1,1,2.0,16.05
12.55,25.33,3,4,1,1,3.5,-6.1
3.32,29.04,2,1,1,0,1.5,-8.31
10.26,45.88,1,1,1,1,1.0,12.98
9.27,41.49,2,2,1,0,2.0,-0.48
3.97,48.04,1,1,1,0,1.0,3.86
11.38,37.25,1,2,1,1,1.5,4.83
8.09,12.25,3,2,1,0,2.5,16.31
13.28,14.15,1,1,1,1,1.0,14.51
3.92,33.48,3,1,1,0,2.0,-5.1
10.22,12.57,1,2,1,1,1.5,12.36
4.87,24.97,3,4,1,0,3.5,0.75
2.66,10.25,2,2,1,0,2.0,-1.13
2.97,22.34,2,2,1,0,2.0,-4.06
13.05,7.84,3,2,1,1,2.5,15.03
9.12,29.9,1,2,1,0,1.5,5.82
3.43,22.46,3,4,1,0,3.5,2.34
6.94,17.51,2,1,1,0,1.5,6.98
13.04,29.68,2,4,1,1,3.0,-2.4
3.96,21.76,3,2,1,0,2.5,-5.59
2.99,28.13,3,2,1,0,2.5,14.43
4.16,8.44,2,2,1,0,2.0,-0.8
14.23,25.59,3,4,1,1,3.5,13.05
9.5,16.04,2,4,1,0,3.0,3.21
4.5,28.75,2,4,1,0,3.0,1.42
6.78,35.33,3,2,1,0,2.5,5.19
6.26,5.25,2,4,1,0,3.0,-2.0
9.06,30.11,3,1,1,0,2.0,11.41
6.67,16.07,1,4,1,0,2.5,-8.53
12.62,8.9,1,4,1,1,2.5,-2.84
2.01,31.99,1,2,1,0,1.5,0.71
3.89,33.39,2,4,1,0,3.0,1.13
2.47,27.48,1,1,1,0,1.0,3.58
14.28,36.59,1,4,1,1,2.5,7.65
13.51,16.09,1,4,1,1,2.5,14.31
8.68,8.83,3,4,1,0,3.5,14.5
5.91,16.23,1,1,1,0,1.0,10.7
8.3,34.45,2,4,1,0,3.0,-2.03
4.06,11.85,2,4,1,0,3.0,18.31
4.43,30.91,3,4,1,0,3.5,17.96
12.29,34.44,2,1,1,1,1.5,-6.93
6.44,43.14,3,1,1,0,2.0,2.51
6.74,15.89,2,2,1,0,2.0,3.29
3.06,47.29,3,4,1,0,3.5,17.38
14.49,32.39,2,2,1,1,2.0,-6.93
13.19,24.56,2,2,1,1,2.0,0.15
9.68,20.4,3,4,1,0,3.5,14.45
3.96,17.21,1,4,1,0,2.5,-9.17
10.9,46.0,1,4,1,1,2.5,-0.15
14.62,31.81,2,2,1,1,2.0,5.58
4.12,16.3,3,2,1,0,2.5,-4.58
11.97,33.71,3,4,1,1,3.5,14.99
13.78,24.98,3,1,1,1,2.0,5.89
5.69,28.53,1,2,1,0,1.5,16.14
9.32,9.93,2,1,1,0,1.5,13.33
11.93,9.37,3,1,1,1,2.0,17.21
5.88,16.14,1,4,1,0,2.5,5.31
3.8,32.31,1,2,1,0,1.5,-2.12
6.0,6.7,2,4,1,0,3.0,3.84
8.51,13.44,2,1,1,0,1.5,12.65
9.57,37.97,2,1,1,0,1.5,2.55
14.73,21.7,1,2,1,1,1.5,12.66
2.95,37.81,3,1,1,0,2.0,-2.69
2.76,34.87,3,2,1,0,2.5,16.81
11.83,15.41,2,4,1,1,3.0,-4.9
12.77,15.75,2,4,1,1,3.0,7.09
7.29,8.17,3,4,1,0,3.5,6.1
11.02,35.56,1,4,1,1,2.5,-2.63
13.22,16.62,1,2,1,1,1.5,4.68
6.1,11.99,2,4,1,0,3.0,-8.51
12.57,8.91,2,4,1,1,3.0,4.48
7.31,45.08,3,4,1,0,3.5,-7.84
9.38,28.15,1,1,1,0,1.0,7.0
3.49,27.74,3,2,1,0,2.5,9.14
11.35,31.65,3,2,1,1,2.5,6.61
12.79,49.11,2,4,1,1,3.0,-4.79
6.13,17.93,1,4,1,0,2.5,-2.25
2.51,25.23,2,2,1,0,2.0,2.41
12.98,37.41,3,4,1,1,3.5,12.63
8.0,29.47,1,1,1,0,1.0,-1.64
14.56,18.91,2,4,1,1,3.0,-8.86
13.31,34.62,3,2,1,1,2.5,4.36
6.77,15.93,1,1,1,0,1.0,-1.99
8.76,40.12,1,1,1,0,1.0,6.2
7.32,48.68,1,2,1,0,1.5,4.9
12.95,39.06,2,2,1,1,2.0,18.95
12.18,30.1,2,4,1,1,3.0,-7.77
8.82,31.46,2,1,1,0,1.5,5.21
5.4,18.52,3,4,1,0,3.5,-4.59
10.71,18.69,1,1,1,1,1.0,3.17
5.89,13.27,3,1,1,0,2.0,-1.98
13.33,44.79,1,4,1,1,2.5,-7.22
10.56,33.56,2,1,1,1,1.5,19.95
3.47,7.62,3,4,1,0,3.5,17.4
2.95,37.36,1,4,1,0,2.5,1.93
14.17,23.29,1,4,1,1,2.5,16.96
8.24,46.61,3,4,1,0,3.5,19.91
14.45,49.22,3,2,1,1,2.5,15.89
9.89,19.03,1,1,1,0,1.0,1.63
5.28,35.21,1,2,1,0,1.5,-5.1
10.62,37.13,2,1,1,1,1.5,1.6
13.38,24.38,1,1,1,1,1.0,17.82
2.55,20.34,2,1,1,0,1.5,3.55
5.12,34.51,1,4,1,0,2.5,-5.26
6.28,49.13,3,1,1,0,2.0,-8.39
7.18,47.69,2,1,1,0,1.5,7.49
4.23,42.99,1,2,1,0,1.5,3.18
13.71,23.76,1,4,1,1,2.5,12.39
13.09,36.14,1,4,1,1,2.5,3.42
4.62,14.43,1,1,1,0,1.0,-0.36
12.06,28.25,3,4,1,1,3.5,-2.33
7.3,15.71,1,2,1,0,1.5,-8.87
4.17,24.04,3,4,1,0,3.5,4.71
3.31,33.66,1,1,1,0,1.0,3.11
3.58,19.12,3,1,1,0,2.0,2.43
8.73,23.62,2,4,1,0,3.0,-3.9
6.55,17.73,2,2,1,0,2.0,15.59
2.06,29.02,3,2,1,0,2.5,4.87
3.16,16.19,1,4,1,0,2.5,-4.63
2.56,45.03,3,4,1,0,3.5,8.12
4.44,16.9,2,1,1,0,1.5,-7.02
7.46,34.91,1,1,1,0,1.0,-7.17
8.21,24.49,2,4,1,0,3.0,3.12
2.91,30.3,1,4,1,0,2.5,-2.27
8.74,23.77,3,1,1,0,2.0,-4.06
3.59,47.2,3,1,1,0,2.0,-5.15
12.86,33.83,3,1,1,1,2.0,15.75
14.43,42.62,1,4,1,1,2.5,6.14
8.87,31.24,1,4,1,0,2.5,14.59
3.61,33.86,1,2,1,0,1.5,19.53
9.29,32.18,3,1,1,0,2.0,3.8
7.06,45.26,2,4,1,0,3.0,16.17
8.66,12.1,3,4,1,0,3.5,18.4
3.85,9.96,3,4,1,0,3.5,17.76
10.01,5.66,3,1,1,1,2.0,-2.83
6.03,18.88,1,4,1,0,2.5,3.81
6.25,9.61,3,4,1,0,3.5,19.38
8.32,31.53,3,1,1,0,2.0,-2.07
5.79,15.42,2,2,1,0,2.0,15.14
4.8,6.18,2,4,1,0,3.0,13.42
12.47,10.39,2,2,1,1,2.0,-4.97
10.82,14.85,1,2,1,1,1.5,-5.46
6.3,41.6,1,4,1,0,2.5,15.45
12.42,12.52,3,2,1,1,2.5,10.68
13.63,38.13,3,2,1,1,2.5,-4.96
12.91,40.26,2,4,1,1,3.0,-2.55
4.63,44.64,2,4,1,0,3.0,1.87
14.2,41.47,1,1,1,1,1.0,11.69
11.23,10.82,1,4,1,1,2.5,4.59
5.93,13.76,2,2,1,0,2.0,19.75
5.24,25.52,1,2,1,0,1.5,-0.6
14.69,8.51,3,1,1,1,2.0,9.54
7.18,22.98,3,1,1,0,2.0,13.01
4.82,14.19,3,1,1,0,2.0,18.49
14.12,38.42,3,1,1,1,2.0,1.71
10.84,47.01,1,1,1,1,1.0,18.6
13.6,29.32,3,4,1,1,3.5,-8.59
10.54,6.73,1,1,1,1,1.0,7.02
9.12,49.81,1,4,1,0,2.5,4.34
13.96,42.63,2,1,1,1,1.5,7.43
6.51,23.37,1,1,1,0,1.0,13.46
4.57,37.78,1,4,1,0,2.5,-8.15
9.46,15.83,3,2,1,0,2.5,8.03
3.6,17.65,3,4,1,0,3.5,13.82
7.76,11.22,3,2,1,0,2.5,-7.49
2.04,19.57,2,4,1,0,3.0,-0.42
2.41,39.13,1,4,1,0,2.5,15.86
12.79,33.43,2,2,1,1,2.0,-4.14
9.42,49.15,1,4,1,0,2.5,-9.95
14.72,20.37,1,4,1,1,2.5,2.89
5.67,7.45,3,1,1,0,2.0,19.41
4.32,42.7,1,1,1,0,1.0,14.85
8.9,37.6,2,4,1,0,3.0,-0.97
10.4,29.67,2,2,1,1,2.0,9.18
11.48,26.03,3,1,1,1,2.0,9.23
12.07,30.26,1,4,1,1,2.5,6.86
4.45,22.66,3,1,1,0,2.0,1.67
5.47,34.25,2,1,1,0,1.5,6.32
13.07,42.99,2,1,1,1,1.5,-0.96
14.64,26.43,1,4,1,1,2.5,-3.86
12.38,35.22,3,4,1,1,3.5,11.63
10.95,46.14,1,2,1,1,1.5,7.53
6.15,21.39,1,1,1,0,1.0,10.32
4.21,38.05,3,4,1,0,3.5,-5.21
8.47,18.28,2,4,1,0,3.0,-6.35
13.35,34.17,2,1,1,1,1.5,9.59
12.39,5.34,1,4,1,1,2.5,-2.33
11.75,15.81,1,2,1,1,1.5,14.11
2.12,11.85,2,1,1,0,1.5,15.11
8.66,26.41,1,1,1,0,1.0,10.91
3.89,20.1,1,1,1,0,1.0,-3.13
13.42,36.53,2,4,1,1,3.0,16.81
13.61,6.5,3,1,1,1,2.0,4.61
11.83,27.66,1,4,1,1,2.5,-6.65
3.7,37.53,1,2,1,0,1.5,5.9
5.51,33.85,1,1,1,0,1.0,5.0
11.8,16.13,1,1,1,1,1.0,1.83
3.57,25.13,2,1,1,0,1.5,-2.62
2.71,9.85,2,2,1,0,2.0,16.74
2.07,31.35,3,2,1,0,2.5,8.33
7.01,5.09,3,2,1,0,2.5,-4.51
11.93,42.05,3,4,1,1,3.5,9.38
2.03,41.58,1,2,1,0,1.5,6.44
11.87,44.67,1,1,1,1,1.0,-0.57
14.04,11.49,3,4,1,1,3.5,-9.21
11.47,24.45,2,4,1,1,3.0,-9.03
10.36,35.22,1,1,1,1,1.0,3.52
14.99,13.42,3,1,1,1,2.0,19.97
7.29,21.14,2,4,1,0,3.0,15.67
8.22,40.82,3,1,1,0,2.0,-7.45
5.58,30.56,1,4,1,0,2.5,8.48
8.49,24.16,3,4,1,0,3.5,15.76
12.23,46.8,1,1,1,1,1.0,-2.13
4.95,14.18,3,2,1,0,2.5,6.63
9.4,42.71,3,4,1,0,3.5,14.45
12.38,6.07,2,4,1,1,3.0,15.19
5.96,18.61,3,1,1,0,2.0,-3.57
7.56,33.96,3,2,1,0,2.5,16.18
3.91,25.36,1,4,1,0,2.5,-2.19
7.43,7.09,3,1,1,0,2.0,-6.2
9.53,20.55,3,4,1,0,3.5,16.75
6.97,36.82,3,4,1,0,3.5,-3.17
12.33,5.53,3,4,1,1,3.5,6.86
14.84,40.83,3,2,1,1,2.5,17.54
3.04,28.27,2,1,1,0,1.5,-5.7
5.54,45.76,2,2,1,0,2.0,18.15
12.13,20.9,2,4,1,1,3.0,3.25
2.12,41.1,2,4,1,0,3.0,0.95
3.99,24.12,2,2,1,0,2.0,13.71
5.34,42.76,2,4,1,0,3.0,12.43
9.93,19.11,3,1,1,0,2.0,10.86
7.59,37.18,1,1,1,0,1.0,-4.2
6.74,32.01,1,2,1,0,1.5,0.68
7.69,12.6,3,2,1,0,2.5,1.44
11.49,22.52,1,2,1,1,1.5,-9.46
13.24,42.22,1,4,1,1,2.5,12.82
7.86,27.05,3,4,1,0,3.5,6.05
14.15,13.01,1,4,1,1,2.5,14.67
2.07,49.39,1,4,1,0,2.5,-6.45
3.23,48.74,2,2,1,0,2.0,2.52
13.68,10.59,3,2,1,1,2.5,14.83
12.97,42.29,2,4,1,1,3.0,11.36
3.45,14.1,2,2,1,0,2.0,-3.44
4.76,14.66,3,2,1,0,2.5,6.93
9.95,35.19,1,4,1,0,2.5,10.34
12.7,17.51,1,2,1,1,1.5,1.61
10.53,11.95,1,2,1,1,1.5,-1.57
10.55,39.15,1,1,1,1,1.0,2.42
8.1,21.53,2,1,1,0,1.5,8.79
6.49,43.28,2,1,1,0,1.5,-4.97
4.17,6.42,1,1,1,0,1.0,-8.64
12.57,7.67,1,1,1,1,1.0,4.09
6.16,47.42,3,2,1,0,2.5,16.43
12.78,39.21,3,1,1,1,2.0,-2.93
11.49,24.39,1,4,1,1,2.5,10.71
4.78,39.61,3,2,1,0,2.5,-8.58
12.46,44.39,2,2,1,1,2.0,14.89
3.24,47.63,1,2,1,0,1.5,1.2
11.23,41.47,2,1,1,1,1.5,-0.04
12.18,12.54,1,4,1,1,2.5,4.0
12.06,43.6,1,2,1,1,1.5,9.01
11.32,32.01,3,2,1,1,2.5,8.31
3.35,36.67,2,1,1,0,1.5,-1.69
9.32,17.55,1,4,1,0,2.5,-0.92
7.19,25.31,2,4,1,0,3.0,6.41
5.45,12.37,2,2,1,0,2.0,5.7
9.89,34.49,1,4,1,0,2.5,10.16
8.48,19.45,2,1,1,0,1.5,13.29
11.85,19.94,1,1,1,1,1.0,-8.43
8.4,37.75,1,1,1,0,1.0,12.53
6.61,30.85,3,4,1,0,3.5,15.77
3.39,12.88,3,2,1,0,2.5,-0.2
13.39,36.52,1,2,1,1,1.5,-5.84
5.67,9.62,1,4,1,0,2.5,12.65
10.4,12.81,3,2,1,1,2.5,8.3
5.89,16.89,2,4,1,0,3.0,7.37
11.11,28.31,2,1,1,1,1.5,12.24
10.05,15.1,3,2,1,1,2.5,18.73
9.28,16.39,3,4,1,0,3.5,-2.76
3.09,45.27,1,1,1,0,1.0,-5.4
10.04,33.83,1,1,1,1,1.0,9.73
8.03,5.41,1,2,1,0,1.5,9.24
11.62,28.65,3,2,1,1,2.5,19.23
12.05,19.43,3,2,1,1,2.5,-3.11
9.65,43.33,1,2,1,0,1.5,0.6
3.17,38.78,2,1,1,0,1.5,14.96
5.56,6.4,1,2,1,0,1.5,-9.15
7.04,11.62,1,4,1,0,2.5,11.44
3.75,39.95,1,1,1,0,1.0,0.58
10.9,45.02,1,1,1,1,1.0,13.32
7.39,13.68,3,1,1,0,2.0,-6.94
12.28,18.54,1,1,1,1,1.0,6.66
9.94,16.43,2,1,1,0,1.5,18.1
9.62,5.95,3,1,1,0,2.0,-6.06
14.91,29.13,3,4,1,1,3.5,13.53
3.32,46.9,1,2,1,0,1.5,1.75
10.46,44.61,3,4,1,1,3.5,-2.86
4.07,22.46,3,4,1,0,3.5,9.29
14.95,17.91,2,4,1,1,3.0,16.52
3.23,37.51,2,1,1,0,1.5,5.18
6.57,20.3,3,2,1,0,2.5,4.71
12.87,32.73,1,4,1,1,2.5,2.18
13.18,15.62,3,2,1,1,2.5,16.22
5.91,20.76,2,2,1,0,2.0,6.7
14.71,12.87,1,4,1,1,2.5,15.36
13.4,34.58,3,1,1,1,2.0,-1.08
3.34,25.17,2,1,1,0,1.5,-3.29
2.99,20.86,1,1,1,0,1.0,7.97
8.12,30.8,1,2,1,0,1.5,-0.06
3.02,42.71,2,4,1,0,3.0,6.61
9.11,20.16,3,2,1,0,2.5,-0.26
5.54,33.28,1,1,1,0,1.0,-5.45
12.71,11.4,3,1,1,1,2.0,15.66
6.84,43.71,3,2,1,0,2.5,3.42
11.81,8.24,3,2,1,1,2.5,11.58
4.22,41.6,1,2,1,0,1.5,0.04
8.88,25.99,2,2,1,0,2.0,-4.99
12.94,36.15,3,4,1,1,3.5,-8.85
8.01,26.87,1,4,1,0,2.5,17.55
4.79,37.85,3,4,1,0,3.5,14.37
7.34,22.49,2,1,1,0,1.5,11.05
14.52,9.48,2,2,1,1,2.0,18.94
2.13,26.33,3,1,1,0,2.0,-8.09
3.84,43.8,2,4,1,0,3.0,14.87
3.83,7.13,3,1,1,0,2.0,-8.18
5.45,35.88,2,1,1,0,1.5,-0.62
3.53,16.95,3,2,1,0,2.5,-0.52
12.19,40.69,2,1,1,1,1.5,3.3
10.8,37.83,3,2,1,1,2.5,-5.58
4.11,33.45,3,2,1,0,2.5,13.8
11.3,7.64,2,2,1,1,2.0,-7.2
5.74,37.27,2,2,1,0,2.0,9.94
9.57,22.67,3,4,1,0,3.5,2.0
12.71,38.72,1,2,1,1,1.5,-9.02
13.6,47.11,1,1,1,1,1.0,17.26
14.88,23.16,1,1,1,1,1.0,14.46
5.21,22.67,1,2,1,0,1.5,18.99
6.69,32.96,3,4,1,0,3.5,-9.9
8.83,29.91,3,2,1,0,2.5,10.5
11.79,5.93,3,4,1,1,3.5,5.42
2.75,31.34,2,1,1,0,1.5,16.04
13.28,10.24,2,1,1,1,1.5,7.09
7.13,15.11,1,2,1,0,1.5,-9.88
4.45,6.09,2,1,1,0,1.5,-7.51
2.62,24.86,2,4,1,0,3.0,2.83
13.18,42.93,3,1,1,1,2.0,-0.84
6.38,45.0,2,1,1,0,1.5,8.87
2.58,21.01,1,1,1,0,1.0,5.22
13.11,21.93,1,1,1,1,1.0,-9.91
3.01,10.96,3,2,1,0,2.5,12.86
5.2,22.22,2,1,1,0,1.5,15.67
8.23,40.14,3,2,1,0,2.5,14.63
3.24,28.7,3,4,1,0,3.5,-3.92
14.65,17.67,2,4,1,1,3.0,-5.83
13.28,11.58,2,1,1,1,1.5,6.01
6.77,46.79,1,2,1,0,1.5,4.76
13.38,21.48,1,4,1,1,2.5,9.94
5.76,15.9,1,2,1,0,1.5,-8.38
11.09,30.01,3,4,1,1,3.5,16.22
2.64,11.42,2,4,1,0,3.0,17.47
10.83,16.12,1,2,1,1,1.5,16.55
6.77,26.5,3,2,1,0,2.5,11.98
5.46,41.64,3,4,1,0,3.5,17.76
13.11,21.3,2,4,1,1,3.0,-7.85
2.67,42.45,2,4,1,0,3.0,7.14
12.83,49.86,3,4,1,1,3.5,17.67
10.05,30.91,3,2,1,1,2.5,-2.62
3.69,30.06,2,4,1,0,3.0,16.02
7.12,27.17,1,2,1,0,1.5,2.86
10.62,36.57,3,4,1,1,3.5,16.46
13.81,39.09,3,2,1,1,2.5,-1.42
2.81,49.77,3,2,1,0,2.5,7.03
8.96,14.24,3,4,1,0,3.5,-3.81
12.77,26.79,3,2,1,1,2.5,4.76
11.05,42.96,1,4,1,1,2.5,13.85
9.9,20.87,3,4,1,0,3.5,12.57
9.72,20.54,3,2,1,0,2.5,-2.94
13.22,30.2,1,4,1,1,2.5,13.3
10.04,28.05,1,2,1,1,1.5,-5.95
11.13,5.06,2,4,1,1,3.0,5.09
13.87,34.31,3,1,1,1,2.0,20.0
12.27,46.03,3,4,1,1,3.5,-8.08
14.57,31.26,3,2,1,1,2.5,18.58
13.11,23.86,3,4,1,1,3.5,14.01
6.61,46.65,2,4,1,0,3.0,17.51
13.05,21.26,2,2,1,1,2.0,-6.99
14.12,6.8,3,2,1,1,2.5,5.82
7.99,5.45,1,4,1,0,2.5,-4.23
3.35,23.5,2,2,1,0,2.0,11.5
14.72,31.53,1,4,1,1,2.5,15.27
10.31,22.22,3,2,1,1,2.5,-0.09
5.08,22.19,2,1,1,0,1.5,12.8
9.0,25.59,3,1,1,0,2.0,13.1
9.49,7.65,2,4,1,0,3.0,4.73
11.7,5.21,1,1,1,1,1.0,0.43
5.18,47.57,3,1,1,0,2.0,14.91
14.31,10.17,1,4,1,1,2.5,19.99
6.15,18.17,2,2,1,0,2.0,-2.6
5.65,48.05,1,4,1,0,2.5,1.69
13.88,20.11,2,1,1,1,1.5,-2.96
7.36,32.92,2,2,1,0,2.0,16.79
13.38,44.43,1,1,1,1,1.0,10.84
9.92,47.91,2,1,1,0,1.5,-7.78
8.71,6.6,2,2,1,0,2.0,14.59
9.24,35.21,1,4,1,0,2.5,16.29
10.97,35.6,1,4,1,1,2.5,-9.9
12.43,37.94,1,2,1,1,1.5,18.94
7.32,25.48,2,2,1,0,2.0,18.56
4.12,20.06,3,4,1,0,3.5,14.05
2.7,10.54,2,4,1,0,3.0,14.96
8.8,39.54,1,1,1,0,1.0,-8.65
11.57,6.14,2,2,1,1,2.0,2.15
12.67,43.26,2,1,1,1,1.5,8.33
11.51,38.98,2,4,1,1,3.0,-1.97
5.08,24.39,1,4,1,0,2.5,-4.3
2.82,15.7,3,2,1,0,2.5,19.37
2.74,38.82,3,2,1,0,2.5,-9.48
2.46,17.05,3,4,1,0,3.5,-5.68
14.09,10.38,1,4,1,1,2.5,5.49
4.7,27.17,2,2,1,0,2.0,10.76
8.15,39.89,1,1,1,0,1.0,-3.17
3.84,17.55,1,2,1,0,1.5,2.48
4.27,22.89,3,1,1,0,2.0,7.63
2.05,24.82,1,2,1,0,1.5,-8.43
15.0,49.23,1,2,1,1,1.5,-5.97
7.65,19.96,3,2,1,0,2.5,-10.0
9.68,38.86,2,2,1,0,2.0,-7.98
11.14,21.39,3,1,1,1,2.0,2.68
7.23,11.48,2,4,1,0,3.0,19.4
7.71,41.56,2,2,1,0,2.0,19.18
14.91,19.5,3,2,1,1,2.5,-4.42
13.72,7.74,2,1,1,1,1.5,19.61
8.07,23.64,2,4,1,0,3.0,-8.79
6.27,32.01,2,1,1,0,1.5,-8.28
4.01,5.1,2,4,1,0,3.0,6.18
5.19,9.93,3,1,1,0,2.0,9.72
9.09,47.52,2,4,1,0,3.0,-6.38
5.82,11.49,2,1,1,0,1.5,-7.76
11.37,37.75,3,2,1,1,2.5,-0.76
6.41,26.42,2,4,1,0,3.0,19.28
9.89,47.41,1,1,1,0,1.0,10.68
14.4,16.87,3,1,1,1,2.0,14.12
10.72,24.75,1,1,1,1,1.0,18.27
7.51,23.14,2,1,1,0,1.5,-8.2
7.49,33.75,1,2,1,0,1.5,-7.25
14.04,42.25,3,1,1,1,2.0,12.73
8.91,13.77,2,4,1,0,3.0,0.59
3.51,7.64,2,4,1,0,3.0,7.42
10.63,40.64,1,2,1,1,1.5,-2.49
6.1,33.81,1,4,1,0,2.5,-7.79
2.85,21.11,3,2,1,0,2.5,2.24
4.47,18.03,3,4,1,0,3.5,-3.42
8.7,48.11,3,2,1,0,2.5,14.64
12.27,46.33,3,1,1,1,2.0,15.82
2.2,35.69,2,2,1,0,2.0,14.49
7.23,10.44,3,2,1,0,2.5,12.19
10.13,27.51,3,4,1,1,3.5,10.52
6.05,5.84,2,1,1,0,1.5,-5.92
4.94,45.95,3,1,1,0,2.0,-2.35
11.47,43.55,2,2,1,1,2.0,16.04
10.85,17.24,1,1,1,1,1.0,10.54
8.02,49.69,3,4,1,0,3.5,12.82
11.87,18.99,3,2,1,1,2.5,0.21
8.6,40.93,3,4,1,0,3.5,8.63
14.01,36.58,3,1,1,1,2.0,-9.95
5.23,49.05,1,1,1,0,1.0,14.84
12.62,38.9,1,1,1,1,1.0,18.7
5.16,18.2,3,4,1,0,3.5,18.9
2.73,13.31,2,2,1,0,2.0,6.84
6.13,44.12,2,1,1,0,1.5,12.28
9.71,25.3,3,1,1,0,2.0,1.72
11.87,37.18,3,2,1,1,2.5,8.2
13.76,43.13,2,4,1,1,3.0,8.99
12.87,23.71,3,2,1,1,2.5,2.49
8.16,24.72,3,1,1,0,2.0,-6.25
6.75,21.15,3,2,1,0,2.5,16.53
9.81,34.01,2,2,1,0,2.0,7.89
7.46,16.84,3,2,1,0,2.5,18.61
10.69,27.62,2,2,1,1,2.0,12.62
9.95,47.53,1,2,1,0,1.5,14.86
13.27,14.41,1,4,1,1,2.5,13.03
11.71,26.14,3,4,1,1,3.5,3.26
11.3,45.18,1,1,1,1,1.0,19.81
6.56,23.07,2,4,1,0,3.0,13.34
5.55,10.78,1,2,1,0,1.5,-8.68
13.07,14.37,1,1,1,1,1.0,-0.9
13.11,14.38,2,4,1,1,3.0,18.97
10.99,16.67,2,2,1,1,2.0,13.57
10.84,5.41,3,1,1,1,2.0,5.89
14.01,41.32,1,1,1,1,1.0,18.43
9.19,34.62,3,1,1,0,2.0,4.42
9.6,21.11,3,4,1,0,3.5,19.32
3.09,6.76,1,4,1,0,2.5,6.66
8.16,49.3,2,4,1,0,3.0,16.53
13.61,8.44,3,2,1,1,2.5,13.57
10.16,16.12,2,1,1,1,1.5,8.65
8.1,23.22,3,1,1,0,2.0,14.81
6.99,7.72,1,1,1,0,1.0,-1.88
8.82,38.95,1,1,1,0,1.0,8.86
5.54,44.4,2,4,1,0,3.0,17.85
9.94,45.22,3,1,1,0,2.0,19.78
4.94,10.46,3,1,1,0,2.0,-5.99
8.93,35.16,3,1,1,0,2.0,2.68
6.32,23.38,3,4,1,0,3.5,18.61
9.66,48.25,3,2,1,0,2.5,10.37
3.42,45.18,1,1,1,0,1.0,11.05
4.39,49.83,2,4,1,0,3.0,19.72
9.17,11.15,2,4,1,0,3.0,9.65
4.19,17.67,3,2,1,0,2.5,4.49
4.94,20.83,3,1,1,0,2.0,7.7
8.96,19.68,3,4,1,0,3.5,16.29
9.2,30.29,1,1,1,0,1.0,13.51
9.91,9.14,1,4,1,0,2.5,-9.2
11.24,47.67,3,2,1,1,2.5,4.34
10.37,7.86,2,1,1,1,1.5,-6.06
10.79,30.94,3,1,1,1,2.0,14.69
11.87,47.37,1,1,1,1,1.0,14.88
11.6,43.75,2,4,1,1,3.0,17.91
5.7,39.32,2,2,1,0,2.0,16.26
7.96,27.93,2,2,1,0,2.0,10.68
8.1,35.23,3,2,1,0,2.5,4.47
14.04,28.74,2,1,1,1,1.5,19.39
12.53,35.43,3,4,1,1,3.5,4.53
10.07,49.39,1,1,1,1,1.0,-6.44
13.72,33.64,1,2,1,1,1.5,-7.12
2.33,19.95,2,4,1,0,3.0,12.67
6.67,21.51,1,2,1,0,1.5,12.93
12.38,6.72,3,4,1,1,3.5,18.68
5.84,34.19,2,2,1,0,2.0,9.12
14.32,19.44,3,4,1,1,3.5,-7.85
2.6,31.75,3,2,1,0,2.5,15.93
5.23,20.19,1,4,1,0,2.5,17.19
2.41,35.01,2,2,1,0,2.0,-3.24
9.02,40.81,1,4,1,0,2.5,12.37
14.37,34.43,1,4,1,1,2.5,4.72
8.57,20.88,3,2,1,0,2.5,-1.38
13.16,42.34,2,4,1,1,3.0,-2.47
9.43,24.38,1,4,1,0,2.5,1.37
4.07,16.81,1,2,1,0,1.5,17.0
2.9,5.91,2,1,1,0,1.5,4.44
2.56,19.05,2,4,1,0,3.0,-0.13
8.74,37.03,2,1,1,0,1.5,-8.5
2.01,38.62,1,4,1,0,2.5,-8.44
8.68,46.12,1,2,1,0,1.5,9.03
10.58,23.48,3,1,1,1,2.0,16.15
2.03,24.87,1,2,1,0,1.5,6.06
8.09,10.73,2,1,1,0,1.5,8.04
7.19,19.24,1,1,1,0,1.0,-3.04
14.57,18.65,2,4,1,1,3.0,13.55
12.22,17.17,3,2,1,1,2.5,-8.95
5.99,18.08,2,4,1,0,3.0,15.81
14.62,37.04,2,1,1,1,1.5,2.95
4.05,36.73,2,4,1,0,3.0,7.22
5.22,9.4,2,2,1,0,2.0,7.03
10.1,47.24,3,2,1,1,2.5,13.65
10.84,31.8,3,2,1,1,2.5,13.27
3.85,27.66,3,2,1,0,2.5,8.57
7.64,20.45,1,4,1,0,2.5,-5.41
7.33,27.62,3,2,1,0,2.5,1.85
8.15,39.1,2,4,1,0,3.0,17.67
11.33,9.98,3,4,1,1,3.5,3.65
13.04,39.86,3,1,1,1,2.0,12.79
8.22,36.24,3,1,1,0,2.0,8.99
14.74,26.15,2,2,1,1,2.0,19.26
4.14,31.35,1,1,1,0,1.0,5.4
3.79,11.35,2,2,1,0,2.0,5.18
13.62,48.2,2,4,1,1,3.0,-4.61
7.42,19.19,2,1,1,0,1.5,17.91
4.14,28.45,2,2,1,0,2.0,-1.41
9.07,13.64,2,1,1,0,1.5,16.89
5.41,16.71,3,1,1,0,2.0,-2.2
9.07,15.52,2,1,1,0,1.5,19.53
13.48,16.49,2,2,1,1,2.0,-6.82
14.23,37.31,3,1,1,1,2.0,18.19
2.17,42.21,2,2,1,0,2.0,17.15
13.4,24.82,3,1,1,1,2.0,16.04
10.74,37.25,3,2,1,1,2.5,9.09
6.29,49.88,3,2,1,0,2.5,-2.11
2.94,8.53,1,1,1,0,1.0,12.2
12.42,18.08,3,4,1,1,3.5,-0.34
8.83,38.47,1,2,1,0,1.5,0.35
7.12,25.68,1,1,1,0,1.0,-1.31
7.7,43.09,1,2,1,0,1.5,15.55
12.31,21.94,1,1,1,1,1.0,9.38
14.22,5.45,2,4,1,1,3.0,-1.25
3.16,23.95,1,4,1,0,2.5,4.98
3.98,42.35,2,4,1,0,3.0,1.6
4.99,13.76,3,1,1,0,2.0,12.49
9.4,10.31,2,4,1,0,3.0,3.35
4.93,5.39,3,1,1,0,2.0,14.05
3.77,8.48,3,4,1,0,3.5,19.18
3.31,46.15,1,2,1,0,1.5,0.6
7.3,21.11,1,1,1,0,1.0,13.22
11.93,39.61,2,2,1,1,2.0,8.84
7.48,26.81,2,1,1,0,1.5,2.09
13.52,46.08,1,1,1,1,1.0,-1.81
11.97,27.55,1,1,1,1,1.0,16.39
9.62,29.43,1,1,1,0,1.0,-4.52
13.48,47.46,2,2,1,1,2.0,7.27
10.18,43.76,3,4,1,1,3.5,5.19
5.21,36.17,3,4,1,0,3.5,11.5
12.23,14.45,1,2,1,1,1.5,15.33
7.47,35.34,3,2,1,0,2.5,-0.87
6.25,13.32,3,2,1,0,2.5,15.13
8.56,24.65,1,4,1,0,2.5,9.72
4.73,44.68,3,4,1,0,3.5,16.14
3.53,36.31,1,4,1,0,2.5,3.67
8.65,9.43,2,4,1,0,3.0,12.13
14.2,18.91,3,1,1,1,2.0,8.64
5.93,39.9,3,4,1,0,3.5,12.89
14.11,40.09,2,1,1,1,1.5,2.07
7.27,9.71,1,1,1,0,1.0,15.09
10.87,22.58,2,2,1,1,2.0,14.37
8.48,34.62,3,1,1,0,2.0,5.04
13.13,31.61,3,4,1,1,3.5,1.39
12.61,8.51,2,4,1,1,3.0,-1.95
12.34,25.0,3,2,1,1,2.5,6.26
7.33,22.31,3,4,1,0,3.5,14.21
5.79,40.82,1,2,1,0,1.5,-3.27
8.36,43.4,1,4,1,0,2.5,-3.75
2.24,24.48,1,4,1,0,2.5,0.72
8.31,25.13,3,4,1,0,3.5,13.65
7.7,10.8,2,2,1,0,2.0,6.19
3.62,38.18,2,2,1,0,2.0,1.36
10.16,40.61,1,2,1,1,1.5,-9.22
7.37,31.47,1,1,1,0,1.0,15.48
3.05,16.86,3,4,1,0,3.5,3.96
12.34,6.17,1,1,1,1,1.0,-0.68
9.14,15.22,1,4,1,0,2.5,5.46
4.84,38.07,3,4,1,0,3.5,14.93
11.42,14.01,3,4,1,1,3.5,-3.27
11.44,43.75,2,4,1,1,3.0,12.12
9.62,11.27,1,1,1,0,1.0,-3.31
8.55,43.48,1,4,1,0,2.5,-1.2
2.15,16.81,1,4,1,0,2.5,19.38
2.1,12.8,2,1,1,0,1.5,11.74
12.67,41.17,1,2,1,1,1.5,10.74
6.9,47.64,1,1,1,0,1.0,0.49
8.1,7.31,2,4,1,0,3.0,-6.29
11.09,31.52,2,4,1,1,3.0,-8.88
15.0,28.89,3,2,1,1,2.5,-1.25
9.88,18.72,3,2,1,0,2.5,11.27
12.64,33.61,1,2,1,1,1.5,-5.25
10.04,47.82,3,1,1,1,2.0,9.13
14.87,6.47,1,2,1,1,1.5,2.26
4.27,24.16,3,4,1,0,3.5,6.34
8.34,15.17,3,1,1,0,2.0,-8.18
11.13,43.47,1,1,1,1,1.0,-6.52
10.76,13.14,2,2,1,1,2.0,-1.76
3.81,13.17,2,1,1,0,1.5,-7.02
14.71,36.55,1,2,1,1,1.5,11.51
3.08,15.62,3,2,1,0,2.5,10.49
13.2,42.18,3,1,1,1,2.0,-0.74
7.71,24.34,1,1,1,0,1.0,16.58
11.25,40.28,2,1,1,1,1.5,-2.4
12.17,22.16,3,4,1,1,3.5,-3.55
10.09,5.2,1,4,1,1,2.5,14.44
8.32,8.87,1,1,1,0,1.0,-2.91
5.88,42.18,2,4,1,0,3.0,-4.03
13.37,15.42,1,2,1,1,1.5,3.99
11.99,13.02,1,2,1,1,1.5,6.98
13.3,21.63,1,1,1,1,1.0,-0.78
8.21,12.33,3,4,1,0,3.5,-3.68
14.7,40.19,1,1,1,1,1.0,6.2
4.7,40.09,3,1,1,0,2.0,12.14
7.87,40.75,1,2,1,0,1.5,-4.37
11.15,45.21,3,2,1,1,2.5,17.64
12.03,12.3,1,4,1,1,2.5,-2.81
2.98,8.7,3,2,1,0,2.5,-2.67
13.4,25.7,3,4,1,1,3.5,3.23
3.67,5.58,3,4,1,0,3.5,8.48
11.29,30.28,3,1,1,1,2.0,14.17
4.48,5.23,1,1,1,0,1.0,5.54
9.93,19.23,3,4,1,0,3.5,19.64
4.24,45.31,3,1,1,0,2.0,2.11
5.82,36.64,1,4,1,0,2.5,-2.4
12.49,26.32,1,4,1,1,2.5,8.77
10.88,20.47,3,2,1,1,2.5,-0.79
13.2,21.17,3,1,1,1,2.0,18.67
9.68,8.52,1,4,1,0,2.5,2.83
12.87,15.33,3,2,1,1,2.5,10.72
6.23,36.23,1,4,1,0,2.5,6.04
5.05,29.65,3,4,1,0,3.5,1.56
14.26,21.52,2,1,1,1,1.5,-2.13
7.62,29.19,2,1,1,0,1.5,-6.58
13.59,38.85,3,2,1,1,2.5,0.13
5.04,34.79,2,4,1,0,3.0,4.22
9.18,20.99,3,1,1,0,2.0,-3.09
4.13,13.09,2,1,1,0,1.5,-4.03
13.14,23.31,1,2,1,1,1.5,-0.81
9.02,6.76,3,1,1,0,2.0,-3.33
8.43,31.93,1,1,1,0,1.0,16.88
13.28,48.36,1,4,1,1,2.5,16.59
14.36,30.18,1,1,1,1,1.0,15.82
6.03,14.64,1,2,1,0,1.5,7.49
10.01,30.73,2,2,1,1,2.0,8.29
10.62,40.83,3,1,1,1,2.0,-6.13
12.42,16.77,2,2,1,1,2.0,-3.65
5.02,41.58,1,1,1,0,1.0,-5.89
5.46,5.65,3,4,1,0,3.5,2.22
12.91,22.53,2,2,1,1,2.0,19.3
9.64,20.98,2,4,1,0,3.0,13.08
3.54,39.6,3,1,1,0,2.0,-8.6
9.34,39.19,1,2,1,0,1.5,-5.22
10.93,18.49,1,1,1,1,1.0,13.99
8.95,27.0,3,1,1,0,2.0,3.01
7.17,12.86,2,1,1,0,1.5,4.17
12.42,44.37,1,1,1,1,1.0,6.98
13.04,34.06,3,4,1,1,3.5,9.55
4.3,23.35,1,1,1,0,1.0,2.24
8.58,36.84,3,4,1,0,3.5,16.34
8.86,45.19,3,4,1,0,3.5,4.39
6.38,47.55,2,4,1,0,3.0,0.37
3.96,25.72,3,1,1,0,2.0,-0.42
9.76,16.46,3,2,1,0,2.5,-8.06
4.86,23.64,3,4,1,0,3.5,7.92
6.3,28.4,1,1,1,0,1.0,9.03
3.04,23.99,2,1,1,0,1.5,9.2
3.03,40.27,3,4,1,0,3.5,17.15
13.21,19.13,2,1,1,1,1.5,-6.09
3.67,6.87,2,1,1,0,1.5,7.1
7.19,30.74,2,1,1,0,1.5,-8.62
9.64,45.26,3,2,1,0,2.5,0.06
6.94,49.49,1,2,1,0,1.5,3.83
10.63,30.73,3,1,1,1,2.0,19.63
12.43,38.77,3,4,1,1,3.5,18.33
14.67,17.48,2,2,1,1,2.0,6.33
13.28,17.44,2,1,1,1,1.5,18.8
7.44,24.03,3,4,1,0,3.5,-5.9
7.91,28.11,2,1,1,0,1.5,-7.22
4.3,29.12,3,4,1,0,3.5,10.83
12.0,23.09,1,4,1,1,2.5,0.99
4.72,46.99,2,4,1,0,3.0,3.14
3.19,18.97,2,2,1,0,2.0,6.48
7.55,35.46,3,4,1,0,3.5,17.94
5.36,43.03,3,4,1,0,3.5,-7.14
10.42,27.06,2,1,1,1,1.5,12.78
2.38,45.92,3,4,1,0,3.5,2.41
2.72,16.69,2,2,1,0,2.0,1.86
7.16,45.48,2,4,1,0,3.0,6.12
7.36,38.47,1,1,1,0,1.0,9.48
8.62,10.92,3,1,1,0,2.0,17.06
5.2,34.27,1,4,1,0,2.5,-1.67
5.96,28.37,1,4,1,0,2.5,18.15
6.31,36.91,1,1,1,0,1.0,0.37
7.04,29.5,3,1,1,0,2.0,-2.33
3.15,37.24,2,2,1,0,2.0,-0.01
11.25,21.01,1,1,1,1,1.0,11.94
5.1,22.79,1,1,1,0,1.0,-6.25
5.35,16.33,1,1,1,0,1.0,9.75
3.85,11.43,2,2,1,0,2.0,15.86
8.38,36.91,2,2,1,0,2.0,-6.26
3.78,7.79,2,4,1,0,3.0,13.57
3.36,32.03,3,2,1,0,2.5,-7.07
11.22,6.25,3,1,1,1,2.0,-9.66
9.79,49.91,1,1,1,0,1.0,-0.49
6.72,11.02,2,4,1,0,3.0,15.87
13.72,42.89,1,4,1,1,2.5,17.57
4.99,20.46,1,2,1,0,1.5,4.16
3.02,39.45,2,1,1,0,1.5,11.49
5.48,10.07,2,1,1,0,1.5,5.65
7.33,34.21,3,4,1,0,3.5,18.53
4.72,29.3,1,2,1,0,1.5,-5.42
12.69,33.12,3,4,1,1,3.5,2.55
12.48,43.68,1,4,1,1,2.5,5.73
8.89,30.45,2,1,1,0,1.5,16.38
2.34,22.76,1,2,1,0,1.5,16.32
6.88,37.14,3,2,1,0,2.5,17.88
5.34,49.13,1,4,1,0,2.5,19.36
4.79,30.75,3,1,1,0,2.0,18.37
11.13,12.53,1,1,1,1,1.0,15.84
4.76,26.29,1,1,1,0,1.0,-2.81
9.27,35.14,3,4,1,0,3.5,19.88
5.97,33.15,2,4,1,0,3.0,3.99
5.45,24.18,2,1,1,0,1.5,5.78
11.22,44.05,3,2,1,1,2.5,3.9
10.91,41.57,2,2,1,1,2.0,-2.27
7.34,47.31,2,4,1,0,3.0,10.76
8.57,38.47,2,4,1,0,3.0,19.26
13.77,22.55,2,4,1,1,3.0,17.78
13.88,44.93,3,4,1,1,3.5,-6.5
11.03,24.1,2,2,1,1,2.0,0.84
4.73,18.8,1,2,1,0,1.5,12.19
6.32,36.06,3,2,1,0,2.5,8.07
5.04,49.94,3,4,1,0,3.5,11.33
9.5,20.78,1,1,1,0,1.0,1.28
13.14,28.64,3,2,1,1,2.5,1.35
6.91,39.54,2,2,1,0,2.0,4.74
4.64,35.27,3,1,1,0,2.0,3.11
2.7,16.73,2,1,1,0,1.5,5.37
7.79,21.28,2,4,1,0,3.0,12.81
7.45,48.07,3,2,1,0,2.5,-6.39
5.48,19.89,1,1,1,0,1.0,19.71
14.4,33.23,2,4,1,1,3.0,-4.14
10.25,17.98,2,2,1,1,2.0,4.3
11.66,37.47,3,4,1,1,3.5,15.85
11.57,34.73,2,2,1,1,2.0,-4.94
14.25,45.24,2,1,1,1,1.5,9.98
11.01,25.95,2,2,1,1,2.0,-9.28
10.31,36.48,2,4,1,1,3.0,-5.36
7.04,23.0,2,2,1,0,2.0,1.04
11.76,34.99,1,4,1,1,2.5,-1.41
10.02,36.17,2,1,1,1,1.5,-0.27
8.39,41.08,1,4,1,0,2.5,14.89
14.83,25.62,1,2,1,1,1.5,2.71
8.48,10.17,2,4,1,0,3.0,14.33
12.71,47.48,1,4,1,1,2.5,14.05
6.58,44.21,3,2,1,0,2.5,6.6
4.97,31.95,2,4,1,0,3.0,-7.66
7.55,10.69,2,4,1,0,3.0,-0.46
10.1,22.73,3,1,1,1,2.0,-5.78
12.71,16.85,2,4,1,1,3.0,-1.12
2.1,28.63,1,4,1,0,2.5,-4.71
12.76,49.09,1,4,1,1,2.5,3.58
7.48,45.21,2,1,1,0,1.5,12.0
4.93,49.75,2,2,1,0,2.0,-2.03
4.43,6.2,1,1,1,0,1.0,0.26
6.12,26.84,2,4,1,0,3.0,-3.99
8.66,41.33,2,4,1,0,3.0,-2.25
3.23,5.78,1,1,1,0,1.0,6.17
10.89,6.13,3,1,1,1,2.0,6.07
3.6,14.09,1,2,1,0,1.5,-1.33
6.85,7.43,3,4,1,0,3.5,9.54
8.76,5.16,3,4,1,0,3.5,-9.42
7.07,27.48,2,2,1,0,2.0,-1.32
13.08,13.6,1,1,1,1,1.0,-3.1
9.98,49.48,2,4,1,0,3.0,9.72
10.79,6.76,1,1,1,1,1.0,6.89
9.59,22.46,2,4,1,0,3.0,-1.65
8.28,42.98,1,2,1,0,1.5,15.46
14.86,29.69,3,2,1,1,2.5,1.29
9.56,20.3,1,2,1,0,1.5,-7.73
6.63,12.85,1,1,1,0,1.0,15.67
7.81,27.84,1,1,1,0,1.0,-9.51
4.09,5.26,3,1,1,0,2.0,-7.05
13.89,15.31,2,4,1,1,3.0,11.9
14.81,30.42,2,1,1,1,1.5,-1.82
2.71,38.04,1,2,1,0,1.5,-1.14
12.07,42.19,2,4,1,1,3.0,14.2
14.72,5.13,1,4,1,1,2.5,-5.44
13.59,32.13,1,2,1,1,1.5,-1.99
7.47,12.22,1,1,1,0,1.0,-9.38
4.3,40.18,1,4,1,0,2.5,-1.86
14.07,17.73,1,1,1,1,1.0,-9.14
4.71,36.09,1,1,1,0,1.0,6.89
3.7,47.47,2,1,1,0,1.5,-5.23
2.95,48.15,3,2,1,0,2.5,-6.02
4.71,6.28,2,4,1,0,3.0,-0.88
8.63,43.2,1,4,1,0,2.5,-8.03
12.69,11.32,2,4,1,1,3.0,3.22
6.14,9.15,1,1,1,0,1.0,9.59
5.14,22.33,2,2,1,0,2.0,6.49
12.41,24.02,3,4,1,1,3.5,-0.05
11.7,37.35,1,2,1,1,1.5,18.9
8.48,19.41,2,1,1,0,1.5,16.89
3.3,9.34,3,4,1,0,3.5,9.52
6.15,40.54,3,4,1,0,3.5,-6.01
14.73,12.53,2,1,1,1,1.5,11.63
3.84,13.84,1,2,1,0,1.5,15.05
4.39,7.69,3,1,1,0,2.0,9.31
9.28,45.35,3,4,1,0,3.5,17.9
2.82,7.41,3,2,1,0,2.5,-7.61
12.94,49.72,1,1,1,1,1.0,-9.77
4.07,26.29,2,1,1,0,1.5,3.81
4.83,47.1,3,4,1,0,3.5,1.71
14.2,43.63,3,4,1,1,3.5,-8.12
2.94,28.61,2,2,1,0,2.0,-0.97
10.87,45.97,3,1,1,1,2.0,12.14
13.4,14.07,1,2,1,1,1.5,16.7
3.95,40.75,1,1,1,0,1.0,11.42
10.59,22.27,1,2,1,1,1.5,7.11
13.38,37.77,2,2,1,1,2.0,4.59
3.67,40.3,3,1,1,0,2.0,15.03
3.33,34.31,3,2,1,0,2.5,-1.24
12.61,46.64,3,4,1,1,3.5,7.37
4.0,15.96,1,4,1,0,2.5,0.24
14.85,45.17,3,1,1,1,2.0,7.6
5.25,45.47,2,2,1,0,2.0,0.21
5.57,12.32,3,2,1,0,2.5,-2.82
13.65,33.86,1,4,1,1,2.5,5.57
14.53,6.04,3,1,1,1,2.0,6.39
9.49,17.77,2,4,1,0,3.0,11.89
14.58,9.06,2,1,1,1,1.5,3.99
14.5,27.35,1,1,1,1,1.0,9.78
13.27,33.55,3,4,1,1,3.5,7.62
5.31,21.8,1,2,1,0,1.5,14.03
5.11,16.68,2,2,1,0,2.0,-0.33
5.87,6.94,3,4,1,0,3.5,7.61
9.27,14.25,2,1,1,0,1.5,-5.7
11.67,35.67,1,2,1,1,1.5,-1.83
5.77,20.62,2,4,1,0,3.0,-8.39
12.94,38.82,3,2,1,1,2.5,14.16
11.43,45.92,2,1,1,1,1.5,-9.79
3.95,10.41,3,1,1,0,2.0,7.02
7.47,23.61,2,2,1,0,2.0,8.67
11.68,11.65,1,1,1,1,1.0,6.4
8.16,19.64,1,4,1,0,2.5,3.17
9.52,23.34,2,2,1,0,2.0,-0.72
2.75,35.19,1,4,1,0,2.5,2.71
5.0,42.38,3,1,1,0,2.0,-2.55
5.8,45.21,1,2,1,0,1.5,18.1
2.18,22.95,2,1,1,0,1.5,-2.04
8.17,26.41,3,2,1,0,2.5,-9.97
13.45,7.39,3,4,1,1,3.5,18.15
13.72,21.25,2,2,1,1,2.0,19.03
12.0,46.96,3,4,1,1,3.5,-0.73
2.03,47.98,3,4,1,0,3.5,9.96
2.14,41.02,2,2,1,0,2.0,15.46
12.87,46.41,2,4,1,1,3.0,7.56
8.69,6.22,2,4,1,0,3.0,2.18
11.36,46.47,1,1,1,1,1.0,18.93
7.54,30.61,2,2,1,0,2.0,10.96
13.84,48.78,3,1,1,1,2.0,-1.55
5.13,28.39,3,1,1,0,2.0,6.94
7.55,27.51,2,1,1,0,1.5,-9.62
12.93,49.38,3,2,1,1,2.5,9.65
9.29,43.46,2,4,1,0,3.0,10.54
4.62,11.96,1,2,1,0,1.5,0.43
13.52,18.57,2,4,1,1,3.0,-6.57
8.89,24.07,2,1,1,0,1.5,-8.17
11.9,36.01,1,1,1,1,1.0,-0.74
11.05,33.04,3,1,1,1,2.0,12.3
11.61,29.73,3,1,1,1,2.0,1.74
5.93,37.14,1,1,1,0,1.0,3.25
6.5,20.87,3,1,1,0,2.0,-7.12
3.48,5.31,2,2,1,0,2.0,5.73
4.49,8.05,2,1,1,0,1.5,8.06
4.57,37.9,3,1,1,0,2.0,8.44
4.53,9.67,3,1,1,0,2.0,-9.63
3.29,8.91,1,4,1,0,2.5,-2.32
14.98,13.32,2,2,1,1,2.0,15.95
14.76,29.26,3,1,1,1,2.0,-0.78
10.32,37.34,1,2,1,1,1.5,-0.57
3.54,49.79,1,1,1,0,1.0,12.46
12.79,5.72,3,1,1,1,2.0,3.93
8.62,42.87,2,1,1,0,1.5,-3.73
6.18,16.7,1,1,1,0,1.0,13.4
14.07,35.7,2,2,1,1,2.0,16.95
14.4,22.3,2,4,1,1,3.0,4.52
12.3,43.81,3,1,1,1,2.0,-1.2
14.0,42.72,3,1,1,1,2.0,-1.86
3.82,32.48,3,4,1,0,3.5,5.52
2.23,49.66,1,2,1,0,1.5,-3.53
10.5,23.64,2,2,1,1,2.0,-3.13
9.14,38.65,1,1,1,0,1.0,-4.51
5.23,39.01,1,1,1,0,1.0,1.48
10.22,23.44,2,1,1,1,1.5,-4.16
3.19,31.82,1,4,1,0,2.5,11.58
7.9,32.4,3,1,1,0,2.0,11.89
8.91,44.74,3,4,1,0,3.5,9.87
5.25,9.42,2,4,1,0,3.0,12.1
6.65,42.26,3,4,1,0,3.5,-2.86
3.86,26.48,3,4,1,0,3.5,11.04
5.9,15.13,2,1,1,0,1.5,8.9
2.05,7.52,1,4,1,0,2.5,14.58
9.23,29.76,3,1,1,0,2.0,4.78
5.02,11.22,3,4,1,0,3.5,10.96
3.5,44.4,3,2,1,0,2.5,-4.08
4.3,46.15,1,4,1,0,2.5,3.24
11.49,34.96,2,1,1,1,1.5,-6.76
5.91,15.67,2,2,1,0,2.0,-7.18
7.68,16.72,1,2,1,0,1.5,4.82
7.95,5.61,2,1,1,0,1.5,15.99
10.18,35.48,2,1,1,1,1.5,-4.11
7.29,16.62,3,1,1,0,2.0,-5.55
4.56,9.22,1,4,1,0,2.5,-9.64
13.54,28.96,2,4,1,1,3.0,4.37
12.49,6.52,1,1,1,1,1.0,-4.86
3.78,12.22,1,1,1,0,1.0,-5.7
13.22,41.45,1,1,1,1,1.0,16.12
14.56,16.33,2,1,1,1,1.5,-3.7
5.52,15.76,3,1,1,0,2.0,4.43
11.77,19.17,2,4,1,1,3.0,-8.63
13.31,32.51,2,2,1,1,2.0,3.99
13.62,21.84,3,2,1,1,2.5,6.31
6.58,17.96,1,1,1,0,1.0,-5.72
11.24,46.12,2,2,1,1,2.0,7.19
11.56,12.0,2,4,1,1,3.0,6.26
2.66,17.1,1,2,1,0,1.5,1.36
4.35,39.92,3,2,1,0,2.5,12.87
9.42,49.2,2,2,1,0,2.0,18.66
14.16,13.95,2,1,1,1,1.5,-7.51
9.77,18.31,1,4,1,0,2.5,-6.58
2.35,14.4,2,1,1,0,1.5,6.68
11.23,20.74,2,2,1,1,2.0,19.77
6.83,10.18,2,2,1,0,2.0,9.26
7.43,14.69,1,4,1,0,2.5,16.83
14.51,14.85,1,2,1,1,1.5,-3.93
3.93,41.15,1,2,1,0,1.5,9.88
13.82,15.52,3,2,1,1,2.5,0.09
4.93,49.68,2,4,1,0,3.0,8.31
9.47,8.41,3,1,1,0,2.0,-0.78
13.86,31.85,1,1,1,1,1.0,15.4
3.37,25.38,2,4,1,0,3.0,0.36
12.5,11.07,3,4,1,1,3.5,6.27
6.57,23.59,2,1,1,0,1.5,-5.15
4.11,45.77,3,4,1,0,3.5,-6.57
5.88,42.27,1,4,1,0,2.5,11.31
12.83,49.22,2,2,1,1,2.0,-2.61
9.79,36.5,3,2,1,0,2.5,-3.5
10.74,16.64,3,1,1,1,2.0,6.55
11.39,16.24,1,2,1,1,1.5,-5.59
10.75,9.13,3,2,1,1,2.5,18.5
14.53,33.93,1,2,1,1,1.5,15.74
4.78,10.76,2,2,1,0,2.0,8.55
9.81,12.51,1,2,1,0,1.5,-6.43
8.11,16.7,1,2,1,0,1.5,-7.75
7.24,40.4,2,2,1,0,2.0,17.66
3.61,36.15,1,4,1,0,2.5,19.43
11.35,20.42,2,4,1,1,3.0,2.77
5.67,15.36,3,4,1,0,3.5,12.65
14.47,18.33,2,4,1,1,3.0,12.76
5.12,36.43,3,4,1,0,3.5,19.01
4.18,38.37,2,4,1,0,3.0,18.08
2.03,42.39,3,1,1,0,2.0,11.02
14.53,35.75,2,4,1,1,3.0,-0.67
12.27,31.56,2,4,1,1,3.0,11.61
8.21,10.57,2,1,1,0,1.5,18.87
14.51,26.34,1,2,1,1,1.5,-3.41
8.24,45.84,2,4,1,0,3.0,1.71
3.99,6.17,3,4,1,0,3.5,11.73
6.6,43.08,2,1,1,0,1.5,-6.39
13.49,40.93,3,4,1,1,3.5,10.68
4.93,18.84,1,4,1,0,2.5,11.13
5.73,5.66,1,1,1,0,1.0,9.22
4.96,29.52,1,2,1,0,1.5,8.05
13.87,19.56,2,4,1,1,3.0,-1.76
5.91,15.33,3,1,1,0,2.0,-7.69
12.45,19.91,3,1,1,1,2.0,-3.05
10.99,15.85,2,2,1,1,2.0,1.26
9.36,40.81,1,4,1,0,2.5,10.12
14.43,19.01,1,1,1,1,1.0,-5.1
12.87,31.27,2,1,1,1,1.5,-9.71
9.26,44.58,3,2,1,0,2.5,-6.14
10.49,41.07,3,4,1,1,3.5,-6.22
14.48,31.36,2,1,1,1,1.5,0.91
3.1,34.29,1,2,1,0,1.5,8.16
12.33,33.57,2,1,1,1,1.5,8.03
2.31,9.42,3,1,1,0,2.0,5.21
2.81,32.38,3,1,1,0,2.0,-1.15
8.24,39.4,1,1,1,0,1.0,14.26
11.91,12.26,1,1,1,1,1.0,16.03
8.33,35.37,1,4,1,0,2.5,7.96
4.25,15.36,3,1,1,0,2.0,9.98
7.77,20.63,2,2,1,0,2.0,8.48
11.66,38.47,2,1,1,1,1.5,15.72
14.04,22.06,3,4,1,1,3.5,10.37
4.08,44.98,1,2,1,0,1.5,-9.49
9.89,13.07,2,4,1,0,3.0,-6.93
10.66,14.99,3,4,1,1,3.5,-1.62
13.56,11.24,1,1,1,1,1.0,-0.34
5.01,14.47,3,2,1,0,2.5,7.94
12.59,25.7,2,4,1,1,3.0,14.85
4.05,33.33,2,2,1,0,2.0,19.04
10.89,41.14,3,2,1,1,2.5,12.8
13.85,24.38,2,4,1,1,3.0,1.05
8.81,35.12,3,4,1,0,3.5,19.59
13.31,25.22,2,1,1,1,1.5,-9.86
12.23,10.62,1,4,1,1,2.5,12.1
4.61,10.13,1,4,1,0,2.5,8.08
2.62,28.88,3,4,1,0,3.5,-0.59
4.23,30.25,1,4,1,0,2.5,-3.45
12.84,18.04,2,1,1,1,1.5,7.78
13.62,44.99,2,1,1,1,1.5,17.35
8.25,8.02,3,4,1,0,3.5,18.67
13.03,41.44,1,1,1,1,1.0,14.45
10.09,39.48,3,4,1,1,3.5,-1.89
4.09,20.11,1,4,1,0,2.5,10.16
14.98,48.04,3,2,1,1,2.5,10.99
13.51,43.3,1,2,1,1,1.5,9.95
3.24,19.37,2,2,1,0,2.0,-1.45
10.72,23.39,2,1,1,1,1.5,-0.59
12.08,48.96,2,2,1,1,2.0,2.22
13.68,41.98,1,2,1,1,1.5,-3.96
5.28,12.51,1,2,1,0,1.5,-0.06
7.01,40.55,2,2,1,0,2.0,-0.05
6.36,23.21,3,1,1,0,2.0,16.71
12.96,28.61,2,2,1,1,2.0,12.09
12.69,45.67,3,2,1,1,2.5,12.1
13.57,24.44,1,2,1,1,1.5,18.21
3.75,35.75,1,2,1,0,1.5,3.88
6.91,28.48,2,4,1,0,3.0,-4.68
11.48,32.55,1,2,1,1,1.5,4.06
7.57,8.87,1,4,1,0,2.5,9.86
12.33,39.93,2,2,1,1,2.0,11.66
14.07,27.62,3,2,1,1,2.5,18.52
8.32,39.67,2,4,1,0,3.0,5.57
12.81,33.19,2,4,1,1,3.0,10.81
11.72,41.78,3,1,1,1,2.0,10.56
4.08,46.86,2,1,1,0,1.5,-6.58
4.71,14.54,2,4,1,0,3.0,16.71
12.06,49.12,2,2,1,1,2.0,7.47
10.06,46.63,3,4,1,1,3.5,17.17
6.25,6.31,1,2,1,0,1.5,17.99
10.03,47.96,2,1,1,1,1.5,-7.61
7.51,35.16,2,4,1,0,3.0,14.5
10.18,39.28,3,2,1,1,2.5,0.47
6.66,28.85,3,4,1,0,3.5,-6.02
8.76,7.08,3,4,1,0,3.5,6.4
5.07,22.9,3,1,1,0,2.0,-3.32
13.27,17.31,3,4,1,1,3.5,11.05
8.7,46.39,3,4,1,0,3.5,16.47
8.67,33.49,2,1,1,0,1.5,15.54
7.57,47.4,2,2,1,0,2.0,18.34
3.54,38.67,1,2,1,0,1.5,7.28
10.74,43.19,2,1,1,1,1.5,13.71
7.13,39.33,3,4,1,0,3.5,-3.62
3.97,32.79,3,2,1,0,2.5,-9.02
13.69,17.12,1,4,1,1,2.5,5.34
2.84,10.75,2,4,1,0,3.0,19.36
9.23,25.98,2,1,1,0,1.5,-0.33
2.18,15.33,2,1,1,0,1.5,-5.92
6.41,33.77,2,4,1,0,3.0,17.43
3.88,29.58,3,4,1,0,3.5,16.6
9.72,29.53,3,2,1,0,2.5,1.0
13.3,37.84,2,4,1,1,3.0,4.57
9.05,29.68,1,1,1,0,1.0,-7.24
14.65,28.52,1,1,1,1,1.0,0.03
14.7,24.29,1,2,1,1,1.5,8.39
7.17,18.62,2,4,1,0,3.0,12.97
11.22,34.42,1,2,1,1,1.5,7.25
9.55,31.24,3,1,1,0,2.0,-4.27
6.28,24.13,1,2,1,0,1.5,15.21
4.12,48.98,1,1,1,0,1.0,19.82
11.04,20.25,2,1,1,1,1.5,-6.44
10.24,20.88,3,1,1,1,2.0,12.52
14.17,9.1,1,1,1,1,1.0,-7.83
14.18,18.6,3,2,1,1,2.5,4.64
7.3,31.16,2,2,1,0,2.0,0.5
7.72,13.53,1,1,1,0,1.0,15.97
4.95,30.03,2,4,1,0,3.0,-1.5
7.6,8.75,2,4,1,0,3.0,-3.44
12.01,24.4,3,4,1,1,3.5,-5.1
5.02,24.56,2,4,1,0,3.0,-9.18
5.57,5.8,3,4,1,0,3.5,12.29
8.6,49.97,2,1,1,0,1.5,19.66
12.84,5.69,3,4,1,1,3.5,9.73
3.37,5.78,3,4,1,0,3.5,0.75
7.0,11.56,2,1,1,0,1.5,7.14
10.26,40.62,2,1,1,1,1.5,12.32
13.83,22.86,3,1,1,1,2.0,17.21
4.57,45.4,1,2,1,0,1.5,4.44
2.76,25.32,3,4,1,0,3.5,1.86
3.57,6.8,3,4,1,0,3.5,16.12
7.16,16.27,3,2,1,0,2.5,-7.76
7.73,9.97,2,1,1,0,1.5,-2.25
14.21,46.75,3,1,1,1,2.0,-5.76
6.75,9.3,2,1,1,0,1.5,-9.9
5.01,45.11,1,4,1,0,2.5,-6.39
8.19,30.59,1,1,1,0,1.0,-9.98
13.61,10.93,1,1,1,1,1.0,13.83
11.36,12.1,2,2,1,1,2.0,6.52
13.29,23.13,3,1,1,1,2.0,5.86
14.23,15.83,1,4,1,1,2.5,10.91
10.52,29.9,2,4,1,1,3.0,-8.47
4.36,17.11,2,4,1,0,3.0,-6.72
12.15,41.25,1,2,1,1,1.5,16.73
13.0,43.46,3,2,1,1,2.5,-1.03
14.82,26.82,3,1,1,1,2.0,-3.06
7.07,19.35,2,1,1,0,1.5,10.86
4.05,45.32,3,1,1,0,2.0,2.72
3.06,45.9,3,2,1,0,2.5,-7.76
4.09,22.15,2,1,1,0,1.5,-6.65
9.5,38.87,2,4,1,0,3.0,13.76
3.34,23.39,1,4,1,0,2.5,6.95
11.87,6.55,1,4,1,1,2.5,15.83
7.69,28.82,3,4,1,0,3.5,-1.93
12.01,35.95,1,4,1,1,2.5,19.37
8.17,13.55,1,2,1,0,1.5,3.74
10.08,37.46,3,4,1,1,3.5,5.8
8.04,11.56,2,1,1,0,1.5,16.3
9.44,42.52,1,2,1,0,1.5,19.32
9.31,39.15,2,1,1,0,1.5,-9.24
2.01,29.16,2,4,1,0,3.0,5.98
6.09,8.32,1,1,1,0,1.0,-7.99
7.93,32.93,3,4,1,0,3.5,-5.44
5.07,48.7,3,2,1,0,2.5,11.61
13.77,38.91,1,4,1,1,2.5,-4.78
14.93,25.99,1,2,1,1,1.5,-2.45
12.1,8.34,2,4,1,1,3.0,-5.41
9.34,37.94,3,4,1,0,3.5,16.64
10.65,38.26,2,4,1,1,3.0,-9.64
10.85,13.3,2,2,1,1,2.0,13.23
12.22,23.37,1,2,1,1,1.5,2.47
14.73,19.73,2,2,1,1,2.0,-3.08
2.85,23.44,1,1,1,0,1.0,19.57
10.29,25.2,2,1,1,1,1.5,16.96
9.04,32.63,3,2,1,0,2.5,6.17
5.57,43.69,3,4,1,0,3.5,15.54
2.25,41.81,2,1,1,0,1.5,18.25
4.09,26.54,2,2,1,0,2.0,0.59
14.37,14.66,1,1,1,1,1.0,15.33
3.73,45.16,1,2,1,0,1.5,-1.51
10.45,28.26,2,2,1,1,2.0,-6.01
14.27,32.48,2,2,1,1,2.0,3.95
14.6,22.09,3,2,1,1,2.5,-5.07
5.45,23.52,1,2,1,0,1.5,-6.87
13.63,45.49,3,4,1,1,3.5,-9.76
3.48,24.87,2,4,1,0,3.0,1.13
10.93,21.26,3,1,1,1,2.0,-1.96
5.68,18.18,2,1,1,0,1.5,-2.84
7.0,6.99,3,4,1,0,3.5,12.58
2.96,43.62,1,1,1,0,1.0,13.66
9.39,33.3,3,2,1,0,2.5,-0.33
12.4,38.88,3,1,1,1,2.0,3.88
9.65,40.61,2,2,1,0,2.0,-4.64
14.08,41.79,2,1,1,1,1.5,16.83
3.64,21.77,2,4,1,0,3.0,14.26
7.82,29.54,1,1,1,0,1.0,9.99
5.13,40.92,1,2,1,0,1.5,-4.72
10.53,23.3,2,1,1,1,1.5,2.79
12.54,9.82,3,4,1,1,3.5,1.38
8.75,16.89,2,4,1,0,3.0,12.83
13.77,34.57,3,1,1,1,2.0,12.23
12.89,40.18,1,2,1,1,1.5,12.51
10.32,14.79,1,1,1,1,1.0,-5.92
13.34,40.46,3,1,1,1,2.0,12.45
7.07,21.87,1,4,1,0,2.5,18.89
10.26,38.87,2,1,1,1,1.5,-0.38
8.18,27.81,1,4,1,0,2.5,0.18
11.21,9.42,2,4,1,1,3.0,1.83
13.68,30.9,1,4,1,1,2.5,-9.7
4.38,5.89,3,1,1,0,2.0,3.28
4.27,15.67,2,1,1,0,1.5,6.02
12.29,13.72,3,4,1,1,3.5,16.67
12.86,23.24,1,1,1,1,1.0,0.22
5.48,6.47,1,2,1,0,1.5,-6.2
10.76,42.67,1,1,1,1,1.0,16.14
3.18,40.05,2,2,1,0,2.0,-8.26
3.79,30.26,2,4,1,0,3.0,-7.22
11.37,15.47,2,1,1,1,1.5,17.96
5.17,34.37,1,4,1,0,2.5,11.23
2.13,49.41,2,1,1,0,1.5,-6.45
7.94,43.17,1,2,1,0,1.5,15.96
7.26,29.98,3,2,1,0,2.5,10.06
9.34,44.18,1,1,1,0,1.0,15.68
12.11,49.23,1,2,1,1,1.5,14.87
11.92,16.04,3,1,1,1,2.0,15.7
8.03,28.53,1,1,1,0,1.0,9.05
13.01,27.83,2,1,1,1,1.5,4.74
10.39,9.57,1,2,1,1,1.5,15.53
3.72,40.77,3,1,1,0,2.0,3.9
4.27,23.75,3,4,1,0,3.5,15.87
13.17,24.09,1,2,1,1,1.5,2.9
14.89,38.78,2,1,1,1,1.5,-0.63
13.72,46.79,3,2,1,1,2.5,-4.96
3.41,19.14,2,4,1,0,3.0,1.86
14.17,17.59,1,1,1,1,1.0,0.78
13.02,41.63,3,4,1,1,3.5,-5.45
8.94,28.54,2,1,1,0,1.5,-0.86
9.87,8.27,1,4,1,0,2.5,19.59
13.95,28.98,1,2,1,1,1.5,5.5
6.98,26.77,1,4,1,0,2.5,0.26
3.3,34.94,2,1,1,0,1.5,-6.41
5.11,40.64,3,4,1,0,3.5,0.79
7.78,10.25,1,2,1,0,1.5,11.21
11.72,10.23,1,4,1,1,2.5,-1.04
6.86,6.76,2,1,1,0,1.5,-5.65
6.67,32.59,1,4,1,0,2.5,6.75
9.7,35.37,1,1,1,0,1.0,-2.23
5.89,26.36,2,2,1,0,2.0,5.15
11.85,38.23,2,1,1,1,1.5,2.27
8.82,6.36,1,2,1,0,1.5,-2.42
5.03,15.4,2,1,1,0,1.5,1.94
10.32,6.16,2,2,1,1,2.0,-4.87
14.53,25.58,3,1,1,1,2.0,6.69
8.99,42.75,3,1,1,0,2.0,19.9
12.15,32.32,3,4,1,1,3.5,13.94
5.17,27.82,3,2,1,0,2.5,6.55
2.77,33.52,3,4,1,0,3.5,4.59
10.2,18.49,1,2,1,1,1.5,2.49
10.3,34.6,1,4,1,1,2.5,10.31
7.61,15.89,1,4,1,0,2.5,5.81
4.86,21.2,3,4,1,0,3.5,17.96
13.5,34.97,2,1,1,1,1.5,8.77
2.89,7.07,1,4,1,0,2.5,-2.45
7.56,36.41,3,2,1,0,2.5,-7.08
4.21,19.4,3,2,1,0,2.5,1.94
2.9,7.74,2,2,1,0,2.0,-6.22
6.18,17.21,2,1,1,0,1.5,5.52
5.04,49.51,1,4,1,0,2.5,1.57
5.89,48.85,2,2,1,0,2.0,10.31
8.98,30.87,2,4,1,0,3.0,19.34
6.12,22.28,2,1,1,0,1.5,6.53
4.41,24.56,2,4,1,0,3.0,-8.16
10.77,28.01,1,2,1,1,1.5,5.87
9.65,29.82,2,4,1,0,3.0,-6.96
9.54,12.5,1,4,1,0,2.5,-4.84
3.35,25.67,1,2,1,0,1.5,19.63
4.33,14.06,3,4,1,0,3.5,1.82
9.38,45.15,3,2,1,0,2.5,-8.56
11.59,34.41,3,1,1,1,2.0,2.33
6.73,42.7,3,2,1,0,2.5,-3.63
4.95,25.84,1,2,1,0,1.5,-0.65
12.09,9.83,3,2,1,1,2.5,-7.9
5.24,15.33,2,4,1,0,3.0,-1.21
9.91,10.11,3,4,1,0,3.5,8.99
3.59,21.53,1,4,1,0,2.5,17.91
6.34,40.99,1,1,1,0,1.0,3.54
2.2,27.96,3,1,1,0,2.0,13.05
9.15,43.07,3,2,1,0,2.5,17.52
4.22,14.75,1,2,1,0,1.5,-7.28
10.39,21.04,3,2,1,1,2.5,4.39
2.05,28.3,1,1,1,0,1.0,10.48
4.63,22.3,3,2,1,0,2.5,17.06
14.54,34.92,2,1,1,1,1.5,-4.14
6.69,40.84,2,4,1,0,3.0,17.25
2.02,34.46,2,1,1,0,1.5,-0.79
8.2,14.45,3,2,1,0,2.5,-2.82
8.59,40.21,2,2,1,0,2.0,14.73
4.97,32.46,3,4,1,0,3.5,13.78
9.31,31.99,3,1,1,0,2.0,-9.78
7.41,27.37,2,2,1,0,2.0,15.04
12.37,15.98,2,1,1,1,1.5,-7.68
10.73,14.8,2,2,1,1,2.0,13.28
13.12,12.42,3,1,1,1,2.0,0.32
4.67,47.56,2,1,1,0,1.5,8.25
10.11,17.77,2,4,1,1,3.0,6.6
9.03,21.25,2,2,1,0,2.0,1.84
2.39,12.67,2,1,1,0,1.5,13.76
14.11,14.79,2,1,1,1,1.5,8.53
9.99,8.94,1,4,1,0,2.5,-7.68
11.3,33.05,2,2,1,1,2.0,-7.79
7.4,23.93,3,1,1,0,2.0,-5.56
13.32,34.8,3,1,1,1,2.0,3.05
9.45,33.1,2,4,1,0,3.0,-5.56
4.84,21.51,3,2,1,0,2.5,13.72
3.37,8.4,2,4,1,0,3.0,19.47
11.54,35.8,2,4,1,1,3.0,11.31
5.1,48.4,3,2,1,0,2.5,4.08
7.54,44.58,1,1,1,0,1.0,17.22
2.35,24.65,1,2,1,0,1.5,2.82
5.21,5.05,3,2,1,0,2.5,5.72
8.05,42.98,2,4,1,0,3.0,1.34
2.96,24.26,3,4,1,0,3.5,1.94
10.57,22.92,2,4,1,1,3.0,11.71
3.18,33.26,1,4,1,0,2.5,-1.93
3.36,14.0,3,2,1,0,2.5,15.57
3.12,48.57,3,2,1,0,2.5,-8.94
13.85,46.8,2,4,1,1,3.0,-5.98
4.06,15.53,3,1,1,0,2.0,1.59
5.52,43.97,3,2,1,0,2.5,14.22
8.64,45.73,2,4,1,0,3.0,4.98
5.45,46.09,3,4,1,0,3.5,-6.81
9.11,45.15,1,4,1,0,2.5,19.87
2.41,45.11,2,1,1,0,1.5,9.6
4.03,14.83,2,1,1,0,1.5,9.29
14.53,17.88,2,2,1,1,2.0,3.31
11.37,11.05,2,4,1,1,3.0,13.5
5.57,14.25,3,4,1,0,3.5,10.95
10.73,16.41,1,1,1,1,1.0,-0.18
2.52,33.19,2,1,1,0,1.5,11.17
10.84,26.06,1,1,1,1,1.0,-6.73
8.64,16.19,2,1,1,0,1.5,6.18
5.66,13.51,3,2,1,0,2.5,11.57
10.44,17.28,1,4,1,1,2.5,-6.47
8.54,9.2,3,2,1,0,2.5,-0.07
3.56,47.51,1,1,1,0,1.0,9.96
8.36,33.42,1,1,1,0,1.0,11.65
6.36,46.23,1,2,1,0,1.5,17.92
2.82,9.39,1,4,1,0,2.5,17.51
10.51,22.33,3,4,1,1,3.5,0.87
14.58,9.0,1,2,1,1,1.5,16.53
7.88,16.79,1,1,1,0,1.0,-7.64
8.26,29.12,2,4,1,0,3.0,-1.09
3.65,9.08,1,4,1,0,2.5,12.22
2.78,8.12,2,1,1,0,1.5,-3.36
9.84,14.36,1,1,1,0,1.0,7.91
13.34,25.39,3,4,1,1,3.5,-6.82
4.89,44.81,2,1,1,0,1.5,10.81
7.41,22.46,2,1,1,0,1.5,-3.38
9.86,33.75,3,2,1,0,2.5,13.58
6.68,16.96,3,1,1,0,2.0,9.61
9.48,30.84,2,4,1,0,3.0,-2.13
12.29,28.0,1,2,1,1,1.5,5.92
10.49,17.84,3,4,1,1,3.5,6.0
10.16,20.2,3,1,1,1,2.0,0.46
4.15,24.32,3,2,1,0,2.5,19.14
4.2,37.8,1,2,1,0,1.5,10.41
6.69,17.19,2,2,1,0,2.0,16.79
2.23,38.97,3,1,1,0,2.0,15.5
8.76,44.2,2,2,1,0,2.0,13.39
7.7,9.49,2,2,1,0,2.0,-9.78
11.53,20.55,2,2,1,1,2.0,11.52
13.34,48.77,3,4,1,1,3.5,5.98
10.41,18.17,2,4,1,1,3.0,4.07
11.18,38.68,2,4,1,1,3.0,9.46
10.36,11.72,1,4,1,1,2.5,5.88
9.47,21.13,2,2,1,0,2.0,4.51
3.68,12.54,3,1,1,0,2.0,5.2
6.46,21.82,1,4,1,0,2.5,-7.97
11.55,14.67,3,1,1,1,2.0,9.89
14.34,19.2,3,1,1,1,2.0,18.06
12.1,29.3,3,1,1,1,2.0,-5.02
3.54,25.94,3,1,1,0,2.0,7.52
3.07,48.36,3,1,1,0,2.0,10.64
5.76,48.38,2,2,1,0,2.0,-1.06
6.97,9.29,1,1,1,0,1.0,7.99
9.23,38.23,1,4,1,0,2.5,16.28
6.59,25.49,3,4,1,0,3.5,0.79
6.71,27.08,1,1,1,0,1.0,9.25
2.78,38.06,1,4,1,0,2.5,7.97
13.65,46.54,1,4,1,1,2.5,-1.95
9.6,31.1,3,2,1,0,2.5,-9.7
4.82,14.46,2,2,1,0,2.0,6.24
4.46,45.12,3,2,1,0,2.5,0.29
7.33,12.05,2,4,1,0,3.0,18.06
10.93,18.88,1,4,1,1,2.5,1.04
3.94,24.61,2,4,1,0,3.0,16.01
5.83,29.51,1,4,1,0,2.5,14.21
3.21,24.13,1,4,1,0,2.5,18.51
2.27,9.32,1,1,1,0,1.0,-8.62
3.36,16.97,3,1,1,0,2.0,-9.81
13.99,41.39,2,4,1,1,3.0,-7.45
6.45,43.94,1,1,1,0,1.0,7.74
4.08,18.78,1,1,1,0,1.0,2.17
8.49,24.43,1,2,1,0,1.5,-2.64
14.97,10.56,1,2,1,1,1.5,6.7
7.36,42.79,1,1,1,0,1.0,7.11
6.73,16.43,2,1,1,0,1.5,12.96
5.19,45.03,3,1,1,0,2.0,1.55
14.38,47.25,1,2,1,1,1.5,15.02
13.68,13.37,2,1,1,1,1.5,18.68
11.45,41.71,2,2,1,1,2.0,-5.7
9.08,49.66,3,2,1,0,2.5,-6.97
14.04,24.96,1,4,1,1,2.5,0.86
8.45,42.65,3,1,1,0,2.0,17.43
8.43,6.49,1,4,1,0,2.5,-0.34
7.8,11.75,2,1,1,0,1.5,1.78
4.08,8.15,3,1,1,0,2.0,-8.97
14.29,6.71,1,2,1,1,1.5,4.58
7.89,10.13,3,1,1,0,2.0,17.6
13.88,27.45,1,4,1,1,2.5,-1.66
2.45,21.17,3,2,1,0,2.5,5.56
9.29,28.65,1,2,1,0,1.5,-0.37
11.4,33.75,3,2,1,1,2.5,6.64
13.41,49.39,1,4,1,1,2.5,12.73
8.73,31.67,2,4,1,0,3.0,8.84
4.59,6.44,1,2,1,0,1.5,6.69
4.33,13.7,3,4,1,0,3.5,17.54
3.6,45.96,2,2,1,0,2.0,9.93
14.6,34.66,3,2,1,1,2.5,0.03
3.24,22.9,3,1,1,0,2.0,5.8
6.47,31.22,1,2,1,0,1.5,-1.93
6.06,26.17,3,2,1,0,2.5,-0.93
13.73,23.54,3,1,1,1,2.0,17.13
7.03,17.39,1,4,1,0,2.5,-0.74
8.93,40.19,2,4,1,0,3.0,-8.07
8.9,36.76,3,1,1,0,2.0,15.86
12.29,45.12,2,1,1,1,1.5,16.07
7.73,6.32,2,2,1,0,2.0,-3.5
9.67,34.86,1,4,1,0,2.5,4.66
14.31,42.17,1,4,1,1,2.5,19.78
4.74,36.77,1,2,1,0,1.5,-4.37
14.98,19.91,1,1,1,1,1.0,-1.89
7.05,13.25,3,1,1,0,2.0,9.16
14.91,34.21,2,2,1,1,2.0,-8.7
2.05,39.51,3,1,1,0,2.0,-8.03
14.81,15.84,3,4,1,1,3.5,2.7
2.82,44.48,1,1,1,0,1.0,18.84
12.58,29.19,2,4,1,1,3.0,0.33
13.64,36.77,3,4,1,1,3.5,-7.1
6.83,23.36,2,4,1,0,3.0,-4.26
7.96,25.85,2,4,1,0,3.0,0.81
4.82,9.58,3,1,1,0,2.0,17.04
3.11,10.32,1,4,1,0,2.5,-4.37
13.11,14.97,2,2,1,1,2.0,15.52
8.17,42.58,2,2,1,0,2.0,-1.6
9.24,33.95,2,2,1,0,2.0,14.63
5.71,45.18,3,4,1,0,3.5,6.73
14.94,41.34,1,4,1,1,2.5,16.88
6.0,20.4,2,1,1,0,1.5,-4.18
2.51,36.72,1,2,1,0,1.5,-9.03
12.28,14.01,3,4,1,1,3.5,1.75
5.76,5.78,2,2,1,0,2.0,3.52
6.78,6.12,2,1,1,0,1.5,5.9
14.35,34.27,1,1,1,1,1.0,-4.76
7.46,27.11,1,2,1,0,1.5,5.86
4.74,42.36,2,2,1,0,2.0,3.38
5.36,5.03,2,1,1,0,1.5,11.85
13.57,19.29,3,1,1,1,2.0,15.69
12.63,10.67,2,4,1,1,3.0,4.17
2.44,6.16,3,4,1,0,3.5,14.42
14.41,6.35,1,2,1,1,1.5,10.0
9.73,46.21,1,4,1,0,2.5,0.49
12.86,36.11,3,4,1,1,3.5,-8.79
7.86,13.5,3,1,1,0,2.0,17.28
13.11,10.61,1,1,1,1,1.0,11.63
8.58,49.73,1,2,1,0,1.5,15.19
2.69,5.14,2,4,1,0,3.0,1.15
2.97,17.79,3,2,1,0,2.5,-1.37
11.37,48.7,1,4,1,1,2.5,-6.26
14.7,10.07,1,1,1,1,1.0,17.65
3.37,18.85,1,1,1,0,1.0,16.84
9.24,37.16,1,4,1,0,2.5,5.32
12.48,33.75,2,1,1,1,1.5,19.34
11.02,27.22,2,4,1,1,3.0,-1.43
13.11,30.35,2,2,1,1,2.0,9.63
2.85,43.58,2,2,1,0,2.0,-6.68
4.36,9.97,1,1,1,0,1.0,-2.88
5.24,38.8,2,1,1,0,1.5,-1.19
9.6,15.49,3,1,1,0,2.0,4.53
5.28,43.33,1,1,1,0,1.0,3.87
13.9,16.33,1,2,1,1,1.5,-9.21
3.85,38.54,2,2,1,0,2.0,2.45
14.38,49.22,2,4,1,1,3.0,8.92
11.59,19.84,2,1,1,1,1.5,8.91
12.36,34.92,2,1,1,1,1.5,8.36
7.73,8.52,2,4,1,0,3.0,-5.09
10.01,9.13,3,4,1,1,3.5,14.18
2.16,22.99,2,4,1,0,3.0,0.69
4.68,34.27,1,2,1,0,1.5,17.37
11.35,42.64,3,1,1,1,2.0,-0.25
14.38,20.77,2,1,1,1,1.5,18.25
8.4,18.27,3,4,1,0,3.5,14.06
2.02,40.24,2,1,1,0,1.5,1.37
11.87,26.69,3,2,1,1,2.5,-7.22
14.38,22.89,2,4,1,1,3.0,11.68
14.19,30.78,2,2,1,1,2.0,-1.31
10.59,32.64,1,1,1,1,1.0,-0.63
7.99,19.1,1,4,1,0,2.5,0.25
10.94,12.44,1,4,1,1,2.5,6.36
12.15,21.3,1,4,1,1,2.5,2.79
13.06,43.44,3,2,1,1,2.5,-8.67
3.2,29.59,2,1,1,0,1.5,7.19
2.51,31.49,2,1,1,0,1.5,12.06
3.25,29.45,2,1,1,0,1.5,-7.8
7.18,11.9,3,1,1,0,2.0,-9.26
3.74,25.27,3,2,1,0,2.5,10.52
2.23,18.0,2,2,1,0,2.0,17.25
5.52,12.25,3,2,1,0,2.5,18.75
9.95,40.62,2,4,1,0,3.0,9.2
6.87,20.46,3,4,1,0,3.5,-0.2
12.01,30.88,1,1,1,1,1.0,16.44
12.31,17.74,1,4,1,1,2.5,12.59
2.68,40.4,1,2,1,0,1.5,10.01
4.02,30.01,3,2,1,0,2.5,-8.93
12.67,42.46,2,2,1,1,2.0,11.74
6.55,20.19,2,4,1,0,3.0,12.14
14.32,39.29,1,4,1,1,2.5,-7.15
9.89,48.66,3,1,1,0,2.0,10.68
6.43,8.0,3,2,1,0,2.5,6.9
14.38,10.26,1,2,1,1,1.5,-2.22
6.36,34.17,3,4,1,0,3.5,3.28
2.15,45.63,2,1,1,0,1.5,8.95
7.55,35.95,1,4,1,0,2.5,5.99
12.94,14.56,2,1,1,1,1.5,15.45
12.29,37.54,2,1,1,1,1.5,17.91
7.27,30.46,3,4,1,0,3.5,-5.94
2.05,20.04,3,4,1,0,3.5,3.42
7.44,43.45,2,2,1,0,2.0,0.14
13.33,23.62,3,2,1,1,2.5,19.77
3.54,43.8,2,4,1,0,3.0,15.96
14.44,40.73,3,1,1,1,2.0,12.07
6.6,22.5,1,4,1,0,2.5,3.01
4.35,41.29,2,2,1,0,2.0,17.07
8.57,9.13,3,4,1,0,3.5,8.46
13.75,12.45,2,1,1,1,1.5,9.53
14.48,9.14,3,1,1,1,2.0,9.02
3.87,11.53,1,2,1,0,1.5,-8.14
4.32,9.27,3,4,1,0,3.5,-0.35
6.37,31.02,2,1,1,0,1.5,-1.15
8.44,41.46,2,4,1,0,3.0,6.98
12.94,34.91,3,4,1,1,3.5,7.37
5.78,16.87,2,4,1,0,3.0,-5.18
11.13,20.57,2,4,1,1,3.0,2.25
10.47,33.83,2,1,1,1,1.5,4.29
9.87,21.33,2,4,1,0,3.0,-1.53
13.25,16.91,1,2,1,1,1.5,16.5
8.79,7.47,1,4,1,0,2.5,-0.74
5.81,22.93,2,1,1,0,1.5,-7.51
4.51,11.63,2,2,1,0,2.0,-4.79
9.8,29.09,2,2,1,0,2.0,4.9
14.42,20.25,2,2,1,1,2.0,-6.3
10.32,25.24,1,2,1,1,1.5,7.16
10.29,39.54,2,4,1,1,3.0,1.88
12.68,12.96,2,2,1,1,2.0,-4.07
9.28,15.23,3,4,1,0,3.5,17.37
11.8,45.65,2,2,1,1,2.0,7.11
8.59,18.6,1,4,1,0,2.5,1.92
2.84,31.15,2,2,1,0,2.0,10.38
7.9,12.33,3,4,1,0,3.5,-5.68
3.4,37.72,1,1,1,0,1.0,17.65
10.91,42.2,3,2,1,1,2.5,9.09
4.87,6.58,2,4,1,0,3.0,6.65
4.6,45.08,1,2,1,0,1.5,10.97
10.34,13.68,2,1,1,1,1.5,15.09
12.22,17.83,1,4,1,1,2.5,5.88
2.74,35.43,2,4,1,0,3.0,-2.72
8.24,30.49,3,1,1,0,2.0,-2.95
14.13,25.52,3,4,1,1,3.5,4.43
5.36,46.84,2,2,1,0,2.0,1.69
7.7,22.91,2,4,1,0,3.0,-0.04
8.81,25.44,2,1,1,0,1.5,4.42
8.63,28.42,1,4,1,0,2.5,18.16
14.68,44.14,2,2,1,1,2.0,8.18
10.08,15.13,1,2,1,1,1.5,-5.69
4.88,5.94,2,1,1,0,1.5,18.83
5.35,32.49,1,4,1,0,2.5,2.88
8.05,38.64,3,2,1,0,2.5,5.59
13.49,46.61,3,4,1,1,3.5,-7.72
13.26,35.48,1,4,1,1,2.5,5.77
14.89,9.23,3,1,1,1,2.0,11.28
2.51,41.9,3,1,1,0,2.0,6.1
12.04,34.11,2,4,1,1,3.0,14.85
8.32,40.58,1,1,1,0,1.0,12.22
4.11,31.7,3,1,1,0,2.0,18.55
6.19,37.8,2,4,1,0,3.0,2.11
13.54,37.4,1,1,1,1,1.0,14.64
11.56,6.31,1,1,1,1,1.0,11.69
13.38,41.46,3,2,1,1,2.5,17.42
2.42,38.38,2,4,1,0,3.0,-4.38
8.2,15.91,2,4,1,0,3.0,3.98
12.09,29.09,1,1,1,1,1.0,-8.29
5.7,10.18,3,2,1,0,2.5,-6.96
13.22,29.3,3,2,1,1,2.5,-7.05
7.54,49.61,2,1,1,0,1.5,-5.93
12.55,10.68,2,2,1,1,2.0,6.15
8.0,48.03,1,4,1,0,2.5,3.32
3.74,6.18,3,1,1,0,2.0,9.85
13.23,9.12,2,4,1,1,3.0,14.43
3.48,10.31,3,1,1,0,2.0,16.86
4.9,34.07,3,2,1,0,2.5,-5.96
11.6,42.43,1,4,1,1,2.5,-8.07
10.21,31.71,2,2,1,1,2.0,2.86
6.97,28.38,2,1,1,0,1.5,8.44
2.46,26.91,1,1,1,0,1.0,12.19
13.56,16.36,2,4,1,1,3.0,2.86
8.41,32.57,2,1,1,0,1.5,5.51
5.32,28.39,3,4,1,0,3.5,11.75
4.43,40.27,1,1,1,0,1.0,0.19
4.14,33.44,1,2,1,0,1.5,12.67
14.81,9.21,2,4,1,1,3.0,1.92
5.72,25.82,1,2,1,0,1.5,6.88
13.21,48.74,2,1,1,1,1.5,2.7
3.02,39.89,1,2,1,0,1.5,-9.92
12.19,5.32,1,1,1,1,1.0,13.06
9.62,34.79,3,2,1,0,2.5,-1.32
9.22,7.11,1,4,1,0,2.5,13.66
6.21,15.64,1,4,1,0,2.5,19.66
14.07,32.05,3,1,1,1,2.0,-7.11
5.47,12.16,2,1,1,0,1.5,5.84
13.64,10.51,3,4,1,1,3.5,1.59
13.64,42.42,1,1,1,1,1.0,-8.6
7.64,7.34,1,1,1,0,1.0,0.72
2.21,23.37,2,1,1,0,1.5,-3.81
11.94,44.14,2,2,1,1,2.0,-5.8
14.5,48.24,3,1,1,1,2.0,16.28
7.0,22.3,2,4,1,0,3.0,-0.28
2.97,35.35,2,2,1,0,2.0,-6.0
9.24,6.41,3,2,1,0,2.5,0.34
8.27,38.99,3,1,1,0,2.0,19.75
12.66,46.55,3,1,1,1,2.0,-0.3
8.98,34.15,2,1,1,0,1.5,19.85
10.83,20.58,2,4,1,1,3.0,-8.84
4.61,47.85,3,1,1,0,2.0,14.32
4.24,13.29,3,4,1,0,3.5,7.29
6.57,42.58,1,4,1,0,2.5,16.14
2.85,11.0,3,1,1,0,2.0,4.54
7.06,9.71,3,2,1,0,2.5,14.7
14.84,14.09,1,2,1,1,1.5,17.29
7.98,23.78,2,1,1,0,1.5,4.19
12.8,27.54,1,2,1,1,1.5,-4.7
9.26,31.12,3,2,1,0,2.5,-8.03
4.73,37.58,1,4,1,0,2.5,8.65
2.08,13.69,2,1,1,0,1.5,-1.88
6.79,21.01,2,4,1,0,3.0,-4.56
9.65,35.11,1,1,1,0,1.0,6.09
6.65,42.4,3,1,1,0,2.0,10.15
10.38,22.54,1,4,1,1,2.5,-3.78
6.42,29.1,2,1,1,0,1.5,-3.61
13.68,7.93,3,1,1,1,2.0,3.65
14.36,12.47,2,4,1,1,3.0,-0.31
10.37,13.25,1,2,1,1,1.5,6.28
2.05,47.61,1,1,1,0,1.0,9.69
2.6,24.96,2,2,1,0,2.0,5.26
14.41,6.24,1,1,1,1,1.0,9.09
4.71,37.86,3,4,1,0,3.5,-5.42
12.91,48.45,2,2,1,1,2.0,18.8
5.27,26.93,2,4,1,0,3.0,-2.34
11.36,14.42,2,2,1,1,2.0,-8.88
8.16,49.3,3,4,1,0,3.5,19.2
9.78,48.13,1,2,1,0,1.5,-9.42
10.92,14.97,2,4,1,1,3.0,-1.35
4.61,42.6,2,1,1,0,1.5,18.89
7.63,6.35,3,1,1,0,2.0,-1.36
13.72,15.44,2,2,1,1,2.0,2.38
6.96,48.08,3,4,1,0,3.5,9.94
10.95,46.33,3,2,1,1,2.5,-0.98
6.36,34.83,1,1,1,0,1.0,-4.12
5.18,30.58,2,1,1,0,1.5,-5.14
5.33,49.96,2,4,1,0,3.0,3.25
9.7,6.03,1,2,1,0,1.5,11.56
4.85,28.07,2,2,1,0,2.0,7.46
14.52,42.21,2,2,1,1,2.0,-1.46
9.12,24.4,2,2,1,0,2.0,-4.95
3.2,38.45,2,2,1,0,2.0,6.38
2.55,17.74,2,4,1,0,3.0,-9.31
2.52,12.16,1,1,1,0,1.0,-1.14
12.06,28.63,3,1,1,1,2.0,3.15
14.26,23.74,3,4,1,1,3.5,10.91
13.06,47.48,3,2,1,1,2.5,-7.37
12.86,15.06,2,1,1,1,1.5,-1.8
11.44,14.42,1,1,1,1,1.0,-0.96
13.86,25.33,3,4,1,1,3.5,6.35
7.02,35.51,2,1,1,0,1.5,12.5
2.35,44.42,1,4,1,0,2.5,15.39
11.5,26.16,3,1,1,1,2.0,-5.4
9.15,12.13,3,2,1,0,2.5,18.79
3.42,11.91,2,2,1,0,2.0,8.11
5.54,45.41,2,2,1,0,2.0,0.06
6.25,24.1,3,4,1,0,3.5,-9.38
4.59,14.18,1,2,1,0,1.5,-1.72
11.74,8.67,1,1,1,1,1.0,-2.15
11.16,20.96,2,2,1,1,2.0,19.2
7.32,49.75,2,4,1,0,3.0,-2.93
7.63,30.63,1,2,1,0,1.5,-1.83
2.15,34.17,2,2,1,0,2.0,-5.44
12.97,17.32,1,4,1,1,2.5,9.19
12.64,41.09,2,2,1,1,2.0,2.1
3.92,41.51,1,4,1,0,2.5,9.12
10.57,21.66,3,2,1,1,2.5,0.02
13.29,26.28,1,1,1,1,1.0,-0.2
7.3,13.96,1,4,1,0,2.5,14.74
9.74,15.54,1,1,1,0,1.0,-8.94
5.34,32.67,3,1,1,0,2.0,-6.89
11.19,31.74,2,2,1,1,2.0,-3.11
11.91,27.07,3,4,1,1,3.5,-7.2
7.3,11.33,2,4,1,0,3.0,0.75
5.56,36.1,3,1,1,0,2.0,1.82
7.79,37.49,3,1,1,0,2.0,4.9
5.47,30.93,1,1,1,0,1.0,15.53
8.81,41.04,3,4,1,0,3.5,3.38
2.91,13.25,3,2,1,0,2.5,-8.76
13.6,46.43,2,1,1,1,1.5,0.61
5.68,5.43,1,1,1,0,1.0,15.91
4.05,17.67,2,2,1,0,2.0,6.19
3.09,7.15,1,4,1,0,2.5,9.97
3.73,47.02,1,1,1,0,1.0,-7.99
5.62,6.75,3,4,1,0,3.5,7.77
13.12,35.48,2,1,1,1,1.5,6.69
4.66,20.38,1,4,1,0,2.5,4.09
5.82,7.36,1,4,1,0,2.5,7.45
12.24,45.49,3,2,1,1,2.5,7.81
14.36,36.45,3,1,1,1,2.0,17.65
9.88,24.01,2,1,1,0,1.5,6.1
13.51,49.76,3,2,1,1,2.5,0.65
2.04,25.49,1,2,1,0,1.5,7.76
8.24,41.16,1,4,1,0,2.5,-4.72
12.56,15.74,2,4,1,1,3.0,-6.59
4.13,13.72,2,4,1,0,3.0,0.47
13.64,26.29,2,4,1,1,3.0,-8.93
9.35,25.43,1,1,1,0,1.0,-0.59
9.44,21.82,2,4,1,0,3.0,10.77
7.65,44.44,3,4,1,0,3.5,-5.01
2.74,6.42,2,1,1,0,1.5,17.51
7.74,8.54,2,1,1,0,1.5,6.22
13.98,24.5,3,2,1,1,2.5,15.58
3.48,32.63,3,2,1,0,2.5,7.08
12.29,11.64,3,4,1,1,3.5,1.18
8.82,18.26,1,4,1,0,2.5,8.05
3.68,45.92,2,4,1,0,3.0,17.72
3.57,21.74,2,2,1,0,2.0,18.17
14.43,42.43,2,2,1,1,2.0,-8.39
14.28,25.8,2,2,1,1,2.0,0.43
4.03,24.35,2,1,1,0,1.5,11.01
8.75,48.6,3,2,1,0,2.5,10.47
4.63,35.88,3,1,1,0,2.0,11.15
12.04,22.69,3,4,1,1,3.5,-8.84
11.29,48.13,2,1,1,1,1.5,17.56
4.11,29.73,3,2,1,0,2.5,-7.37
12.5,26.97,3,1,1,1,2.0,17.86
12.22,41.54,1,1,1,1,1.0,17.91
9.2,42.15,2,1,1,0,1.5,6.18
7.43,20.36,1,1,1,0,1.0,-1.84
6.01,44.87,1,1,1,0,1.0,16.52
10.6,32.7,1,4,1,1,2.5,6.07
8.65,19.15,1,2,1,0,1.5,3.24
8.78,45.79,1,4,1,0,2.5,-3.61
5.37,18.76,2,2,1,0,2.0,11.08
9.79,12.73,1,4,1,0,2.5,-4.09
4.11,30.37,1,2,1,0,1.5,1.67
6.01,26.98,1,1,1,0,1.0,-3.46
11.59,27.07,1,2,1,1,1.5,18.79
14.44,33.26,3,2,1,1,2.5,12.52
14.91,26.33,1,2,1,1,1.5,0.69
7.07,12.23,2,4,1,0,3.0,7.56
11.78,37.9,2,2,1,1,2.0,-4.8
3.44,48.03,2,2,1,0,2.0,7.84
9.26,9.41,3,4,1,0,3.5,0.71
8.78,36.42,1,2,1,0,1.5,19.92
9.06,19.95,2,1,1,0,1.5,18.99
12.98,32.55,1,2,1,1,1.5,18.01
7.39,29.37,1,2,1,0,1.5,-6.32
14.36,27.63,1,1,1,1,1.0,3.29
12.44,28.1,2,1,1,1,1.5,-6.32
13.96,13.64,3,1,1,1,2.0,8.08
10.95,14.67,1,4,1,1,2.5,6.24
12.49,32.43,1,2,1,1,1.5,9.83
11.3,13.06,3,1,1,1,2.0,16.51
3.85,14.64,2,4,1,0,3.0,7.17
10.45,18.73,3,1,1,1,2.0,6.33
14.22,39.49,3,2,1,1,2.5,-3.62
2.7,20.79,1,4,1,0,2.5,9.2
4.96,42.67,2,4,1,0,3.0,7.52
7.27,35.46,3,1,1,0,2.0,-4.93
8.74,12.71,3,1,1,0,2.0,5.1
13.18,15.19,2,2,1,1,2.0,4.36
6.19,34.05,3,4,1,0,3.5,11.93
12.24,22.52,1,4,1,1,2.5,-9.34
6.31,36.99,2,4,1,0,3.0,6.52
5.01,49.71,2,1,1,0,1.5,12.03
14.03,5.44,1,2,1,1,1.5,-2.9
7.27,16.48,1,2,1,0,1.5,-4.0
14.31,6.82,1,2,1,1,1.5,9.01
7.37,39.64,3,1,1,0,2.0,14.73
5.76,8.48,1,4,1,0,2.5,7.65
13.65,20.23,1,1,1,1,1.0,-6.02
3.63,47.59,3,1,1,0,2.0,8.77
13.0,37.55,1,2,1,1,1.5,1.58
5.05,19.61,2,4,1,0,3.0,14.01
13.69,43.92,1,4,1,1,2.5,18.68
11.74,40.11,1,1,1,1,1.0,-1.29
6.0,33.6,1,4,1,0,2.5,8.17
3.5,44.38,3,2,1,0,2.5,17.47
3.15,32.24,3,1,1,0,2.0,19.8
14.46,29.0,2,2,1,1,2.0,3.22
4.17,22.63,2,2,1,0,2.0,13.8
7.81,20.11,2,2,1,0,2.0,4.11
6.4,11.92,2,4,1,0,3.0,-4.8
3.35,18.39,3,4,1,0,3.5,11.56
14.19,18.67,3,1,1,1,2.0,-6.65
5.0,25.95,2,4,1,0,3.0,13.73
14.96,28.06,1,4,1,1,2.5,-3.22
11.44,20.81,1,1,1,1,1.0,4.99
5.32,10.63,1,4,1,0,2.5,-1.84
13.45,45.88,3,4,1,1,3.5,-8.04
12.29,49.08,2,2,1,1,2.0,-6.4
14.53,39.11,3,2,1,1,2.5,-7.39
12.76,33.07,3,4,1,1,3.5,18.29
8.25,35.99,3,1,1,0,2.0,-1.84
14.8,26.68,2,2,1,1,2.0,18.82
9.02,37.22,1,1,1,0,1.0,8.51
10.98,31.35,2,1,1,1,1.5,1.53
4.75,48.63,2,2,1,0,2.0,3.94
10.47,16.59,3,4,1,1,3.5,6.01
2.63,33.28,3,2,1,0,2.5,-5.26
10.22,36.77,2,1,1,1,1.5,15.67
5.22,45.57,1,4,1,0,2.5,18.0
2.57,18.32,1,4,1,0,2.5,-3.93
8.13,8.07,2,2,1,0,2.0,19.93
7.02,34.82,2,1,1,0,1.5,7.43
8.4,19.42,2,2,1,0,2.0,15.5
5.12,14.74,2,4,1,0,3.0,9.77
11.66,23.72,2,2,1,1,2.0,19.47
3.53,35.73,3,4,1,0,3.5,17.93
11.77,24.22,1,4,1,1,2.5,-6.52
3.69,18.44,1,2,1,0,1.5,-3.12
2.97,15.54,1,2,1,0,1.5,0.66
12.45,6.26,3,4,1,1,3.5,-3.77
4.09,26.77,1,2,1,0,1.5,15.97
4.94,20.44,1,1,1,0,1.0,7.76
2.47,14.63,2,1,1,0,1.5,10.85
7.38,27.91,3,4,1,0,3.5,-0.86
5.2,42.85,3,1,1,0,2.0,17.69
9.09,34.48,1,2,1,0,1.5,3.63
5.3,32.75,3,4,1,0,3.5,5.65
6.59,33.7,2,1,1,0,1.5,13.36
2.98,16.45,3,1,1,0,2.0,13.79
4.62,13.61,2,1,1,0,1.5,19.49
11.18,42.41,3,2,1,1,2.5,19.75
14.24,48.17,1,1,1,1,1.0,13.57
3.64,34.12,3,2,1,0,2.5,1.4
3.05,8.97,2,2,1,0,2.0,-4.74
5.41,42.49,2,2,1,0,2.0,3.84
7.18,15.32,2,2,1,0,2.0,-4.89
6.44,34.03,1,4,1,0,2.5,18.01
13.54,30.02,2,4,1,1,3.0,4.4
7.24,41.57,2,1,1,0,1.5,-8.76
6.63,37.14,2,2,1,0,2.0,0.07
6.74,31.23,3,1,1,0,2.0,-7.01
13.74,7.69,1,1,1,1,1.0,2.9
7.61,11.23,2,2,1,0,2.0,11.2
2.36,22.6,3,4,1,0,3.5,13.21
2.82,49.12,1,1,1,0,1.0,13.6
3.88,38.35,3,2,1,0,2.5,2.76
11.94,17.51,3,1,1,1,2.0,4.2
2.38,10.29,2,2,1,0,2.0,7.64
10.28,16.87,2,1,1,1,1.5,5.31
10.22,19.33,2,1,1,1,1.5,6.2
6.58,42.65,1,2,1,0,1.5,-0.19
14.75,16.03,1,2,1,1,1.5,15.42
6.16,49.95,1,4,1,0,2.5,1.3
12.88,14.81,3,2,1,1,2.5,4.21
14.72,48.84,2,4,1,1,3.0,-5.88
2.26,24.65,3,2,1,0,2.5,9.37
13.96,38.4,1,4,1,1,2.5,-2.42
2.24,41.24,1,4,1,0,2.5,13.24
10.19,46.06,3,2,1,1,2.5,13.92
9.83,10.35,3,2,1,0,2.5,4.73
5.91,46.27,3,1,1,0,2.0,-6.18
2.65,19.87,3,1,1,0,2.0,8.65
10.56,26.91,2,1,1,1,1.5,10.54
4.01,41.58,2,4,1,0,3.0,1.37
10.22,26.12,3,1,1,1,2.0,7.55
12.04,14.72,3,4,1,1,3.5,10.38
4.81,40.07,2,2,1,0,2.0,4.98
12.99,18.56,1,4,1,1,2.5,-9.25
12.67,16.04,3,1,1,1,2.0,12.59
5.88,12.6,1,1,1,0,1.0,7.33
9.07,18.6,1,2,1,0,1.5,-4.89
6.71,25.35,2,1,1,0,1.5,-1.62
5.91,35.82,2,2,1,0,2.0,-2.51
3.69,38.1,3,1,1,0,2.0,-5.63
9.0,30.42,3,2,1,0,2.5,1.5
5.47,45.66,1,2,1,0,1.5,17.07
12.47,9.03,3,2,1,1,2.5,19.23
4.2,48.98,1,1,1,0,1.0,17.68
2.09,35.57,3,1,1,0,2.0,0.06
2.3,16.32,1,1,1,0,1.0,17.48
11.85,5.77,1,1,1,1,1.0,8.19
6.29,36.51,1,2,1,0,1.5,5.46
3.34,35.25,3,1,1,0,2.0,2.6
14.66,10.58,1,2,1,1,1.5,0.3
13.57,22.4,1,2,1,1,1.5,-1.21
13.97,49.53,3,2,1,1,2.5,-9.43
11.51,25.02,1,4,1,1,2.5,17.26
13.34,31.26,3,2,1,1,2.5,18.12
7.35,7.7,2,4,1,0,3.0,3.04
6.53,22.48,2,4,1,0,3.0,15.91
10.0,29.28,2,2,1,0,2.0,13.64
3.21,23.46,1,2,1,0,1.5,7.9
10.62,40.96,1,2,1,1,1.5,4.39
2.44,42.51,1,2,1,0,1.5,-6.4
13.42,8.37,2,4,1,1,3.0,-8.2
3.42,48.54,1,4,1,0,2.5,-9.99
9.37,38.97,2,2,1,0,2.0,11.5
14.02,6.55,3,1,1,1,2.0,4.43
4.51,6.98,3,1,1,0,2.0,3.32
12.72,44.64,2,4,1,1,3.0,4.25
11.46,11.83,2,4,1,1,3.0,5.5
14.07,25.4,1,2,1,1,1.5,1.59
8.34,6.15,2,2,1,0,2.0,16.53
13.11,11.97,1,4,1,1,2.5,-6.97
4.38,15.53,1,2,1,0,1.5,-3.37
8.4,29.6,1,1,1,0,1.0,9.79
10.08,17.83,2,1,1,1,1.5,5.84
2.94,33.87,1,1,1,0,1.0,-0.34
6.48,30.85,1,2,1,0,1.5,19.84
7.57,46.71,2,2,1,0,2.0,7.71
10.51,40.49,2,2,1,1,2.0,9.66
11.0,12.78,2,1,1,1,1.5,6.98
4.58,31.4,2,2,1,0,2.0,2.42
13.04,23.66,1,2,1,1,1.5,12.47
8.69,6.36,3,2,1,0,2.5,5.88
12.01,32.9,3,2,1,1,2.5,19.46
6.8,13.37,3,4,1,0,3.5,-4.72
13.75,48.57,1,1,1,1,1.0,8.04
4.07,30.79,3,4,1,0,3.5,0.58
2.86,49.3,2,1,1,0,1.5,-5.34
8.05,32.69,1,1,1,0,1.0,16.72
3.12,48.9,2,4,1,0,3.0,-7.38
14.57,10.82,3,4,1,1,3.5,-0.39
13.22,8.18,3,4,1,1,3.5,7.53
11.67,41.31,2,4,1,1,3.0,-2.91
11.34,37.96,1,4,1,1,2.5,18.71
14.48,49.18,2,4,1,1,3.0,0.02
7.32,23.57,1,4,1,0,2.5,-1.88
5.36,14.64,1,4,1,0,2.5,19.04
9.69,39.2,2,4,1,0,3.0,10.83
6.29,31.67,1,2,1,0,1.5,-3.55
14.05,41.59,3,1,1,1,2.0,10.26
6.33,44.49,3,1,1,0,2.0,-6.24
2.63,13.88,1,1,1,0,1.0,-3.72
9.91,10.57,3,1,1,0,2.0,-1.65
6.68,43.05,2,2,1,0,2.0,4.02
12.64,30.19,3,1,1,1,2.0,-2.86
6.0,37.91,2,1,1,0,1.5,12.48
11.45,38.35,3,2,1,1,2.5,11.81
10.71,25.3,2,2,1,1,2.0,-1.8
3.36,41.21,2,2,1,0,2.0,-3.02
5.63,31.83,1,2,1,0,1.5,13.11
6.3,17.1,1,2,1,0,1.5,3.7
11.0,15.28,2,1,1,1,1.5,1.59
12.45,12.44,3,2,1,1,2.5,-8.72
8.24,19.2,1,2,1,0,1.5,5.95
6.15,12.48,1,2,1,0,1.5,8.88
4.81,28.57,1,2,1,0,1.5,-4.59
3.75,46.66,2,1,1,0,1.5,-0.89
4.16,22.69,3,1,1,0,2.0,8.17
11.11,23.59,3,1,1,1,2.0,-9.45
9.83,39.34,1,2,1,0,1.5,1.42
3.21,27.63,3,4,1,0,3.5,-5.39
14.17,8.93,2,2,1,1,2.0,-8.41
3.36,27.06,2,2,1,0,2.0,10.31
12.85,43.1,2,2,1,1,2.0,13.24
5.85,12.84,3,4,1,0,3.5,7.33
8.68,6.15,2,1,1,0,1.5,9.74
13.97,22.91,2,1,1,1,1.5,12.95
14.02,42.11,2,4,1,1,3.0,16.73
9.65,49.67,3,1,1,0,2.0,9.43
14.5,12.8,2,2,1,1,2.0,-8.8
11.41,15.11,1,1,1,1,1.0,11.22
7.6,40.44,1,4,1,0,2.5,-2.0
8.36,22.36,3,4,1,0,3.5,10.63
5.23,21.13,3,1,1,0,2.0,2.09
6.34,27.36,2,4,1,0,3.0,4.01
13.4,45.05,1,2,1,1,1.5,0.43
13.16,25.67,3,2,1,1,2.5,7.09
5.37,31.15,3,1,1,0,2.0,-7.06
9.53,30.48,3,2,1,0,2.5,-1.83
4.58,15.29,3,4,1,0,3.5,-1.29
8.17,47.28,2,1,1,0,1.5,1.56
10.37,11.45,1,1,1,1,1.0,8.3
7.63,19.18,2,1,1,0,1.5,-6.84
3.59,48.66,1,4,1,0,2.5,-8.38
10.1,23.23,1,1,1,1,1.0,-3.89
7.35,20.64,3,2,1,0,2.5,19.58
8.3,7.19,1,2,1,0,1.5,6.11
12.64,37.03,1,2,1,1,1.5,-3.1
10.2,31.19,2,4,1,1,3.0,-2.45
12.39,37.0,3,1,1,1,2.0,13.46
9.91,20.76,1,2,1,0,1.5,17.11
10.38,36.3,1,2,1,1,1.5,9.4
3.88,5.01,3,1,1,0,2.0,3.85
8.67,45.59,1,1,1,0,1.0,11.97
11.7,32.07,1,2,1,1,1.5,12.83
9.24,22.19,3,1,1,0,2.0,-8.3
9.26,41.66,2,4,1,0,3.0,-8.33
9.84,11.17,1,1,1,0,1.0,-6.28
11.4,35.07,1,4,1,1,2.5,1.4
9.85,13.36,3,2,1,0,2.5,-0.32
12.91,31.9,3,4,1,1,3.5,16.72
2.84,43.93,2,1,1,0,1.5,-1.1
11.65,29.89,1,4,1,1,2.5,19.44
14.09,34.15,2,4,1,1,3.0,-7.08
5.82,9.86,2,1,1,0,1.5,2.92
3.55,46.99,2,4,1,0,3.0,16.58
9.7,30.78,2,2,1,0,2.0,17.56
5.08,12.72,1,4,1,0,2.5,12.53
9.19,15.29,1,4,1,0,2.5,-0.25
6.28,5.21,1,1,1,0,1.0,-3.19
7.2,30.89,1,1,1,0,1.0,-7.52
10.23,33.62,2,1,1,1,1.5,14.99
5.54,20.93,1,1,1,0,1.0,-2.98
13.28,6.51,1,2,1,1,1.5,-1.68
3.85,21.89,3,2,1,0,2.5,4.98
6.48,32.66,2,2,1,0,2.0,-9.0
14.59,27.44,3,1,1,1,2.0,19.9
2.23,8.12,1,2,1,0,1.5,2.14
10.87,6.54,3,4,1,1,3.5,3.75
7.86,27.16,3,1,1,0,2.0,-8.14
13.14,15.17,3,4,1,1,3.5,19.75
4.07,40.63,3,1,1,0,2.0,5.36
4.69,13.26,2,1,1,0,1.5,19.16
6.34,39.24,2,4,1,0,3.0,5.95
11.11,30.95,2,2,1,1,2.0,-6.12
8.86,24.74,1,2,1,0,1.5,5.3
13.49,7.88,3,4,1,1,3.5,-7.16
3.19,16.42,2,2,1,0,2.0,-5.56
14.22,24.95,3,4,1,1,3.5,6.02
5.32,21.58,1,1,1,0,1.0,5.26
14.99,37.55,1,1,1,1,1.0,8.16
6.02,31.05,3,2,1,0,2.5,-2.71
13.21,13.13,2,2,1,1,2.0,3.01
12.8,23.16,1,4,1,1,2.5,1.53
13.09,48.25,3,2,1,1,2.5,-0.68
10.11,20.45,2,4,1,1,3.0,-0.16
7.05,25.84,3,4,1,0,3.5,15.19
10.38,44.71,1,2,1,1,1.5,7.31
2.14,27.21,2,4,1,0,3.0,-2.35
5.43,48.55,1,4,1,0,2.5,-0.52
4.38,5.71,2,4,1,0,3.0,7.64
2.53,21.13,3,4,1,0,3.5,0.89
6.68,28.3,1,2,1,0,1.5,1.65
5.83,23.89,2,1,1,0,1.5,18.92
7.51,29.17,2,4,1,0,3.0,4.18
10.46,6.22,3,2,1,1,2.5,2.85
8.85,38.48,2,2,1,0,2.0,-8.03
3.88,16.16,2,4,1,0,3.0,-3.47
12.16,32.44,1,1,1,1,1.0,5.51
4.38,21.81,3,1,1,0,2.0,-2.29
7.79,38.35,3,4,1,0,3.5,1.43
11.67,9.17,3,4,1,1,3.5,12.94
8.91,20.93,3,2,1,0,2.5,11.78
4.18,38.06,3,2,1,0,2.5,-8.19
3.59,8.69,3,1,1,0,2.0,16.9
6.37,13.37,1,2,1,0,1.5,-8.53
12.47,14.04,3,2,1,1,2.5,3.09
7.16,11.71,1,1,1,0,1.0,1.5
3.68,10.74,1,2,1,0,1.5,13.7
5.63,48.92,1,4,1,0,2.5,-6.57
14.83,45.56,2,1,1,1,1.5,3.91
6.75,15.17,2,2,1,0,2.0,-8.69
8.05,16.27,2,4,1,0,3.0,8.64
10.62,49.23,2,4,1,1,3.0,4.08
5.65,28.88,3,1,1,0,2.0,-4.72
4.72,42.71,3,1,1,0,2.0,-4.15
6.06,29.61,3,4,1,0,3.5,-7.16
12.28,9.54,2,4,1,1,3.0,-5.13
6.11,43.17,1,1,1,0,1.0,18.24
3.88,15.77,3,4,1,0,3.5,13.56
11.27,17.52,1,2,1,1,1.5,0.75
7.35,44.42,3,2,1,0,2.5,19.66
11.14,22.64,1,4,1,1,2.5,-3.73
7.48,33.51,3,1,1,0,2.0,3.34
6.0,31.16,2,4,1,0,3.0,14.28
13.79,43.93,2,1,1,1,1.5,6.74
8.15,8.26,3,1,1,0,2.0,0.64
5.24,12.8,1,4,1,0,2.5,9.36
2.58,48.49,2,2,1,0,2.0,19.3
4.03,19.53,1,1,1,0,1.0,1.73
4.12,46.15,2,4,1,0,3.0,-4.87
3.23,13.73,1,1,1,0,1.0,2.26
6.3,45.68,1,2,1,0,1.5,-5.45
14.79,7.17,3,1,1,1,2.0,9.27
12.7,16.44,3,2,1,1,2.5,14.9
5.49,46.69,3,2,1,0,2.5,17.81
9.84,7.9,2,1,1,0,1.5,0.3
4.8,34.62,3,2,1,0,2.5,3.55
14.05,49.75,1,2,1,1,1.5,-7.34
2.58,44.33,2,4,1,0,3.0,-4.09
11.12,7.85,1,4,1,1,2.5,13.29
11.08,29.66,1,4,1,1,2.5,15.25
9.75,44.98,2,1,1,0,1.5,1.26
6.99,40.21,1,1,1,0,1.0,-7.76
12.41,16.21,3,1,1,1,2.0,-8.49
7.96,27.69,2,4,1,0,3.0,-5.47
9.43,6.0,1,4,1,0,2.5,17.08
6.19,24.13,3,4,1,0,3.5,-8.94
7.49,49.05,2,1,1,0,1.5,18.62
14.3,18.1,2,1,1,1,1.5,0.99
3.7,19.88,1,1,1,0,1.0,19.23
3.33,44.13,3,1,1,0,2.0,2.03
3.31,45.74,3,2,1,0,2.5,8.81
10.69,28.83,1,4,1,1,2.5,8.83
10.31,14.71,1,1,1,1,1.0,3.15
9.36,10.96,3,1,1,0,2.0,11.27
10.79,46.79,1,4,1,1,2.5,9.18
8.3,34.63,3,2,1,0,2.5,-9.13
11.78,41.12,1,1,1,1,1.0,16.95
8.78,8.33,1,2,1,0,1.5,4.88
6.95,33.89,2,1,1,0,1.5,15.06
2.29,25.98,2,4,1,0,3.0,-0.33
14.89,17.78,1,4,1,1,2.5,16.65
13.21,49.38,3,4,1,1,3.5,2.38
7.45,16.47,1,4,1,0,2.5,12.89
10.63,48.84,1,2,1,1,1.5,1.46
8.47,23.72,1,1,1,0,1.0,6.72
10.38,18.55,3,2,1,1,2.5,9.29
3.02,18.08,1,2,1,0,1.5,15.04
5.73,44.71,1,2,1,0,1.5,-7.49
3.25,45.37,3,2,1,0,2.5,-2.89
13.13,46.81,3,1,1,1,2.0,19.87
3.35,16.95,3,4,1,0,3.5,5.08
10.92,41.49,3,2,1,1,2.5,0.83
14.73,38.96,3,4,1,1,3.5,-4.64
14.48,30.17,2,1,1,1,1.5,12.07
14.82,47.27,2,2,1,1,2.0,13.36
6.66,49.15,1,4,1,0,2.5,9.5
10.72,9.47,1,2,1,1,1.5,14.8
6.04,26.3,2,2,1,0,2.0,12.82
11.12,32.44,2,4,1,1,3.0,-9.98
6.84,9.42,1,2,1,0,1.5,14.4
4.6,40.77,3,4,1,0,3.5,9.52
10.15,48.6,3,2,1,1,2.5,-8.85
8.42,12.0,3,2,1,0,2.5,-5.41
14.66,34.2,3,2,1,1,2.5,-9.95
4.78,31.01,1,1,1,0,1.0,-8.53
11.27,19.67,3,4,1,1,3.5,-1.57
4.69,48.66,2,4,1,0,3.0,19.19
11.85,40.74,1,4,1,1,2.5,-7.59
4.12,37.31,3,2,1,0,2.5,18.46
9.71,5.32,1,4,1,0,2.5,14.25
9.13,9.21,2,1,1,0,1.5,0.3
5.16,20.37,3,4,1,0,3.5,0.86
4.96,42.64,3,2,1,0,2.5,19.68
8.64,45.71,1,1,1,0,1.0,9.07
8.16,42.83,2,2,1,0,2.0,17.49
3.62,24.55,1,2,1,0,1.5,-5.1
3.6,13.91,2,1,1,0,1.5,-1.74
4.67,23.56,2,2,1,0,2.0,1.58
4.25,10.23,2,4,1,0,3.0,-4.88
6.59,46.76,2,4,1,0,3.0,-3.65
11.7,17.86,2,1,1,1,1.5,8.84
11.99,29.19,2,4,1,1,3.0,7.36
10.26,6.56,3,1,1,1,2.0,-9.54
12.62,15.04,2,1,1,1,1.5,-0.17
9.71,31.89,1,1,1,0,1.0,17.9
8.82,36.16,3,2,1,0,2.5,15.92
10.56,22.26,3,4,1,1,3.5,-5.09
7.36,29.96,2,2,1,0,2.0,9.06
3.73,20.56,2,4,1,0,3.0,4.25
6.9,21.83,2,1,1,0,1.5,13.0
14.8,13.23,2,4,1,1,3.0,-2.06
3.06,20.02,3,2,1,0,2.5,7.01
7.53,44.83,2,4,1,0,3.0,18.06
6.4,5.61,2,2,1,0,2.0,3.01
11.74,16.84,1,1,1,1,1.0,2.74
14.3,26.59,3,4,1,1,3.5,-0.52
14.11,21.15,2,4,1,1,3.0,-2.53
9.78,22.76,2,4,1,0,3.0,-9.96
9.63,20.31,1,2,1,0,1.5,-0.8
10.54,9.56,3,4,1,1,3.5,1.92
8.0,10.52,2,4,1,0,3.0,-7.28
11.19,36.52,2,2,1,1,2.0,14.01
14.83,9.93,1,2,1,1,1.5,15.91
10.08,43.01,1,1,1,1,1.0,8.99
2.34,7.97,1,2,1,0,1.5,-5.35
7.15,16.59,3,1,1,0,2.0,19.13
7.58,23.1,2,1,1,0,1.5,-8.77
8.81,10.61,1,4,1,0,2.5,6.22
6.73,19.09,2,2,1,0,2.0,-9.23
13.8,27.83,2,1,1,1,1.5,-7.98
8.29,19.43,1,4,1,0,2.5,-5.87
13.73,24.15,3,2,1,1,2.5,16.27
3.69,10.25,3,4,1,0,3.5,-4.79
6.16,13.36,2,4,1,0,3.0,-6.55
3.25,28.78,1,2,1,0,1.5,16.89
5.7,30.66,3,1,1,0,2.0,-8.05
14.43,46.66,2,2,1,1,2.0,18.05
10.09,10.41,2,1,1,1,1.5,7.38
14.21,39.56,2,2,1,1,2.0,18.27
6.23,37.63,1,2,1,0,1.5,-7.41
6.66,7.4,3,2,1,0,2.5,7.86
14.91,23.96,3,4,1,1,3.5,9.2
3.7,19.37,1,4,1,0,2.5,-4.47
13.3,9.17,2,1,1,1,1.5,10.54
14.51,9.03,1,4,1,1,2.5,13.69
11.17,18.65,1,4,1,1,2.5,-8.49
14.28,6.54,2,1,1,1,1.5,14.74
8.05,5.48,2,4,1,0,3.0,12.07
12.17,25.96,1,1,1,1,1.0,15.4
5.31,12.29,3,4,1,0,3.5,8.57
12.07,47.35,3,1,1,1,2.0,1.37
9.29,25.88,2,1,1,0,1.5,-9.09
9.36,34.45,2,4,1,0,3.0,3.07
11.88,32.85,2,2,1,1,2.0,18.25
4.93,36.41,1,1,1,0,1.0,1.52
7.7,19.28,3,2,1,0,2.5,9.1
5.98,49.58,2,2,1,0,2.0,1.42
7.89,12.31,2,1,1,0,1.5,2.24
6.43,5.27,1,2,1,0,1.5,4.83
13.45,35.25,1,1,1,1,1.0,8.49
9.14,43.46,1,1,1,0,1.0,-4.1
6.18,13.41,1,4,1,0,2.5,-8.09
4.17,23.49,2,1,1,0,1.5,19.82
13.79,29.18,2,2,1,1,2.0,-6.86
7.99,32.79,1,2,1,0,1.5,19.56
12.3,27.76,2,4,1,1,3.0,16.75
13.61,46.25,1,4,1,1,2.5,-2.78
11.44,15.27,3,4,1,1,3.5,-3.28
9.92,44.01,2,2,1,0,2.0,-9.9
5.12,9.0,3,4,1,0,3.5,5.06
8.49,41.39,1,4,1,0,2.5,8.03
4.0,37.52,3,2,1,0,2.5,2.57
4.78,6.4,1,2,1,0,1.5,2.59
14.9,6.67,3,1,1,1,2.0,7.4
11.35,22.46,1,2,1,1,1.5,15.07
6.79,40.16,1,2,1,0,1.5,-9.37
3.5,8.88,3,1,1,0,2.0,2.36
5.02,49.14,2,2,1,0,2.0,-7.9
7.95,12.98,2,4,1,0,3.0,-2.28
7.64,38.7,2,1,1,0,1.5,8.02
8.51,23.06,3,2,1,0,2.5,-9.63
6.31,6.95,1,1,1,0,1.0,17.25
8.52,18.92,3,1,1,0,2.0,13.34
14.23,46.52,3,2,1,1,2.5,16.11
12.68,12.63,2,2,1,1,2.0,4.38
11.98,5.73,1,2,1,1,1.5,4.51
6.76,15.13,1,2,1,0,1.5,2.0
8.34,11.47,1,2,1,0,1.5,11.81
13.42,17.68,1,2,1,1,1.5,15.31
3.72,48.16,3,4,1,0,3.5,-8.97
11.78,8.47,2,1,1,1,1.5,-7.8
12.06,33.58,3,4,1,1,3.5,13.77
8.71,13.48,1,1,1,0,1.0,10.29
13.42,49.15,2,4,1,1,3.0,13.04
13.56,24.68,3,4,1,1,3.5,8.76
5.32,40.98,2,4,1,0,3.0,-7.24
7.5,20.89,3,4,1,0,3.5,-0.02
13.36,46.34,1,2,1,1,1.5,-8.73
2.46,12.07,1,2,1,0,1.5,15.02
2.1,39.6,3,4,1,0,3.5,19.02
7.05,23.84,1,4,1,0,2.5,10.29
14.5,44.4,3,4,1,1,3.5,-8.07
5.16,17.12,1,2,1,0,1.5,15.96
2.67,47.97,2,2,1,0,2.0,13.81
9.24,49.86,3,4,1,0,3.5,10.07
5.52,37.94,3,4,1,0,3.5,8.82
14.66,35.01,3,4,1,1,3.5,3.97
2.1,16.38,1,1,1,0,1.0,19.81
10.16,17.51,1,2,1,1,1.5,0.84
9.08,30.65,3,4,1,0,3.5,-8.24
11.12,7.36,1,4,1,1,2.5,1.61
9.84,30.83,1,4,1,0,2.5,-2.44
2.23,45.85,2,1,1,0,1.5,2.22
10.65,36.68,1,1,1,1,1.0,2.77
4.37,46.86,2,2,1,0,2.0,9.29
9.9,30.18,3,1,1,0,2.0,19.41
9.97,35.65,2,4,1,0,3.0,14.52
5.98,19.96,1,2,1,0,1.5,16.48
8.65,30.41,3,2,1,0,2.5,-9.85
14.88,24.47,2,4,1,1,3.0,-5.63
11.46,39.66,2,4,1,1,3.0,-5.29
2.62,11.55,3,2,1,0,2.5,-9.03
3.61,30.5,3,1,1,0,2.0,15.32
4.96,6.44,1,4,1,0,2.5,11.76
13.18,17.81,2,1,1,1,1.5,14.48
12.89,15.96,1,1,1,1,1.0,16.03
7.5,35.71,3,1,1,0,2.0,5.35
6.09,27.91,1,2,1,0,1.5,16.63
3.24,8.59,3,2,1,0,2.5,1.77
5.61,22.53,1,1,1,0,1.0,4.35
3.34,29.17,2,2,1,0,2.0,17.28
6.21,18.13,1,1,1,0,1.0,1.47
5.48,10.87,3,2,1,0,2.5,0.77
4.92,33.98,1,2,1,0,1.5,19.0
4.69,37.52,2,2,1,0,2.0,13.25
10.89,40.87,1,4,1,1,2.5,19.87
14.56,24.87,2,1,1,1,1.5,10.55
11.33,49.04,3,4,1,1,3.5,-6.46
9.43,26.07,3,4,1,0,3.5,-3.2
3.59,11.09,3,4,1,0,3.5,12.78
9.98,14.83,1,1,1,0,1.0,-2.96
4.82,22.62,1,4,1,0,2.5,-9.28
14.24,12.92,2,1,1,1,1.5,18.33
6.16,47.23,2,4,1,0,3.0,11.86
3.43,42.12,2,2,1,0,2.0,-5.2
12.1,21.23,2,4,1,1,3.0,0.99
7.52,18.68,1,4,1,0,2.5,-8.17
6.98,8.8,1,4,1,0,2.5,-1.08
5.25,18.59,1,2,1,0,1.5,14.44
12.72,21.41,2,2,1,1,2.0,8.45
10.43,31.89,2,1,1,1,1.5,9.79
5.44,5.75,3,1,1,0,2.0,-0.07
4.61,11.47,1,2,1,0,1.5,-0.06
3.67,45.46,3,1,1,0,2.0,9.65
10.53,7.36,2,4,1,1,3.0,4.62
8.39,29.49,1,2,1,0,1.5,16.97
4.07,18.11,3,2,1,0,2.5,19.36
2.19,17.4,3,1,1,0,2.0,9.1
9.84,47.43,3,1,1,0,2.0,-5.62
12.63,7.87,2,2,1,1,2.0,-6.25
8.39,16.38,1,1,1,0,1.0,18.04
4.46,12.87,3,1,1,0,2.0,-5.83
13.76,49.72,1,4,1,1,2.5,-5.36
6.16,8.02,1,2,1,0,1.5,9.66
13.2,29.08,1,2,1,1,1.5,-9.7
8.0,23.53,2,4,1,0,3.0,-0.54
2.89,48.68,3,1,1,0,2.0,8.33
3.59,19.09,1,4,1,0,2.5,11.23
9.42,12.83,3,1,1,0,2.0,8.68
5.89,27.31,2,1,1,0,1.5,10.5
8.05,27.88,2,2,1,0,2.0,-5.51
14.59,10.39,2,4,1,1,3.0,-5.42
11.3,43.87,2,4,1,1,3.0,7.19
11.76,6.32,1,2,1,1,1.5,-1.35
12.12,46.94,1,4,1,1,2.5,10.29
11.98,36.34,2,4,1,1,3.0,-3.22
3.2,32.88,3,2,1,0,2.5,1.28
7.26,17.85,1,4,1,0,2.5,-1.31
9.86,34.9,3,2,1,0,2.5,3.51
5.68,42.64,3,1,1,0,2.0,15.34
5.18,23.13,2,4,1,0,3.0,-1.49
12.85,47.83,3,1,1,1,2.0,-9.63
12.98,28.93,2,2,1,1,2.0,-2.58
10.77,7.87,3,1,1,1,2.0,16.73
3.03,11.18,1,1,1,0,1.0,-1.83
10.62,41.71,3,1,1,1,2.0,11.66
8.86,43.7,2,2,1,0,2.0,-9.58
7.63,39.26,3,4,1,0,3.5,13.36
8.6,38.05,3,4,1,0,3.5,5.76
2.77,20.06,1,2,1,0,1.5,11.06
9.54,28.91,3,2,1,0,2.5,14.72
13.37,49.1,3,1,1,1,2.0,-2.9
6.51,9.55,1,2,1,0,1.5,12.59
8.72,45.62,3,1,1,0,2.0,13.28
11.31,29.75,1,2,1,1,1.5,11.11
5.64,42.34,3,2,1,0,2.5,16.39
3.05,6.76,1,4,1,0,2.5,8.64
9.73,44.68,3,1,1,0,2.0,12.99
14.96,11.47,2,4,1,1,3.0,17.86
8.83,34.94,3,4,1,0,3.5,16.27
6.98,36.03,1,2,1,0,1.5,3.66
12.33,32.76,2,4,1,1,3.0,13.41
11.55,12.26,1,2,1,1,1.5,11.13
7.1,40.66,1,1,1,0,1.0,-6.13
6.84,41.66,1,2,1,0,1.5,-4.6
8.58,12.88,1,2,1,0,1.5,16.8
7.42,10.53,2,1,1,0,1.5,4.08
13.25,6.61,1,1,1,1,1.0,11.3
8.24,8.86,2,2,1,0,2.0,-8.3
6.26,17.15,2,1,1,0,1.5,-7.86
8.89,29.27,1,2,1,0,1.5,17.76
3.06,25.97,2,1,1,0,1.5,8.99
4.52,40.26,2,1,1,0,1.5,2.93
10.25,13.93,2,2,1,1,2.0,-5.05
13.53,11.01,1,2,1,1,1.5,3.83
8.67,14.48,1,4,1,0,2.5,-7.81
2.61,24.0,1,4,1,0,2.5,3.13
13.51,46.5,1,1,1,1,1.0,15.18
10.79,49.49,1,1,1,1,1.0,5.14
7.98,11.68,2,1,1,0,1.5,4.79
13.84,48.73,3,2,1,1,2.5,-3.07
3.59,46.56,2,2,1,0,2.0,19.34
12.68,40.46,2,2,1,1,2.0,1.7
9.11,47.83,3,2,1,0,2.5,2.97
4.93,49.58,2,4,1,0,3.0,-8.07
8.32,8.31,1,1,1,0,1.0,18.43
13.8,47.69,2,4,1,1,3.0,19.87
5.87,36.18,1,2,1,0,1.5,18.81
5.54,17.94,3,4,1,0,3.5,-8.09
14.63,7.32,3,4,1,1,3.5,16.25
4.72,31.04,1,4,1,0,2.5,14.06
3.48,46.61,1,1,1,0,1.0,4.11
13.76,23.34,3,1,1,1,2.0,11.63
4.02,40.03,3,2,1,0,2.5,14.89
11.95,42.25,3,1,1,1,2.0,-9.11
7.94,38.73,1,2,1,0,1.5,6.87
14.28,46.13,1,2,1,1,1.5,11.62
14.7,46.8,2,2,1,1,2.0,-5.39
3.38,37.91,2,4,1,0,3.0,-8.13
9.3,44.11,1,1,1,0,1.0,-2.39
5.27,37.99,1,2,1,0,1.5,7.0
6.59,26.1,2,1,1,0,1.5,-0.35
8.23,13.77,3,1,1,0,2.0,14.46
2.43,31.57,3,2,1,0,2.5,-3.38
11.32,22.54,3,2,1,1,2.5,-2.66
14.94,17.39,1,1,1,1,1.0,-8.08
6.03,6.01,3,2,1,0,2.5,13.3
9.63,35.6,2,1,1,0,1.5,-9.91
14.25,18.03,2,2,1,1,2.0,-0.3
4.97,30.21,1,1,1,0,1.0,-0.79
13.85,8.52,1,2,1,1,1.5,3.41
14.73,22.23,2,1,1,1,1.5,-3.61
5.14,46.67,2,1,1,0,1.5,-9.6
4.77,25.2,2,1,1,0,1.5,-3.95
14.06,27.89,3,4,1,1,3.5,2.44
2.16,26.81,3,4,1,0,3.5,6.83
4.06,10.48,1,2,1,0,1.5,8.39
6.16,16.0,3,1,1,0,2.0,0.67
9.0,13.64,1,4,1,0,2.5,-0.27
7.53,47.96,1,2,1,0,1.5,-7.55
9.22,36.36,3,1,1,0,2.0,7.57
12.69,47.04,3,1,1,1,2.0,7.96
11.25,11.89,1,4,1,1,2.5,2.51
10.73,30.02,1,2,1,1,1.5,3.94
3.54,7.79,2,2,1,0,2.0,2.08
11.5,10.87,3,2,1,1,2.5,-5.24
7.99,18.6,2,1,1,0,1.5,16.96
5.05,29.23,1,2,1,0,1.5,8.85
5.35,48.61,1,2,1,0,1.5,8.69
2.22,27.48,2,2,1,0,2.0,-1.72
10.54,32.03,2,2,1,1,2.0,6.32
5.54,36.5,3,2,1,0,2.5,9.25
14.39,38.25,2,2,1,1,2.0,18.43
7.02,33.18,3,1,1,0,2.0,-7.05
8.34,15.25,1,2,1,0,1.5,-6.89
5.5,49.84,1,4,1,0,2.5,3.31
14.46,5.8,1,4,1,1,2.5,14.48
13.85,31.78,2,2,1,1,2.0,9.06
12.31,18.98,1,1,1,1,1.0,3.06
4.31,32.13,1,1,1,0,1.0,-5.09
4.82,39.34,3,2,1,0,2.5,-6.73
7.21,23.98,2,2,1,0,2.0,-2.51
12.01,34.09,1,1,1,1,1.0,19.77
13.21,49.72,3,2,1,1,2.5,-2.74
3.6,5.14,2,4,1,0,3.0,-4.17
13.54,9.47,3,2,1,1,2.5,2.69
4.85,12.23,1,1,1,0,1.0,14.74
14.08,25.07,2,4,1,1,3.0,7.83
11.57,23.49,3,2,1,1,2.5,-8.62
8.56,11.05,1,2,1,0,1.5,5.71
8.6,9.45,3,4,1,0,3.5,12.81
2.02,31.79,1,4,1,0,2.5,19.32
12.68,12.84,3,2,1,1,2.5,-2.75
7.7,30.12,1,4,1,0,2.5,8.71
11.87,46.3,1,4,1,1,2.5,-1.64
14.53,20.47,2,4,1,1,3.0,18.52
2.75,37.74,3,2,1,0,2.5,2.63
14.55,32.6,1,4,1,1,2.5,17.97
5.58,20.45,1,2,1,0,1.5,-5.86
13.13,12.59,2,4,1,1,3.0,7.18
9.79,13.98,1,1,1,0,1.0,5.28
12.75,45.28,2,4,1,1,3.0,2.56
9.3,14.98,1,2,1,0,1.5,10.04
9.34,18.3,3,2,1,0,2.5,-2.16
12.39,25.8,3,4,1,1,3.5,-4.86
3.64,12.01,3,2,1,0,2.5,-2.69
3.37,30.08,2,1,1,0,1.5,-4.71
5.08,27.2,1,2,1,0,1.5,17.87
7.7,13.76,3,1,1,0,2.0,-4.84
12.43,34.85,1,1,1,1,1.0,-8.48
3.46,38.01,3,4,1,0,3.5,17.46
14.06,34.23,3,4,1,1,3.5,3.81
5.24,34.19,1,1,1,0,1.0,3.78
4.32,42.64,3,1,1,0,2.0,6.39
7.56,34.75,3,2,1,0,2.5,-3.41
3.5,5.15,1,4,1,0,2.5,19.52
3.84,19.23,2,1,1,0,1.5,1.12
13.62,29.88,1,1,1,1,1.0,-5.66
11.16,33.55,1,1,1,1,1.0,5.41
3.86,44.72,1,4,1,0,2.5,19.92
13.28,39.08,1,1,1,1,1.0,9.9
8.94,30.61,2,4,1,0,3.0,0.02
5.64,43.87,1,1,1,0,1.0,-8.52
2.92,10.5,3,2,1,0,2.5,14.68
5.28,15.12,2,4,1,0,3.0,13.05
12.13,39.82,1,2,1,1,1.5,-4.61
9.85,36.02,2,1,1,0,1.5,14.66
11.63,10.4,1,2,1,1,1.5,-3.4
5.48,44.41,1,2,1,0,1.5,10.36
9.06,19.5,1,2,1,0,1.5,19.91
10.88,35.64,2,4,1,1,3.0,-2.28
5.48,30.25,1,1,1,0,1.0,-8.77
11.77,6.29,1,4,1,1,2.5,-1.59
3.78,7.5,2,4,1,0,3.0,15.66
7.78,18.82,3,1,1,0,2.0,-0.04
6.33,48.19,3,1,1,0,2.0,-9.7
4.92,21.44,3,1,1,0,2.0,3.35
13.01,35.89,2,2,1,1,2.0,1.89
4.15,44.01,1,2,1,0,1.5,2.31
2.94,15.11,3,2,1,0,2.5,16.11
12.91,25.32,1,1,1,1,1.0,-5.83
3.7,9.7,1,2,1,0,1.5,-4.29
12.92,5.16,3,2,1,1,2.5,14.65
8.38,38.67,1,1,1,0,1.0,-2.71
8.46,22.55,3,1,1,0,2.0,11.89
9.5,19.19,2,4,1,0,3.0,18.06
10.04,30.37,1,1,1,1,1.0,-0.57
13.4,13.18,2,1,1,1,1.5,-3.21
5.3,22.68,2,1,1,0,1.5,14.81
11.08,18.04,2,4,1,1,3.0,8.57
14.18,5.25,3,4,1,1,3.5,-5.96
4.91,34.66,3,4,1,0,3.5,19.92
2.83,8.87,3,1,1,0,2.0,18.44
4.29,44.74,1,2,1,0,1.5,7.16
5.68,25.26,1,4,1,0,2.5,-1.07
11.32,23.15,1,4,1,1,2.5,-4.87
6.4,42.12,3,4,1,0,3.5,19.19
11.86,33.75,2,1,1,1,1.5,13.26
14.53,19.92,2,2,1,1,2.0,14.06
14.31,29.21,3,4,1,1,3.5,-8.89
7.72,23.08,3,2,1,0,2.5,-4.47
13.06,34.81,3,4,1,1,3.5,-6.75
11.03,45.09,1,2,1,1,1.5,6.54
9.64,41.96,2,4,1,0,3.0,8.93
8.54,37.6,2,1,1,0,1.5,1.22
6.25,7.07,2,1,1,0,1.5,19.43
2.56,27.86,1,2,1,0,1.5,17.39
2.83,28.2,3,2,1,0,2.5,5.65
8.95,9.03,1,2,1,0,1.5,5.42
14.85,49.63,2,2,1,1,2.0,9.05
3.79,11.89,3,1,1,0,2.0,7.15
3.01,31.13,2,2,1,0,2.0,-3.12
2.53,21.09,3,2,1,0,2.5,10.29
8.49,30.71,3,2,1,0,2.5,0.67
6.36,45.91,1,2,1,0,1.5,-7.92
11.57,43.42,2,4,1,1,3.0,8.0
14.52,27.49,3,2,1,1,2.5,17.56
13.16,49.46,3,1,1,1,2.0,15.83
7.5,30.42,1,1,1,0,1.0,3.58
6.68,5.63,2,1,1,0,1.5,-6.19
9.37,47.32,1,1,1,0,1.0,-2.39
14.16,42.67,1,4,1,1,2.5,7.51
7.51,45.02,3,2,1,0,2.5,3.47
14.92,32.21,3,1,1,1,2.0,13.55
11.63,14.23,3,1,1,1,2.0,-1.9
4.19,31.15,2,2,1,0,2.0,-9.85
11.81,41.62,1,2,1,1,1.5,5.35
8.71,10.3,2,4,1,0,3.0,-2.99
11.63,48.18,3,1,1,1,2.0,10.05
3.83,49.73,3,2,1,0,2.5,1.37
8.12,37.45,2,4,1,0,3.0,-5.4
3.7,43.14,2,2,1,0,2.0,2.69
10.06,7.29,1,4,1,1,2.5,-5.59
3.18,13.53,1,1,1,0,1.0,-8.93
4.03,47.71,2,4,1,0,3.0,4.63
7.93,43.57,1,2,1,0,1.5,0.54
10.98,13.17,1,2,1,1,1.5,9.72
3.5,28.1,1,1,1,0,1.0,3.77
13.01,16.85,2,1,1,1,1.5,-7.1
4.67,9.73,3,2,1,0,2.5,14.04
13.18,12.11,2,4,1,1,3.0,11.96
11.63,28.07,2,1,1,1,1.5,18.51
3.17,41.52,1,1,1,0,1.0,11.29
5.92,9.66,2,2,1,0,2.0,5.31
11.82,34.76,3,2,1,1,2.5,8.35
3.15,28.63,3,4,1,0,3.5,-5.07
2.74,39.95,3,4,1,0,3.5,-5.16
6.73,40.6,2,4,1,0,3.0,-3.22
5.65,26.38,2,2,1,0,2.0,-2.03
4.93,17.75,2,2,1,0,2.0,9.36
13.23,11.95,3,4,1,1,3.5,12.95
12.2,45.93,1,1,1,1,1.0,16.44
12.38,9.73,3,2,1,1,2.5,9.83
8.46,22.48,1,4,1,0,2.5,15.94
13.99,46.22,2,4,1,1,3.0,14.58
11.49,21.19,1,4,1,1,2.5,-7.75
7.0,27.39,1,2,1,0,1.5,-9.03
7.99,48.09,1,4,1,0,2.5,16.58
3.74,12.63,1,2,1,0,1.5,5.19
13.47,11.14,2,4,1,1,3.0,0.45
11.03,45.55,3,4,1,1,3.5,2.57
11.49,14.9,2,4,1,1,3.0,0.75
13.72,45.42,3,2,1,1,2.5,8.45
4.15,23.79,1,2,1,0,1.5,10.88
7.53,25.97,2,1,1,0,1.5,-6.51
14.1,12.63,2,1,1,1,1.5,-6.44
5.31,30.6,1,4,1,0,2.5,19.88
6.4,42.65,3,1,1,0,2.0,0.13
9.38,11.47,1,2,1,0,1.5,15.85
9.19,44.85,1,2,1,0,1.5,4.66
5.38,28.97,1,2,1,0,1.5,10.99
3.74,15.62,2,4,1,0,3.0,9.95
2.93,39.49,3,4,1,0,3.5,-3.13
9.19,14.71,3,2,1,0,2.5,12.61
11.77,37.81,3,2,1,1,2.5,-0.6
8.16,45.22,3,2,1,0,2.5,6.5
12.0,47.6,1,4,1,1,2.5,10.22
13.32,8.36,3,4,1,1,3.5,-5.62
9.36,18.23,1,2,1,0,1.5,5.86
11.09,18.97,3,2,1,1,2.5,8.05
12.3,22.07,2,1,1,1,1.5,15.93
2.52,28.74,2,1,1,0,1.5,10.37
7.0,30.3,1,2,1,0,1.5,-2.69
12.35,11.66,3,2,1,1,2.5,-6.93
12.84,12.51,3,4,1,1,3.5,2.11
2.27,8.38,1,1,1,0,1.0,11.26
4.11,37.66,3,1,1,0,2.0,-5.97
3.9,49.85,3,2,1,0,2.5,7.4
7.76,36.71,2,4,1,0,3.0,7.37
13.85,5.98,2,4,1,1,3.0,-4.18
13.94,37.83,2,1,1,1,1.5,10.27
9.05,21.81,2,1,1,0,1.5,6.58
4.98,32.84,1,4,1,0,2.5,19.5
13.09,24.43,3,2,1,1,2.5,6.19
2.43,12.22,1,1,1,0,1.0,11.51
4.82,37.1,2,4,1,0,3.0,3.69
13.29,10.83,3,2,1,1,2.5,0.7
6.26,33.85,2,4,1,0,3.0,2.75
4.25,14.31,3,2,1,0,2.5,6.93
4.78,10.83,2,1,1,0,1.5,3.56
12.03,29.02,3,4,1,1,3.5,8.34
2.35,12.75,1,4,1,0,2.5,2.0
3.46,17.23,3,1,1,0,2.0,-3.57
13.81,42.31,3,4,1,1,3.5,-1.74
8.86,33.37,1,4,1,0,2.5,14.61
13.25,22.71,2,2,1,1,2.0,3.66
3.84,39.8,1,2,1,0,1.5,17.37
11.7,31.3,1,2,1,1,1.5,13.82
9.59,40.81,3,2,1,0,2.5,8.15
4.29,39.57,3,2,1,0,2.5,10.46
4.29,11.19,3,2,1,0,2.5,4.69
10.23,49.53,2,2,1,1,2.0,-4.09
7.49,26.5,3,4,1,0,3.5,16.22
14.81,47.64,1,1,1,1,1.0,-4.65
9.82,15.61,3,2,1,0,2.5,-3.24
14.63,38.43,3,2,1,1,2.5,10.04
11.89,38.89,2,4,1,1,3.0,-4.45
9.8,47.29,2,4,1,0,3.0,-5.62
10.99,22.17,3,1,1,1,2.0,8.51
11.59,15.77,2,4,1,1,3.0,-1.56
8.64,31.28,3,4,1,0,3.5,-8.16
3.2,27.8,2,2,1,0,2.0,-2.66
11.03,28.16,2,2,1,1,2.0,-7.2
12.42,42.47,2,4,1,1,3.0,-7.41
7.75,44.91,2,4,1,0,3.0,8.76
10.66,25.21,2,4,1,1,3.0,16.09
14.27,24.85,3,2,1,1,2.5,18.18
6.29,22.71,3,1,1,0,2.0,6.2
5.52,29.33,3,4,1,0,3.5,19.9
12.94,12.07,2,1,1,1,1.5,11.05
6.93,12.03,1,1,1,0,1.0,6.43
11.2,28.73,2,2,1,1,2.0,17.65
2.46,10.82,3,4,1,0,3.5,-8.72
12.56,29.31,3,2,1,1,2.5,12.83
14.76,45.33,2,4,1,1,3.0,-7.37
3.27,13.14,2,2,1,0,2.0,14.42
6.13,10.72,1,2,1,0,1.5,16.49
9.85,46.47,3,2,1,0,2.5,8.0
3.35,12.75,3,2,1,0,2.5,11.24
10.51,43.62,2,1,1,1,1.5,4.79
6.2,29.51,2,1,1,0,1.5,-6.63
12.58,43.66,1,4,1,1,2.5,2.62
14.88,37.97,2,4,1,1,3.0,-0.2
7.5,41.04,2,1,1,0,1.5,18.83
11.72,16.42,1,1,1,1,1.0,-8.59
9.36,12.23,1,4,1,0,2.5,8.5
14.52,15.94,3,2,1,1,2.5,-4.75
3.56,20.55,2,4,1,0,3.0,-1.72
14.39,49.55,2,2,1,1,2.0,-1.24
4.82,34.13,1,4,1,0,2.5,10.53
12.08,23.28,2,2,1,1,2.0,15.56
10.15,45.46,1,1,1,1,1.0,-7.64
14.53,10.4,2,2,1,1,2.0,-6.88
14.6,20.29,3,4,1,1,3.5,17.5
9.66,41.25,2,2,1,0,2.0,-8.87
14.43,28.62,3,2,1,1,2.5,8.22
10.26,37.26,2,2,1,1,2.0,12.54
5.42,47.08,2,1,1,0,1.5,9.51
7.79,6.97,3,1,1,0,2.0,-6.59
14.62,37.95,2,4,1,1,3.0,9.87
13.1,10.25,3,2,1,1,2.5,-6.71
8.54,22.59,3,2,1,0,2.5,14.37
2.96,15.51,2,2,1,0,2.0,3.78
8.52,25.89,3,2,1,0,2.5,-7.16
10.44,38.33,1,2,1,1,1.5,9.46
6.39,19.21,2,2,1,0,2.0,17.72
8.59,37.63,3,2,1,0,2.5,6.03
7.02,20.67,1,1,1,0,1.0,2.67
9.39,31.27,3,2,1,0,2.5,-9.04
3.21,7.12,2,4,1,0,3.0,9.17
2.31,21.1,3,4,1,0,3.5,3.0
2.02,37.95,1,2,1,0,1.5,-1.44
6.49,25.74,1,1,1,0,1.0,18.66
3.33,8.94,3,2,1,0,2.5,19.91
3.98,14.31,1,1,1,0,1.0,8.04
5.01,40.75,3,1,1,0,2.0,-5.07
6.04,17.27,3,4,1,0,3.5,-6.5
12.02,45.96,3,4,1,1,3.5,-4.71
4.49,19.19,1,2,1,0,1.5,0.3
13.03,14.0,1,4,1,1,2.5,-1.85
8.35,40.33,3,4,1,0,3.5,-1.13
10.43,18.9,3,1,1,1,2.0,0.98
13.5,46.22,1,4,1,1,2.5,1.71
4.42,44.89,2,2,1,0,2.0,-3.7
10.85,48.48,1,1,1,1,1.0,19.41
12.7,26.95,3,4,1,1,3.5,-9.97
14.0,26.12,2,4,1,1,3.0,13.6
6.79,27.01,3,4,1,0,3.5,-3.45
10.94,27.93,2,2,1,1,2.0,7.46
5.53,6.41,3,2,1,0,2.5,-7.42
9.84,27.91,3,2,1,0,2.5,-5.93
10.74,42.28,3,4,1,1,3.5,6.46
7.02,36.55,1,2,1,0,1.5,10.26
11.57,23.74,1,1,1,1,1.0,19.11
2.52,11.35,1,4,1,0,2.5,19.24
12.16,44.34,3,4,1,1,3.5,19.1
9.96,9.42,2,4,1,0,3.0,-0.8
12.9,18.87,3,1,1,1,2.0,14.24
3.14,39.13,1,1,1,0,1.0,-1.97
9.92,25.16,2,2,1,0,2.0,6.88
14.13,38.69,2,2,1,1,2.0,0.33
7.44,23.17,3,2,1,0,2.5,7.84
10.84,21.92,3,2,1,1,2.5,5.3
3.62,7.27,2,4,1,0,3.0,3.59
5.94,21.46,3,1,1,0,2.0,14.13
14.49,28.23,1,4,1,1,2.5,-6.09
8.51,10.78,2,4,1,0,3.0,-4.27
4.0,42.22,1,2,1,0,1.5,-4.07
9.93,19.56,2,2,1,0,2.0,13.14
12.93,40.14,2,4,1,1,3.0,-7.7
4.7,5.28,3,4,1,0,3.5,-4.17
2.19,44.58,1,1,1,0,1.0,6.1
9.85,12.66,2,1,1,0,1.5,6.9
6.04,16.86,3,2,1,0,2.5,-7.96
12.57,11.37,1,4,1,1,2.5,18.6
3.06,14.0,1,2,1,0,1.5,2.98
3.18,34.46,1,2,1,0,1.5,-9.21
8.71,25.39,1,4,1,0,2.5,9.47
3.92,39.49,2,2,1,0,2.0,-7.93
13.64,49.81,3,2,1,1,2.5,-3.93
13.53,26.1,3,2,1,1,2.5,1.21
3.71,6.69,2,2,1,0,2.0,5.76
3.8,22.28,2,4,1,0,3.0,3.77
10.13,30.12,2,1,1,1,1.5,11.23
10.32,32.23,1,1,1,1,1.0,17.47
3.92,17.78,3,1,1,0,2.0,-6.5
7.52,25.36,2,4,1,0,3.0,-9.65
5.55,26.27,2,2,1,0,2.0,13.48
8.75,35.43,2,4,1,0,3.0,-9.38
11.89,45.08,3,2,1,1,2.5,-0.6
5.99,27.04,3,2,1,0,2.5,1.39
12.94,46.03,2,4,1,1,3.0,19.55
9.32,36.22,2,4,1,0,3.0,11.67
5.14,14.87,3,4,1,0,3.5,5.71
4.67,14.66,2,4,1,0,3.0,15.62
4.53,37.7,3,2,1,0,2.5,-1.68
12.76,48.8,2,2,1,1,2.0,3.85
2.4,46.36,1,2,1,0,1.5,11.0
5.01,6.32,1,2,1,0,1.5,14.65
4.8,21.63,3,4,1,0,3.5,-0.16
9.85,43.95,1,4,1,0,2.5,-4.46
3.89,14.02,2,1,1,0,1.5,12.29
11.41,49.49,1,2,1,1,1.5,-4.74
2.04,33.56,1,4,1,0,2.5,6.29
3.75,18.62,2,4,1,0,3.0,-8.38
2.55,8.34,3,4,1,0,3.5,19.79
11.71,17.35,1,1,1,1,1.0,13.21
9.26,44.22,2,2,1,0,2.0,10.94
11.77,7.52,3,4,1,1,3.5,-7.59
14.61,37.53,3,1,1,1,2.0,-5.52
10.34,14.76,3,2,1,1,2.5,-2.19
14.46,6.28,1,4,1,1,2.5,6.48
9.65,37.23,3,4,1,0,3.5,-6.47
12.14,5.24,3,1,1,1,2.0,11.4
5.14,7.61,1,1,1,0,1.0,8.85
11.02,13.11,2,4,1,1,3.0,5.18
2.64,21.36,1,4,1,0,2.5,-5.84
6.78,15.0,3,2,1,0,2.5,3.57
14.96,17.29,1,2,1,1,1.5,6.93
8.4,5.12,1,1,1,0,1.0,3.71
12.42,44.71,3,4,1,1,3.5,19.62
9.68,47.21,1,4,1,0,2.5,0.53
13.62,46.15,1,4,1,1,2.5,-2.6
12.78,48.49,1,4,1,1,2.5,12.82
8.69,11.8,3,1,1,0,2.0,0.56
7.44,24.51,3,4,1,0,3.5,15.52
2.14,29.58,1,4,1,0,2.5,18.25
12.58,43.19,3,1,1,1,2.0,10.99
6.44,11.21,3,1,1,0,2.0,5.06
12.49,43.08,2,2,1,1,2.0,19.49
3.35,25.16,3,1,1,0,2.0,8.91
11.51,21.32,2,4,1,1,3.0,-6.77
3.89,9.19,3,1,1,0,2.0,16.69
6.54,21.64,1,1,1,0,1.0,18.8
11.16,28.13,3,2,1,1,2.5,1.8
4.21,49.88,3,4,1,0,3.5,-2.86
14.06,7.55,1,1,1,1,1.0,10.62
13.77,38.12,2,4,1,1,3.0,15.01
9.14,28.0,3,4,1,0,3.5,-9.73
14.77,37.74,1,4,1,1,2.5,-8.71
7.13,13.37,1,4,1,0,2.5,14.12
5.58,18.67,3,4,1,0,3.5,-6.63
6.2,29.66,2,1,1,0,1.5,-0.97
5.65,13.75,1,2,1,0,1.5,17.83
4.11,5.07,3,4,1,0,3.5,17.0
10.46,16.31,3,4,1,1,3.5,-0.99
5.91,39.89,3,1,1,0,2.0,4.23
12.25,15.11,1,2,1,1,1.5,1.37
12.7,25.71,3,1,1,1,2.0,11.0
12.37,22.93,3,2,1,1,2.5,-1.7
7.57,27.16,2,2,1,0,2.0,-2.7
11.32,46.37,3,1,1,1,2.0,3.13
2.54,14.52,3,4,1,0,3.5,0.83
11.65,19.82,3,4,1,1,3.5,3.55
2.98,36.57,2,4,1,0,3.0,2.49
7.08,10.48,3,2,1,0,2.5,19.9
10.57,21.21,1,4,1,1,2.5,-6.73
14.98,24.43,2,1,1,1,1.5,13.13
2.21,22.61,3,4,1,0,3.5,-2.05
4.77,20.8,2,4,1,0,3.0,10.27
13.33,45.56,2,1,1,1,1.5,-4.38
3.92,5.22,2,2,1,0,2.0,12.4
2.94,11.96,1,2,1,0,1.5,-4.52
6.26,7.96,2,2,1,0,2.0,11.32
10.76,5.09,1,1,1,1,1.0,0.67
6.86,42.89,2,1,1,0,1.5,-6.69
8.62,7.27,2,1,1,0,1.5,-4.02
5.88,9.39,2,1,1,0,1.5,18.51
12.65,36.5,3,4,1,1,3.5,16.39
10.88,32.69,1,2,1,1,1.5,4.13
3.41,13.58,3,2,1,0,2.5,-5.01
5.78,21.12,2,2,1,0,2.0,12.08
12.95,32.32,1,4,1,1,2.5,17.94
9.1,18.63,3,1,1,0,2.0,10.21
12.3,12.78,1,4,1,1,2.5,3.4
4.0,12.5,2,1,1,0,1.5,11.09
8.92,27.05,1,4,1,0,2.5,-4.0
8.93,39.15,1,1,1,0,1.0,-5.93
8.5,5.31,3,2,1,0,2.5,-4.92
4.01,27.45,1,4,1,0,2.5,18.64
13.59,17.18,2,4,1,1,3.0,7.53
2.72,24.37,1,2,1,0,1.5,14.28
5.02,38.12,1,1,1,0,1.0,11.16
8.55,14.86,1,4,1,0,2.5,0.18
2.86,43.4,1,2,1,0,1.5,19.78
8.68,41.72,3,2,1,0,2.5,18.36
3.78,11.37,3,1,1,0,2.0,16.43
5.58,42.04,3,1,1,0,2.0,0.41
6.73,14.16,1,4,1,0,2.5,-0.75
14.53,24.68,1,1,1,1,1.0,-1.73
8.2,29.88,3,4,1,0,3.5,-6.47
10.69,10.5,3,4,1,1,3.5,17.06
3.37,32.14,1,1,1,0,1.0,-3.94
7.65,43.48,1,2,1,0,1.5,5.26
11.49,6.92,3,4,1,1,3.5,-3.42
9.5,13.35,1,1,1,0,1.0,1.95
11.42,36.27,1,4,1,1,2.5,0.4
12.55,31.69,3,2,1,1,2.5,-0.32
9.64,44.38,1,1,1,0,1.0,-5.72
5.21,47.3,2,4,1,0,3.0,-7.4
10.71,6.62,1,2,1,1,1.5,-8.63
14.76,10.0,3,4,1,1,3.5,2.13
2.73,49.85,1,1,1,0,1.0,5.03
2.73,35.01,3,1,1,0,2.0,-9.42
8.24,43.93,2,1,1,0,1.5,17.02
2.95,14.72,3,4,1,0,3.5,18.45
6.85,14.96,3,4,1,0,3.5,15.08
12.94,11.27,2,2,1,1,2.0,16.38
6.15,19.18,1,1,1,0,1.0,14.49
9.52,30.84,1,1,1,0,1.0,18.14
12.99,28.62,3,1,1,1,2.0,16.91
7.14,40.0,1,4,1,0,2.5,-2.6
3.85,17.47,3,1,1,0,2.0,-0.89
2.34,20.03,3,4,1,0,3.5,-1.3
6.85,21.58,2,4,1,0,3.0,17.01
8.84,17.58,1,2,1,0,1.5,-9.08
7.95,26.04,1,2,1,0,1.5,18.0
5.42,36.31,2,4,1,0,3.0,-8.8
12.62,42.53,2,2,1,1,2.0,3.28
2.16,16.41,3,1,1,0,2.0,8.21
7.07,28.73,1,2,1,0,1.5,10.47
7.34,19.73,2,2,1,0,2.0,-7.14
2.77,19.41,3,2,1,0,2.5,14.51
12.0,11.46,1,2,1,1,1.5,-9.05
9.3,47.9,3,4,1,0,3.5,-1.64
10.71,27.6,3,1,1,1,2.0,2.51
9.46,43.29,2,2,1,0,2.0,14.79
4.63,42.87,1,4,1,0,2.5,-4.26
7.45,36.38,1,4,1,0,2.5,11.85
13.26,37.33,2,4,1,1,3.0,-5.3
2.23,40.77,3,2,1,0,2.5,17.55
10.27,24.0,3,2,1,1,2.5,-5.26
8.32,30.34,1,2,1,0,1.5,5.83
7.2,39.02,1,1,1,0,1.0,7.92
7.73,44.75,1,2,1,0,1.5,12.32
6.45,37.15,1,1,1,0,1.0,12.78
2.54,41.25,3,1,1,0,2.0,9.18
2.8,49.74,2,4,1,0,3.0,1.96
6.42,6.94,2,4,1,0,3.0,7.76
9.31,16.79,3,4,1,0,3.5,-1.77
6.83,34.15,3,4,1,0,3.5,15.91
7.78,11.95,3,4,1,0,3.5,2.43
9.06,34.76,3,4,1,0,3.5,11.43
14.67,48.53,1,2,1,1,1.5,18.33
3.98,34.74,1,2,1,0,1.5,2.94
8.24,30.26,2,2,1,0,2.0,2.82
11.35,25.06,2,4,1,1,3.0,-4.47
12.87,21.22,2,2,1,1,2.0,13.41
8.36,9.07,1,1,1,0,1.0,8.05
7.55,27.83,2,2,1,0,2.0,16.89
4.31,7.23,3,2,1,0,2.5,5.81
10.22,41.49,1,2,1,1,1.5,12.67
3.56,11.28,2,2,1,0,2.0,-6.58
5.76,41.74,1,1,1,0,1.0,2.57
7.57,43.4,2,2,1,0,2.0,18.69
13.09,26.47,3,1,1,1,2.0,17.36
5.28,16.99,2,2,1,0,2.0,-8.39
13.42,26.45,1,2,1,1,1.5,4.38
5.44,44.23,2,4,1,0,3.0,13.96
5.92,19.76,1,2,1,0,1.5,1.77
2.82,43.85,3,2,1,0,2.5,-2.78
11.81,8.52,2,2,1,1,2.0,-4.21
6.16,46.43,3,1,1,0,2.0,3.11
3.46,38.8,2,4,1,0,3.0,-4.23
5.57,31.22,2,2,1,0,2.0,14.74
6.15,24.2,1,2,1,0,1.5,-6.83
9.05,34.02,3,1,1,0,2.0,-7.42
7.67,49.95,2,1,1,0,1.5,-5.48
12.34,21.07,3,4,1,1,3.5,-2.37
9.14,17.71,2,2,1,0,2.0,-9.96
11.31,20.66,2,2,1,1,2.0,10.03
9.33,26.69,3,1,1,0,2.0,9.15
10.54,22.96,3,4,1,1,3.5,0.4
2.99,24.68,3,1,1,0,2.0,-9.45
3.43,47.72,3,1,1,0,2.0,-2.34
8.68,42.64,1,4,1,0,2.5,8.31
12.29,43.01,1,1,1,1,1.0,5.51
5.49,10.35,1,2,1,0,1.5,-9.55
8.34,25.85,2,2,1,0,2.0,10.17
3.65,8.01,2,4,1,0,3.0,-8.07
10.21,11.49,1,2,1,1,1.5,-9.6
6.6,8.64,2,2,1,0,2.0,-1.92
13.75,29.24,1,2,1,1,1.5,18.1
5.28,18.23,1,2,1,0,1.5,8.81
3.29,16.65,3,4,1,0,3.5,3.48
2.8,22.08,3,2,1,0,2.5,8.34
8.61,47.67,3,4,1,0,3.5,1.17
12.11,13.41,2,1,1,1,1.5,-3.04
5.95,11.19,1,4,1,0,2.5,-9.99
2.46,27.74,1,2,1,0,1.5,18.94
5.64,47.16,3,1,1,0,2.0,-3.68
9.84,7.77,2,4,1,0,3.0,15.49
8.49,16.79,1,1,1,0,1.0,8.36
3.24,10.68,1,4,1,0,2.5,14.96
11.93,25.67,1,1,1,1,1.0,-0.3
12.21,45.41,3,4,1,1,3.5,11.48
12.78,43.34,2,4,1,1,3.0,-3.96
6.07,26.28,1,1,1,0,1.0,-3.28
6.76,49.18,3,4,1,0,3.5,19.83
5.77,49.46,1,4,1,0,2.5,1.85
12.15,22.95,2,4,1,1,3.0,-1.8
2.12,11.61,1,1,1,0,1.0,0.87
3.33,24.42,1,2,1,0,1.5,-1.73
14.83,45.5,3,2,1,1,2.5,16.94
9.4,31.77,2,2,1,0,2.0,13.81
10.6,22.26,2,1,1,1,1.5,12.93
10.79,13.08,1,4,1,1,2.5,-3.13
12.74,20.03,1,4,1,1,2.5,-9.56
14.4,37.04,2,4,1,1,3.0,-2.51
13.97,7.97,3,4,1,1,3.5,-9.43
13.02,13.97,2,1,1,1,1.5,10.03
5.44,47.0,2,1,1,0,1.5,-2.39
5.67,29.41,1,4,1,0,2.5,-1.93
7.77,11.72,1,2,1,0,1.5,-8.72
8.56,28.09,3,2,1,0,2.5,11.8
10.52,25.61,3,4,1,1,3.5,-0.11
8.01,9.63,3,2,1,0,2.5,15.93
2.18,15.36,3,4,1,0,3.5,-3.13
12.4,37.21,2,2,1,1,2.0,-7.74
14.44,33.16,1,1,1,1,1.0,15.51
6.16,46.8,3,2,1,0,2.5,-5.42
11.27,15.34,3,1,1,1,2.0,-1.92
7.7,24.1,3,1,1,0,2.0,14.73
12.62,35.67,1,4,1,1,2.5,1.31
13.77,9.8,1,4,1,1,2.5,-4.48
12.54,26.2,3,4,1,1,3.5,6.44
3.61,41.61,1,4,1,0,2.5,7.96
7.26,11.59,1,1,1,0,1.0,-8.34
2.59,47.89,3,2,1,0,2.5,16.94
2.04,7.35,1,4,1,0,2.5,-6.39
11.05,30.15,3,4,1,1,3.5,8.51
2.6,48.69,1,1,1,0,1.0,-7.03
4.23,14.51,1,2,1,0,1.5,8.26
9.83,14.38,1,2,1,0,1.5,2.64
4.72,27.17,3,2,1,0,2.5,3.02
4.24,14.15,1,1,1,0,1.0,9.02
3.28,29.41,2,4,1,0,3.0,1.91
11.26,47.96,1,2,1,1,1.5,1.65
5.97,9.95,3,2,1,0,2.5,-5.09
9.99,41.64,2,2,1,0,2.0,12.86
9.98,28.88,2,4,1,0,3.0,-5.18
7.31,19.37,2,1,1,0,1.5,9.48
12.51,47.0,2,2,1,1,2.0,4.77
14.59,7.0,3,4,1,1,3.5,-2.98
2.46,26.58,3,2,1,0,2.5,7.4
10.21,25.89,3,1,1,1,2.0,6.86
6.96,30.15,2,1,1,0,1.5,-7.07
11.79,7.65,1,2,1,1,1.5,6.77
2.01,9.89,1,2,1,0,1.5,7.74
4.79,11.31,2,2,1,0,2.0,-8.55
12.97,15.13,1,2,1,1,1.5,19.91
11.92,20.82,2,2,1,1,2.0,-2.15
10.9,38.65,3,1,1,1,2.0,12.13
13.37,32.4,2,1,1,1,1.5,6.69
2.94,22.7,3,4,1,0,3.5,-4.19
11.35,18.06,2,1,1,1,1.5,13.24
11.7,39.02,1,4,1,1,2.5,14.83
14.92,23.03,2,4,1,1,3.0,-9.89
14.61,34.04,2,1,1,1,1.5,14.31
3.7,29.31,2,1,1,0,1.5,17.17
3.81,46.67,1,1,1,0,1.0,-4.83
11.57,13.06,2,2,1,1,2.0,16.48
3.26,21.51,2,1,1,0,1.5,1.46
13.77,22.42,2,1,1,1,1.5,-6.64
13.43,46.9,2,4,1,1,3.0,-0.67
9.44,8.69,1,1,1,0,1.0,-2.06
7.07,39.97,2,1,1,0,1.5,13.52
13.42,32.18,1,1,1,1,1.0,1.48
7.39,27.88,3,1,1,0,2.0,17.72
11.14,14.06,1,1,1,1,1.0,-4.43
8.25,7.58,2,1,1,0,1.5,8.9
2.82,32.08,3,1,1,0,2.0,12.72
8.37,44.76,2,4,1,0,3.0,-0.69
5.94,26.32,3,1,1,0,2.0,10.72
10.41,44.83,2,4,1,1,3.0,-2.82
6.27,28.47,1,1,1,0,1.0,-1.36
9.74,26.92,1,1,1,0,1.0,4.65
10.63,41.04,1,2,1,1,1.5,11.42
7.1,38.02,1,2,1,0,1.5,15.18
6.0,38.53,2,4,1,0,3.0,-5.38
4.15,34.67,1,1,1,0,1.0,-7.47
6.18,30.45,3,1,1,0,2.0,-0.91
11.18,24.81,3,4,1,1,3.5,-5.35
4.1,16.4,2,4,1,0,3.0,11.42
12.94,49.96,3,1,1,1,2.0,3.16
8.25,9.73,1,1,1,0,1.0,5.29
6.18,45.67,3,1,1,0,2.0,6.19
10.4,37.58,1,2,1,1,1.5,12.58
9.23,28.71,3,4,1,0,3.5,19.35
11.3,30.64,3,4,1,1,3.5,-3.21
13.94,43.86,3,2,1,1,2.5,-5.85
11.5,11.76,1,4,1,1,2.5,5.7
6.12,31.36,2,4,1,0,3.0,-4.38
13.57,46.29,2,4,1,1,3.0,-4.57
4.59,29.28,1,1,1,0,1.0,4.73
14.25,39.32,2,2,1,1,2.0,-1.66
6.31,23.92,1,2,1,0,1.5,4.31
7.1,31.75,2,4,1,0,3.0,10.25
3.78,30.61,2,4,1,0,3.0,-3.47
3.4,27.05,2,2,1,0,2.0,1.11
13.14,24.71,1,1,1,1,1.0,-6.7
9.17,31.51,3,2,1,0,2.5,-7.4
11.05,6.69,1,2,1,1,1.5,12.54
11.67,18.07,2,4,1,1,3.0,-1.53
6.51,29.11,2,1,1,0,1.5,4.25
3.27,26.38,1,2,1,0,1.5,7.38
12.76,29.96,1,1,1,1,1.0,9.52
6.04,12.06,2,4,1,0,3.0,-5.34
7.48,39.83,3,4,1,0,3.5,-3.11
13.48,39.17,3,1,1,1,2.0,-3.99
5.42,45.11,3,1,1,0,2.0,5.54
11.05,27.2,2,2,1,1,2.0,-9.56
14.69,37.51,1,4,1,1,2.5,-6.81
12.99,13.64,3,4,1,1,3.5,2.61
3.23,13.86,3,2,1,0,2.5,-5.9
5.7,10.87,2,2,1,0,2.0,-0.19
6.73,34.95,3,2,1,0,2.5,5.29
6.63,43.9,2,2,1,0,2.0,-0.41
8.78,49.02,2,1,1,0,1.5,-4.84
12.74,42.39,3,4,1,1,3.5,14.34
7.74,19.55,1,4,1,0,2.5,17.21
10.86,33.64,2,1,1,1,1.5,0.86
7.52,12.27,2,1,1,0,1.5,7.78
4.79,26.99,2,1,1,0,1.5,12.99
10.63,49.77,2,4,1,1,3.0,18.94
4.45,45.37,2,1,1,0,1.5,-6.94
10.49,45.01,3,4,1,1,3.5,6.08
10.44,31.66,3,4,1,1,3.5,-6.55
4.22,43.83,2,2,1,0,2.0,-8.64
9.01,49.46,1,2,1,0,1.5,-3.27
4.02,36.68,3,1,1,0,2.0,-4.29
5.41,23.59,3,1,1,0,2.0,6.8
14.47,7.45,3,1,1,1,2.0,-1.15
5.76,14.95,1,4,1,0,2.5,1.76
14.59,6.74,2,4,1,1,3.0,2.69
7.39,47.46,2,4,1,0,3.0,11.72
6.51,35.07,1,2,1,0,1.5,-4.19
2.81,16.45,2,1,1,0,1.5,-6.86
4.39,25.3,3,2,1,0,2.5,-1.68
9.93,44.48,3,2,1,0,2.5,14.02
11.62,13.22,3,2,1,1,2.5,-3.65
6.93,39.99,2,4,1,0,3.0,9.05
2.75,14.24,1,1,1,0,1.0,4.26
10.6,29.71,2,1,1,1,1.5,7.11
8.72,33.0,1,2,1,0,1.5,-3.35
10.27,7.46,3,1,1,1,2.0,-9.33
12.72,14.24,2,2,1,1,2.0,10.29
12.68,18.07,1,4,1,1,2.5,5.8
5.37,34.83,2,1,1,0,1.5,17.15
4.15,35.92,1,4,1,0,2.5,16.48
2.27,19.92,2,1,1,0,1.5,1.86
14.06,15.97,1,1,1,1,1.0,-3.11
13.37,9.65,3,4,1,1,3.5,-2.11
7.84,37.56,3,4,1,0,3.5,-9.17
13.99,41.25,2,2,1,1,2.0,-3.23
6.47,19.6,2,2,1,0,2.0,6.55
7.48,12.47,2,2,1,0,2.0,4.72
7.74,43.6,1,2,1,0,1.5,7.08
10.65,36.8,1,2,1,1,1.5,5.23
13.8,34.41,2,4,1,1,3.0,-3.52
6.99,32.39,2,4,1,0,3.0,17.0
2.48,28.12,1,4,1,0,2.5,1.91
14.64,33.55,1,1,1,1,1.0,2.52
11.13,7.9,3,2,1,1,2.5,17.08
5.71,30.49,2,2,1,0,2.0,16.46
13.57,48.78,2,1,1,1,1.5,4.91
12.65,23.89,3,1,1,1,2.0,-6.31
4.32,40.97,2,2,1,0,2.0,0.89
11.79,15.74,2,4,1,1,3.0,3.67
5.67,12.46,2,2,1,0,2.0,16.14
4.13,15.98,3,1,1,0,2.0,-2.59
8.7,9.33,3,2,1,0,2.5,-4.19
9.04,11.32,1,1,1,0,1.0,1.11
14.14,46.24,1,2,1,1,1.5,-8.72
2.78,17.54,2,2,1,0,2.0,11.09
14.72,23.54,1,4,1,1,2.5,1.1
5.33,20.59,1,1,1,0,1.0,-6.61
2.07,26.99,1,1,1,0,1.0,13.65
7.32,40.11,2,2,1,0,2.0,4.75
2.52,46.44,1,2,1,0,1.5,4.38
4.84,34.99,1,1,1,0,1.0,15.51
4.63,14.26,1,1,1,0,1.0,17.38
7.89,14.42,1,2,1,0,1.5,-6.08
3.2,32.66,2,4,1,0,3.0,14.85
13.56,40.21,2,1,1,1,1.5,-3.25
7.86,32.04,1,1,1,0,1.0,14.37
6.85,45.55,2,1,1,0,1.5,-6.17
4.83,29.59,1,4,1,0,2.5,10.41
7.94,31.08,3,4,1,0,3.5,-0.01
3.66,39.13,2,2,1,0,2.0,3.73
9.5,28.68,2,2,1,0,2.0,1.43
9.6,49.06,3,2,1,0,2.5,5.92
13.33,32.69,2,1,1,1,1.5,17.4
5.73,44.54,3,2,1,0,2.5,17.49
12.34,21.09,2,4,1,1,3.0,-6.4
9.02,29.69,2,2,1,0,2.0,14.57
13.6,42.34,3,4,1,1,3.5,10.87
12.29,13.46,3,1,1,1,2.0,6.33
12.06,9.24,2,1,1,1,1.5,-2.33
12.87,47.42,1,1,1,1,1.0,-1.28
4.53,8.77,1,2,1,0,1.5,-7.8
5.14,15.85,1,4,1,0,2.5,-5.78
8.06,11.8,3,4,1,0,3.5,1.53
14.82,30.34,1,2,1,1,1.5,10.22
8.09,5.07,2,4,1,0,3.0,12.51
8.55,42.01,1,1,1,0,1.0,0.76
10.6,15.74,1,2,1,1,1.5,2.6
8.4,37.72,1,4,1,0,2.5,6.17
11.8,17.55,1,2,1,1,1.5,18.74
4.39,34.7,2,4,1,0,3.0,9.59
4.69,28.13,1,2,1,0,1.5,16.88
4.64,36.41,1,1,1,0,1.0,2.86
9.19,11.19,3,1,1,0,2.0,13.72
8.44,5.64,1,2,1,0,1.5,-9.39
11.4,27.82,2,1,1,1,1.5,12.35
9.36,9.02,3,2,1,0,2.5,-2.72
7.37,24.81,2,1,1,0,1.5,17.46
3.46,36.66,1,4,1,0,2.5,11.14
6.51,39.96,1,2,1,0,1.5,11.63
11.97,40.67,1,1,1,1,1.0,7.94
6.84,29.53,1,4,1,0,2.5,-7.57
11.27,46.16,3,1,1,1,2.0,13.74
6.95,30.88,3,4,1,0,3.5,16.51
10.8,7.89,3,2,1,1,2.5,5.65
12.43,44.97,2,1,1,1,1.5,-6.72
12.47,11.81,1,4,1,1,2.5,9.86
8.94,10.31,3,1,1,0,2.0,12.62
5.69,12.11,2,1,1,0,1.5,6.89
10.18,22.56,1,4,1,1,2.5,-1.66
5.22,39.62,2,1,1,0,1.5,12.28
12.78,48.97,2,4,1,1,3.0,5.18
2.78,48.08,3,4,1,0,3.5,-9.38
9.32,17.44,1,4,1,0,2.5,8.14
11.59,10.51,1,4,1,1,2.5,17.37
4.45,19.43,1,2,1,0,1.5,17.43
6.24,26.47,2,4,1,0,3.0,-2.32
7.09,34.08,2,1,1,0,1.5,15.3
11.53,26.05,1,2,1,1,1.5,15.37
2.57,19.25,2,1,1,0,1.5,-1.67
13.38,28.13,3,1,1,1,2.0,-5.44
14.29,5.12,2,2,1,1,2.0,4.19
8.88,43.02,1,1,1,0,1.0,15.54
7.88,32.02,2,4,1,0,3.0,-2.58
9.96,24.86,1,4,1,0,2.5,-1.0
8.31,15.39,1,2,1,0,1.5,-0.68
6.1,40.4,3,1,1,0,2.0,-0.95
14.48,10.03,2,1,1,1,1.5,-7.65
10.08,19.25,1,1,1,1,1.0,16.79
13.53,13.91,3,2,1,1,2.5,5.39
6.69,46.37,3,2,1,0,2.5,2.41
5.85,21.51,1,1,1,0,1.0,5.01
2.1,34.27,1,4,1,0,2.5,7.71
8.77,6.08,3,2,1,0,2.5,-9.73
10.86,31.64,2,2,1,1,2.0,-6.77
11.15,30.21,2,2,1,1,2.0,8.27
14.05,17.95,1,1,1,1,1.0,-9.02
5.17,31.49,2,4,1,0,3.0,5.17
11.66,14.72,3,4,1,1,3.5,18.72
2.16,34.64,3,1,1,0,2.0,-3.52
8.72,35.43,2,1,1,0,1.5,-6.09
12.5,9.98,3,4,1,1,3.5,14.31
11.7,37.43,1,4,1,1,2.5,-8.42
6.57,22.1,2,2,1,0,2.0,6.58
4.15,30.19,3,1,1,0,2.0,1.1
9.1,47.08,1,4,1,0,2.5,1.31
7.65,43.84,1,2,1,0,1.5,11.13
4.11,18.94,1,1,1,0,1.0,3.49
8.91,43.05,3,1,1,0,2.0,14.13
7.21,41.33,1,4,1,0,2.5,-6.56
13.28,18.65,3,2,1,1,2.5,-3.41
4.83,48.8,2,2,1,0,2.0,1.16
7.12,43.52,1,1,1,0,1.0,-7.56
13.48,13.25,3,4,1,1,3.5,-3.05
11.47,35.3,2,1,1,1,1.5,10.47
10.34,26.25,1,4,1,1,2.5,10.65
8.92,22.69,1,1,1,0,1.0,5.32
12.09,29.09,2,1,1,1,1.5,2.45
8.95,27.46,2,1,1,0,1.5,9.0
4.92,39.76,3,1,1,0,2.0,-8.97
2.48,42.22,3,1,1,0,2.0,1.92
14.57,16.75,3,2,1,1,2.5,18.87
2.29,25.5,3,2,1,0,2.5,-7.51
7.29,22.26,1,1,1,0,1.0,13.28
14.72,40.37,3,4,1,1,3.5,3.19
5.29,45.95,1,2,1,0,1.5,6.23
12.54,17.22,2,1,1,1,1.5,13.91
3.59,32.19,3,4,1,0,3.5,-8.39
6.81,13.27,3,1,1,0,2.0,6.92
6.81,32.63,1,2,1,0,1.5,14.64
8.45,18.41,2,4,1,0,3.0,13.04
8.34,40.39,3,2,1,0,2.5,19.98
12.71,45.05,3,2,1,1,2.5,12.32
11.99,27.97,1,4,1,1,2.5,16.31
11.59,42.78,2,1,1,1,1.5,16.57
14.83,7.14,1,4,1,1,2.5,-6.08
7.11,49.25,2,4,1,0,3.0,1.03
5.85,29.25,3,1,1,0,2.0,-6.57
3.94,29.74,2,2,1,0,2.0,0.66
2.54,32.24,1,1,1,0,1.0,4.64
14.14,33.1,2,4,1,1,3.0,-2.48
9.51,37.35,1,2,1,0,1.5,12.26
13.56,41.62,3,2,1,1,2.5,2.87
6.66,5.47,3,2,1,0,2.5,-8.55
11.07,49.1,3,1,1,1,2.0,20.0
3.64,24.55,3,1,1,0,2.0,0.97
14.79,12.58,2,2,1,1,2.0,2.18
8.21,22.83,2,1,1,0,1.5,6.43
14.61,12.03,3,4,1,1,3.5,-0.15
6.6,47.46,3,2,1,0,2.5,-4.51
6.6,23.07,2,4,1,0,3.0,-6.43
9.04,6.67,3,4,1,0,3.5,10.03
4.61,10.3,3,1,1,0,2.0,8.67
14.4,33.6,3,4,1,1,3.5,4.76
5.82,17.89,1,4,1,0,2.5,2.43
13.96,38.41,2,1,1,1,1.5,-0.56
5.53,37.94,1,2,1,0,1.5,6.33
14.93,26.8,2,4,1,1,3.0,-8.28
11.13,11.2,2,4,1,1,3.0,-5.35
11.92,7.74,3,2,1,1,2.5,14.52
14.7,32.97,1,2,1,1,1.5,-9.3
10.39,8.3,3,1,1,1,2.0,-3.68
2.97,9.29,2,4,1,0,3.0,18.07
7.07,40.93,2,1,1,0,1.5,-0.59
6.64,8.16,3,4,1,0,3.5,-0.86
3.75,9.53,1,1,1,0,1.0,-2.45
4.12,45.76,3,1,1,0,2.0,19.16
6.7,5.92,1,1,1,0,1.0,5.26
13.85,46.5,1,1,1,1,1.0,13.23
4.72,40.17,3,2,1,0,2.5,12.76
13.1,7.75,3,2,1,1,2.5,-4.61
12.79,8.8,1,1,1,1,1.0,-7.49
8.56,40.45,1,4,1,0,2.5,8.0
10.74,32.24,2,4,1,1,3.0,-9.36
2.37,9.6,1,2,1,0,1.5,14.25
7.53,24.6,1,1,1,0,1.0,11.53
3.46,7.5,2,1,1,0,1.5,11.4
4.94,21.9,1,2,1,0,1.5,-5.46
5.88,6.17,1,2,1,0,1.5,-6.14
3.58,7.55,2,1,1,0,1.5,6.44
12.76,30.43,2,1,1,1,1.5,-7.93
8.64,8.97,2,2,1,0,2.0,0.76
2.88,28.01,2,4,1,0,3.0,15.36
12.12,31.94,1,1,1,1,1.0,-5.34
14.21,30.65,1,1,1,1,1.0,11.86
2.4,5.78,3,1,1,0,2.0,17.76
2.44,11.51,2,1,1,0,1.5,6.95
2.83,6.69,1,4,1,0,2.5,-5.9
13.87,37.46,1,2,1,1,1.5,0.28
12.48,46.88,1,1,1,1,1.0,6.29
5.29,10.96,2,1,1,0,1.5,-0.86
11.04,6.78,3,4,1,1,3.5,-8.67
8.22,44.37,1,4,1,0,2.5,-7.47
9.17,28.73,2,1,1,0,1.5,17.22
13.43,49.04,3,1,1,1,2.0,17.44
3.55,34.9,1,1,1,0,1.0,-1.98
13.83,20.57,2,2,1,1,2.0,2.48
13.9,12.22,1,2,1,1,1.5,-3.47
7.18,33.49,3,1,1,0,2.0,5.2
2.62,28.95,2,2,1,0,2.0,17.55
12.54,25.15,3,1,1,1,2.0,-6.11
14.93,40.15,3,1,1,1,2.0,6.6
5.19,25.56,1,1,1,0,1.0,16.77
8.55,21.41,3,1,1,0,2.0,-0.25
11.43,19.53,2,2,1,1,2.0,8.95
12.11,20.2,3,1,1,1,2.0,-0.41
6.3,29.29,3,4,1,0,3.5,4.69
10.95,29.71,3,1,1,1,2.0,-9.86
4.11,20.16,2,1,1,0,1.5,-0.3
8.1,22.49,1,1,1,0,1.0,11.15
7.16,32.73,3,1,1,0,2.0,-7.94
6.7,36.79,1,4,1,0,2.5,-3.49
14.03,30.53,3,2,1,1,2.5,4.33
2.81,19.06,1,2,1,0,1.5,18.58
5.5,17.08,3,4,1,0,3.5,2.41
13.53,14.69,1,4,1,1,2.5,18.38
12.5,24.59,3,1,1,1,2.0,10.63
3.68,14.78,3,2,1,0,2.5,10.25
5.23,48.17,3,1,1,0,2.0,-4.05
5.66,31.1,2,4,1,0,3.0,15.46
4.27,12.65,3,1,1,0,2.0,-4.53
12.62,23.71,1,1,1,1,1.0,14.94
8.01,9.55,2,4,1,0,3.0,-2.41
8.94,41.79,2,2,1,0,2.0,5.66
8.43,12.84,3,2,1,0,2.5,1.37
2.82,45.18,2,4,1,0,3.0,10.72
12.91,40.94,3,4,1,1,3.5,6.59
12.62,29.72,1,2,1,1,1.5,5.56
3.24,48.4,3,1,1,0,2.0,-6.83
10.44,34.39,2,4,1,1,3.0,16.43
13.87,6.34,2,4,1,1,3.0,10.66
8.6,49.51,1,2,1,0,1.5,10.97
2.99,36.08,2,1,1,0,1.5,-7.98
11.88,49.96,3,1,1,1,2.0,3.27
12.44,16.74,2,4,1,1,3.0,0.31
6.11,38.45,2,2,1,0,2.0,8.74
12.52,33.07,1,2,1,1,1.5,14.74
10.03,34.52,2,1,1,1,1.5,16.87
9.85,28.53,2,1,1,0,1.5,19.88
6.95,9.48,3,4,1,0,3.5,14.25
11.04,48.39,2,2,1,1,2.0,-7.19
4.83,20.13,1,1,1,0,1.0,-7.77
11.21,9.86,3,4,1,1,3.5,0.13
2.43,6.22,2,4,1,0,3.0,13.19
8.54,6.4,2,4,1,0,3.0,2.37
3.36,48.55,3,1,1,0,2.0,-6.89
14.44,42.38,2,2,1,1,2.0,18.2
4.82,5.38,2,2,1,0,2.0,0.47
6.28,30.5,2,4,1,0,3.0,12.51
7.36,20.67,1,2,1,0,1.5,16.67
4.39,26.69,2,2,1,0,2.0,14.08
7.04,44.99,3,4,1,0,3.5,-7.81
4.58,49.47,2,4,1,0,3.0,10.84
5.69,20.79,1,4,1,0,2.5,10.54
11.0,8.2,3,4,1,1,3.5,14.8
4.43,42.8,1,2,1,0,1.5,14.87
11.56,43.68,2,1,1,1,1.5,-0.07
11.05,38.28,2,4,1,1,3.0,5.36
7.54,24.43,1,1,1,0,1.0,13.67
14.04,22.8,3,2,1,1,2.5,14.17
14.45,28.19,1,1,1,1,1.0,-0.09
5.05,25.07,1,4,1,0,2.5,-8.03
13.85,13.04,2,2,1,1,2.0,-3.35
6.85,41.33,3,2,1,0,2.5,-4.29
14.89,14.18,3,1,1,1,2.0,4.5
5.0,26.24,2,2,1,0,2.0,9.07
7.56,41.1,3,2,1,0,2.5,-3.15
9.53,6.86,2,4,1,0,3.0,-0.93
4.34,23.05,3,2,1,0,2.5,5.99
12.71,25.89,1,4,1,1,2.5,15.31
14.04,16.75,3,1,1,1,2.0,-8.65
2.88,46.53,1,4,1,0,2.5,4.23
8.94,9.04,2,2,1,0,2.0,-2.1
9.49,10.47,2,4,1,0,3.0,-9.08
5.01,11.8,1,4,1,0,2.5,9.44
2.39,26.55,3,4,1,0,3.5,-1.84
6.13,18.49,1,1,1,0,1.0,-6.98
10.81,44.73,3,2,1,1,2.5,7.73
12.94,5.36,2,2,1,1,2.0,6.16
11.8,34.02,1,4,1,1,2.5,11.19
11.56,37.75,2,1,1,1,1.5,17.13
3.15,6.99,2,1,1,0,1.5,-7.11
8.46,29.96,3,2,1,0,2.5,11.44
4.79,15.36,1,2,1,0,1.5,-2.42
4.16,19.22,2,2,1,0,2.0,-5.11
13.8,36.08,1,2,1,1,1.5,12.28
2.04,17.26,2,1,1,0,1.5,2.84
14.47,31.33,2,1,1,1,1.5,12.29
14.46,49.91,3,1,1,1,2.0,-1.34
4.67,25.45,3,4,1,0,3.5,3.09
2.1,36.58,1,2,1,0,1.5,0.43
10.35,30.04,1,4,1,1,2.5,11.87
7.61,41.84,2,2,1,0,2.0,16.58
7.32,29.86,1,1,1,0,1.0,3.76
10.42,24.71,1,1,1,1,1.0,15.18
9.66,47.53,1,1,1,0,1.0,17.56
7.84,14.38,3,1,1,0,2.0,16.68
11.12,40.27,1,4,1,1,2.5,17.84
2.44,5.92,1,1,1,0,1.0,17.49
12.0,6.33,3,2,1,1,2.5,-3.65
7.26,7.22,3,4,1,0,3.5,9.37
12.17,45.99,1,4,1,1,2.5,10.27
7.05,34.02,2,1,1,0,1.5,-8.97
8.16,28.27,1,4,1,0,2.5,-1.74
12.31,31.02,1,4,1,1,2.5,1.59
3.05,40.99,2,1,1,0,1.5,-7.06
9.8,25.53,2,1,1,0,1.5,-5.4
13.71,29.76,2,2,1,1,2.0,6.14
5.11,8.86,2,2,1,0,2.0,15.81
12.11,20.23,3,4,1,1,3.5,-9.59
5.63,48.5,2,2,1,0,2.0,7.11
2.78,31.07,1,1,1,0,1.0,14.96
2.06,30.81,1,2,1,0,1.5,3.06
10.43,25.48,1,4,1,1,2.5,17.12
2.12,36.53,2,1,1,0,1.5,4.14
10.99,29.03,2,4,1,1,3.0,2.29
9.31,31.66,2,2,1,0,2.0,6.94
12.51,23.46,3,2,1,1,2.5,-6.52
14.46,39.11,1,2,1,1,1.5,2.79
8.27,36.15,2,1,1,0,1.5,-4.4
6.16,5.54,3,4,1,0,3.5,-8.33
7.33,30.4,2,2,1,0,2.0,-1.11
7.21,35.01,2,2,1,0,2.0,-2.68
3.06,25.48,2,4,1,0,3.0,5.65
11.95,22.32,1,2,1,1,1.5,6.47
14.93,15.68,3,1,1,1,2.0,13.3
5.95,7.94,3,2,1,0,2.5,15.44
10.25,46.72,1,1,1,1,1.0,16.4
6.26,48.97,1,4,1,0,2.5,-1.37
9.58,13.21,2,4,1,0,3.0,7.23
7.39,26.44,1,1,1,0,1.0,15.98
4.5,45.95,3,1,1,0,2.0,5.01
9.82,10.2,3,2,1,0,2.5,16.13
8.18,29.99,1,1,1,0,1.0,1.24
6.2,12.05,3,1,1,0,2.0,17.59
3.97,23.76,1,2,1,0,1.5,10.12
14.0,20.56,2,1,1,1,1.5,-1.65
8.49,48.92,2,2,1,0,2.0,-5.44
12.19,10.73,1,4,1,1,2.5,6.26
14.35,16.98,1,4,1,1,2.5,-8.95
10.64,22.69,3,1,1,1,2.0,16.89
6.2,31.63,3,2,1,0,2.5,12.55
12.81,14.61,2,4,1,1,3.0,16.7
11.21,35.15,2,2,1,1,2.0,19.87
4.12,41.39,1,1,1,0,1.0,1.45
8.52,39.56,1,1,1,0,1.0,-2.64
5.67,14.27,1,1,1,0,1.0,1.73
14.33,13.43,3,2,1,1,2.5,12.56
9.14,10.05,2,2,1,0,2.0,-0.89
13.82,31.89,1,1,1,1,1.0,-6.55
3.99,38.84,3,1,1,0,2.0,12.78
14.51,21.03,2,4,1,1,3.0,3.58
9.91,11.98,2,1,1,0,1.5,-2.98
14.14,36.67,1,2,1,1,1.5,5.65
2.64,36.3,3,1,1,0,2.0,-1.96
6.08,34.49,3,1,1,0,2.0,-1.27
4.2,23.47,1,2,1,0,1.5,18.11
4.48,11.37,1,1,1,0,1.0,10.64
8.2,31.23,2,1,1,0,1.5,19.59
13.67,42.84,2,4,1,1,3.0,19.21
9.38,32.96,2,1,1,0,1.5,17.66
2.56,23.56,3,1,1,0,2.0,9.79
6.95,26.11,2,2,1,0,2.0,17.96
6.79,47.82,3,4,1,0,3.5,3.35
12.96,18.82,2,1,1,1,1.5,8.28
12.46,34.48,1,4,1,1,2.5,6.69
6.45,19.23,2,2,1,0,2.0,-7.53
12.89,11.34,1,4,1,1,2.5,1.65
11.15,27.8,2,1,1,1,1.5,-5.0
8.39,7.53,1,1,1,0,1.0,12.71
13.81,35.17,1,2,1,1,1.5,10.38
8.12,45.76,3,1,1,0,2.0,10.46
10.93,30.8,2,4,1,1,3.0,10.15
10.7,46.76,3,2,1,1,2.5,-7.97
2.72,23.54,3,2,1,0,2.5,8.74
5.52,36.79,1,2,1,0,1.5,2.43
10.58,13.51,1,2,1,1,1.5,12.71
2.39,44.85,3,4,1,0,3.5,14.59
11.91,12.52,1,2,1,1,1.5,10.81
10.19,9.11,2,2,1,1,2.0,-8.11
7.66,28.42,3,4,1,0,3.5,8.4
5.29,16.67,3,2,1,0,2.5,10.12
9.01,40.13,2,2,1,0,2.0,2.64
5.42,43.55,1,2,1,0,1.5,-2.41
3.6,12.06,3,2,1,0,2.5,0.8
9.98,48.17,1,2,1,0,1.5,1.07
7.37,31.49,1,1,1,0,1.0,18.79
11.01,14.04,3,2,1,1,2.5,-8.04
14.24,14.46,3,1,1,1,2.0,9.85
4.75,47.25,3,2,1,0,2.5,4.0
3.02,35.98,3,4,1,0,3.5,7.21
5.86,33.17,2,4,1,0,3.0,-5.41
13.47,33.04,2,4,1,1,3.0,-1.16
11.12,42.4,2,2,1,1,2.0,-8.42
3.88,42.68,2,1,1,0,1.5,5.51
2.66,7.1,2,1,1,0,1.5,0.8
6.96,17.23,2,2,1,0,2.0,13.49
8.18,43.74,2,1,1,0,1.5,2.37
3.11,42.64,2,2,1,0,2.0,6.47
12.39,10.54,2,1,1,1,1.5,-2.7
7.4,7.76,2,4,1,0,3.0,-3.92
3.12,38.45,2,2,1,0,2.0,10.7
6.66,35.28,2,2,1,0,2.0,-8.06
14.08,17.54,2,1,1,1,1.5,-5.12
10.34,47.53,2,4,1,1,3.0,7.94
9.16,20.65,3,2,1,0,2.5,18.57
4.99,15.93,3,1,1,0,2.0,9.83
7.82,29.85,2,4,1,0,3.0,-0.82
4.43,29.11,3,1,1,0,2.0,16.11
13.79,11.84,1,4,1,1,2.5,18.41
13.54,34.37,2,2,1,1,2.0,2.23
11.77,9.48,1,4,1,1,2.5,10.94
5.58,46.81,2,1,1,0,1.5,1.99
10.21,40.7,3,1,1,1,2.0,-2.18
7.34,18.23,1,1,1,0,1.0,15.9
3.27,19.92,1,2,1,0,1.5,2.06
6.84,49.58,3,4,1,0,3.5,18.01
5.02,48.3,3,1,1,0,2.0,-2.35
2.21,10.16,3,4,1,0,3.5,-6.51
2.1,33.42,2,1,1,0,1.5,9.87
4.7,48.62,1,4,1,0,2.5,19.9
11.04,28.26,3,2,1,1,2.5,13.07
9.2,14.64,1,2,1,0,1.5,10.32
12.72,12.65,1,1,1,1,1.0,-8.29
9.44,38.21,2,1,1,0,1.5,10.31
3.07,32.78,3,2,1,0,2.5,-9.8
5.66,12.31,2,4,1,0,3.0,4.52
10.21,26.57,2,1,1,1,1.5,18.33
5.57,48.41,2,1,1,0,1.5,9.69
5.51,10.77,2,1,1,0,1.5,-4.24
3.93,47.83,2,2,1,0,2.0,10.25
3.43,10.59,1,4,1,0,2.5,2.8
14.43,36.56,1,4,1,1,2.5,2.52
5.54,16.6,1,2,1,0,1.5,6.63
7.02,29.08,2,1,1,0,1.5,14.74
6.1,13.64,3,1,1,0,2.0,-7.55
8.2,27.26,2,1,1,0,1.5,-8.39
9.79,24.61,1,1,1,0,1.0,17.1
3.86,5.91,1,4,1,0,2.5,13.78
4.87,35.34,3,1,1,0,2.0,3.51
4.77,48.65,1,1,1,0,1.0,13.36
14.27,8.28,1,2,1,1,1.5,-7.14
4.59,11.74,1,1,1,0,1.0,14.37
12.3,33.19,1,2,1,1,1.5,-2.72
7.24,31.16,2,1,1,0,1.5,0.74
13.78,5.91,3,2,1,1,2.5,17.7
5.37,12.64,3,1,1,0,2.0,-7.56
8.43,44.52,3,1,1,0,2.0,-2.19
2.49,45.37,2,2,1,0,2.0,-5.19
2.28,36.7,3,4,1,0,3.5,10.82
14.88,39.97,2,2,1,1,2.0,19.97
13.37,11.14,1,2,1,1,1.5,-6.53
8.26,17.31,3,1,1,0,2.0,7.52
10.93,28.04,1,1,1,1,1.0,-2.53
7.62,47.88,1,1,1,0,1.0,-3.43
9.49,36.47,2,2,1,0,2.0,-3.47
4.13,10.26,1,2,1,0,1.5,16.97
11.45,43.0,2,4,1,1,3.0,12.12
2.53,15.44,1,2,1,0,1.5,14.31
9.09,43.31,3,1,1,0,2.0,-5.98
12.67,38.87,1,2,1,1,1.5,14.59
7.98,32.41,1,4,1,0,2.5,11.97
6.04,34.68,1,4,1,0,2.5,-9.8
4.94,26.02,3,2,1,0,2.5,1.28
7.51,42.86,2,2,1,0,2.0,19.14
9.81,24.85,3,1,1,0,2.0,18.97
7.42,44.23,1,2,1,0,1.5,-4.99
5.34,32.67,2,2,1,0,2.0,2.73
10.61,14.54,1,4,1,1,2.5,-1.89
10.56,9.41,2,1,1,1,1.5,14.47
4.91,35.76,2,1,1,0,1.5,-6.78
14.11,47.51,2,2,1,1,2.0,-4.84
4.9,37.54,1,1,1,0,1.0,-0.07
11.7,32.83,2,2,1,1,2.0,-8.17
6.63,12.56,2,1,1,0,1.5,-9.15
6.67,35.13,3,2,1,0,2.5,2.86
8.8,12.63,3,4,1,0,3.5,-7.46
7.37,32.06,3,2,1,0,2.5,-3.12
12.66,49.51,1,4,1,1,2.5,6.35
2.78,21.53,1,1,1,0,1.0,12.74
6.39,5.05,2,4,1,0,3.0,11.56
3.83,27.24,3,4,1,0,3.5,11.44
6.85,27.96,3,2,1,0,2.5,1.69
10.89,7.97,1,2,1,1,1.5,11.55
2.16,11.34,1,1,1,0,1.0,4.25
12.58,43.42,2,2,1,1,2.0,13.15
4.12,6.79,1,4,1,0,2.5,4.15
5.76,6.0,2,4,1,0,3.0,-2.79
7.58,20.44,2,4,1,0,3.0,-3.87
3.6,6.33,3,1,1,0,2.0,6.81
3.97,41.29,2,1,1,0,1.5,-8.3
10.77,35.93,3,1,1,1,2.0,12.12
13.98,24.64,3,4,1,1,3.5,-6.57
7.01,42.66,3,4,1,0,3.5,-8.84
14.49,31.47,1,2,1,1,1.5,-8.84
6.9,12.42,3,1,1,0,2.0,10.15
11.66,33.4,3,4,1,1,3.5,4.16
4.34,45.56,3,4,1,0,3.5,-2.24
2.25,17.56,2,4,1,0,3.0,14.61
9.0,18.07,1,1,1,0,1.0,-5.41
11.85,38.77,1,1,1,1,1.0,1.97
3.73,14.83,1,1,1,0,1.0,0.01
4.02,32.2,1,4,1,0,2.5,18.22
6.57,41.0,2,1,1,0,1.5,12.23
8.04,22.68,3,4,1,0,3.5,-9.61
8.89,25.24,2,1,1,0,1.5,8.83
6.97,28.5,2,4,1,0,3.0,9.54
2.4,26.82,3,2,1,0,2.5,-2.57
10.05,11.7,2,4,1,1,3.0,16.92
5.72,12.99,3,1,1,0,2.0,-6.94
14.17,47.36,3,4,1,1,3.5,11.32
4.73,33.08,1,2,1,0,1.5,-1.99
14.52,12.3,1,2,1,1,1.5,6.47
10.61,45.28,2,2,1,1,2.0,4.17
11.97,19.92,2,4,1,1,3.0,6.49
6.26,46.56,2,1,1,0,1.5,7.33
11.21,9.14,1,2,1,1,1.5,-8.04
14.03,38.69,1,4,1,1,2.5,18.91
5.27,48.24,1,4,1,0,2.5,9.32
13.03,16.75,2,4,1,1,3.0,12.91
14.11,18.5,2,4,1,1,3.0,14.41
9.35,8.96,3,2,1,0,2.5,-0.34
9.05,42.13,3,2,1,0,2.5,-9.56
13.19,16.34,1,1,1,1,1.0,9.8
8.12,47.55,3,1,1,0,2.0,5.43
9.39,12.19,1,1,1,0,1.0,-9.38
2.08,34.32,2,1,1,0,1.5,-4.76
4.73,16.64,1,1,1,0,1.0,17.65
14.06,45.92,1,1,1,1,1.0,15.1
7.07,13.59,1,2,1,0,1.5,11.63
4.54,6.39,1,1,1,0,1.0,-0.12
6.78,44.93,3,2,1,0,2.5,19.18
6.62,40.13,1,2,1,0,1.5,2.95
9.48,37.9,1,1,1,0,1.0,12.05
4.7,8.55,2,1,1,0,1.5,-2.03
2.48,25.31,3,1,1,0,2.0,15.06
12.92,9.42,1,1,1,1,1.0,-1.71
10.44,42.13,1,1,1,1,1.0,13.85
13.99,15.5,3,1,1,1,2.0,-0.51
13.34,41.99,1,4,1,1,2.5,17.77
14.22,42.17,3,1,1,1,2.0,16.5
2.33,28.04,3,1,1,0,2.0,1.11
2.43,41.04,2,1,1,0,1.5,19.8
9.27,30.12,3,2,1,0,2.5,-3.52
13.13,35.06,2,2,1,1,2.0,10.86
7.63,47.85,1,4,1,0,2.5,11.72
6.04,38.37,2,1,1,0,1.5,-2.44
6.4,8.2,2,4,1,0,3.0,0.22
12.27,13.54,3,1,1,1,2.0,-3.11
14.76,43.89,2,1,1,1,1.5,11.5
2.74,29.53,1,4,1,0,2.5,-3.96
14.98,42.78,2,1,1,1,1.5,-9.03
13.09,14.7,1,1,1,1,1.0,16.75
9.43,37.14,2,1,1,0,1.5,7.42
8.61,8.31,2,1,1,0,1.5,12.8
8.05,22.7,2,4,1,0,3.0,2.19
3.41,27.5,2,4,1,0,3.0,5.92
14.62,29.26,3,1,1,1,2.0,-3.78
3.85,43.6,1,1,1,0,1.0,9.65
14.48,7.81,2,1,1,1,1.5,0.18
12.56,28.92,3,4,1,1,3.5,11.06
4.21,23.13,3,1,1,0,2.0,-1.59
6.38,17.69,1,2,1,0,1.5,6.77
3.99,25.5,3,4,1,0,3.5,11.94
5.28,22.34,3,1,1,0,2.0,-4.91
10.52,35.8,1,4,1,1,2.5,-7.86
11.57,7.33,1,2,1,1,1.5,11.95
4.01,34.1,2,4,1,0,3.0,-9.37
4.24,47.96,2,1,1,0,1.5,1.88
7.48,25.49,2,1,1,0,1.5,5.66
8.15,12.68,2,1,1,0,1.5,-8.97
11.47,12.62,1,2,1,1,1.5,4.66
12.87,43.45,1,2,1,1,1.5,7.16
3.25,9.64,2,1,1,0,1.5,19.56
9.83,11.96,1,1,1,0,1.0,14.59
7.58,47.86,2,2,1,0,2.0,-9.67
8.52,10.21,2,1,1,0,1.5,-6.0
14.5,26.36,2,2,1,1,2.0,-6.46
2.76,8.4,3,4,1,0,3.5,14.04
14.66,11.43,1,2,1,1,1.5,2.74
11.23,11.38,1,4,1,1,2.5,13.85
8.5,35.35,2,4,1,0,3.0,3.41
8.08,33.31,1,2,1,0,1.5,3.81
13.7,17.47,2,4,1,1,3.0,-0.81
6.78,8.92,2,2,1,0,2.0,11.22
14.66,23.08,2,2,1,1,2.0,-9.28
7.1,36.69,2,4,1,0,3.0,10.6
6.63,41.77,1,1,1,0,1.0,9.51
3.61,30.17,3,2,1,0,2.5,13.56
11.39,13.88,2,2,1,1,2.0,15.07
11.42,18.53,3,4,1,1,3.5,-6.52
6.57,18.29,1,4,1,0,2.5,0.1
9.4,48.39,1,4,1,0,2.5,-6.2
6.7,40.32,2,4,1,0,3.0,12.55
9.92,18.72,3,1,1,0,2.0,-8.3
12.7,33.08,3,4,1,1,3.5,9.52
3.45,32.6,2,1,1,0,1.5,-8.5
4.75,9.72,1,2,1,0,1.5,10.34
2.94,18.09,2,1,1,0,1.5,0.75
12.14,39.1,3,1,1,1,2.0,-6.14
6.93,38.0,2,1,1,0,1.5,3.01
2.92,27.44,1,2,1,0,1.5,2.73
3.27,14.81,1,4,1,0,2.5,3.76
5.18,38.46,3,4,1,0,3.5,-2.03
6.3,28.92,3,1,1,0,2.0,12.3
13.27,25.84,2,1,1,1,1.5,11.96
13.28,49.77,1,2,1,1,1.5,10.99
5.15,38.08,2,2,1,0,2.0,-4.75
13.52,38.86,3,2,1,1,2.5,5.51
11.68,34.09,3,1,1,1,2.0,-1.59
8.2,22.88,1,4,1,0,2.5,2.68
3.37,6.02,3,2,1,0,2.5,-3.37
2.77,25.31,2,1,1,0,1.5,7.42
6.68,5.63,2,1,1,0,1.5,12.91
4.65,46.76,1,2,1,0,1.5,4.43
2.31,21.72,3,4,1,0,3.5,6.71
2.69,42.77,2,1,1,0,1.5,-0.56
11.2,33.18,3,4,1,1,3.5,-1.24
8.13,20.75,2,1,1,0,1.5,16.46
4.06,31.08,2,1,1,0,1.5,-9.24
9.78,17.67,3,1,1,0,2.0,-0.03
14.04,44.44,1,4,1,1,2.5,-5.34
3.03,13.06,3,2,1,0,2.5,16.59
8.85,36.47,2,2,1,0,2.0,1.66
2.5,45.8,3,2,1,0,2.5,2.39
6.64,6.73,3,2,1,0,2.5,-1.61
3.86,22.75,2,4,1,0,3.0,19.17
6.23,17.26,2,4,1,0,3.0,-7.39
13.71,44.27,2,1,1,1,1.5,12.91
5.9,22.4,2,4,1,0,3.0,6.09
7.94,20.08,2,4,1,0,3.0,11.03
12.92,30.41,3,4,1,1,3.5,-4.96
14.07,41.93,2,4,1,1,3.0,15.17
7.09,38.39,1,4,1,0,2.5,2.31
3.34,42.89,3,2,1,0,2.5,4.3
13.48,13.98,3,2,1,1,2.5,4.5
2.79,6.08,2,1,1,0,1.5,-3.36
13.8,19.43,2,1,1,1,1.5,2.17
8.47,43.17,2,2,1,0,2.0,-7.77
10.97,15.65,3,4,1,1,3.5,5.0
4.69,47.08,2,1,1,0,1.5,16.01
8.06,16.27,1,1,1,0,1.0,9.61
11.2,44.56,2,2,1,1,2.0,-3.51
7.07,23.33,2,1,1,0,1.5,4.07
11.04,41.7,1,1,1,1,1.0,-1.67
10.3,37.98,2,2,1,1,2.0,-3.75
4.52,8.28,1,1,1,0,1.0,19.01
3.13,35.93,1,1,1,0,1.0,9.93
2.22,20.55,1,2,1,0,1.5,-9.85
11.0,46.28,1,1,1,1,1.0,8.02
2.72,30.29,1,1,1,0,1.0,-2.93
7.84,31.87,2,4,1,0,3.0,-0.74
4.94,44.69,2,4,1,0,3.0,5.65
13.73,22.7,3,1,1,1,2.0,17.96
11.3,18.56,2,1,1,1,1.5,-1.71
6.01,31.13,2,2,1,0,2.0,-1.66
10.76,29.4,1,2,1,1,1.5,-0.76
14.59,41.92,3,2,1,1,2.5,3.6
3.13,11.96,3,4,1,0,3.5,14.46
9.85,8.37,2,4,1,0,3.0,-6.64
14.14,44.21,2,2,1,1,2.0,16.76
3.33,9.83,3,1,1,0,2.0,15.94
12.86,49.2,1,4,1,1,2.5,1.11
3.16,19.49,3,2,1,0,2.5,11.31
11.45,31.08,2,1,1,1,1.5,5.31
5.84,6.26,2,4,1,0,3.0,18.73
11.18,40.94,3,2,1,1,2.5,7.1
14.43,10.34,2,1,1,1,1.5,0.59
14.4,27.36,1,2,1,1,1.5,15.87
8.22,43.32,2,1,1,0,1.5,16.42
14.22,39.85,3,2,1,1,2.5,15.73
3.03,45.32,1,1,1,0,1.0,17.24
4.07,8.34,3,2,1,0,2.5,11.87
9.56,7.97,1,2,1,0,1.5,12.62
9.96,35.3,1,1,1,0,1.0,0.11
5.28,40.62,3,2,1,0,2.5,9.01
14.13,24.57,3,4,1,1,3.5,6.34
12.58,19.05,1,4,1,1,2.5,6.28
6.88,6.73,3,4,1,0,3.5,-2.47
13.13,17.92,1,4,1,1,2.5,-9.2
11.93,38.43,2,4,1,1,3.0,-2.86
12.03,17.35,1,4,1,1,2.5,18.54
8.81,41.82,1,1,1,0,1.0,8.24
12.6,39.91,2,1,1,1,1.5,-8.31
14.55,15.17,2,4,1,1,3.0,-5.69
13.56,31.76,3,4,1,1,3.5,-9.72
10.21,24.46,3,2,1,1,2.5,-2.34
9.8,28.74,1,1,1,0,1.0,15.5
11.48,39.58,3,2,1,1,2.5,18.19
11.11,15.75,1,2,1,1,1.5,-8.66
2.11,26.91,2,4,1,0,3.0,12.23
12.26,32.35,3,1,1,1,2.0,6.72
3.04,35.08,2,4,1,0,3.0,4.77
5.39,36.34,1,1,1,0,1.0,-5.06
9.81,39.98,1,4,1,0,2.5,0.29
12.08,12.68,1,2,1,1,1.5,18.82
3.77,27.77,2,2,1,0,2.0,11.18
10.71,7.45,2,4,1,1,3.0,14.43
14.25,12.31,3,4,1,1,3.5,-6.16
4.0,22.53,2,1,1,0,1.5,7.17
10.16,27.34,2,4,1,1,3.0,3.11
12.85,31.3,3,2,1,1,2.5,10.06
4.5,5.94,3,4,1,0,3.5,17.26
12.35,15.01,2,4,1,1,3.0,17.87
7.58,23.35,1,2,1,0,1.5,6.27
9.27,21.37,1,4,1,0,2.5,-5.76
6.53,26.56,3,4,1,0,3.5,16.13
2.39,11.48,3,2,1,0,2.5,-9.98
2.7,28.45,1,2,1,0,1.5,3.56
11.96,49.61,1,1,1,1,1.0,7.38
11.24,12.45,2,2,1,1,2.0,15.81
13.41,27.03,3,1,1,1,2.0,-1.09
8.99,36.83,2,2,1,0,2.0,17.21
2.32,36.36,3,2,1,0,2.5,4.29
5.78,19.06,2,2,1,0,2.0,-3.37
10.66,29.07,2,1,1,1,1.5,13.76
10.68,8.93,1,2,1,1,1.5,13.96
8.57,48.98,1,2,1,0,1.5,18.38
6.49,39.4,3,2,1,0,2.5,15.4
8.82,31.16,2,1,1,0,1.5,-9.33
10.41,16.38,3,2,1,1,2.5,12.43
12.1,28.3,1,1,1,1,1.0,14.31
9.08,41.67,3,2,1,0,2.5,17.24
10.65,26.29,1,1,1,1,1.0,13.1
10.48,37.67,2,4,1,1,3.0,17.6
4.2,36.11,2,1,1,0,1.5,-6.58
12.53,46.13,3,2,1,1,2.5,-3.29
10.41,41.89,1,4,1,1,2.5,-3.81
3.19,40.28,1,1,1,0,1.0,15.6
14.24,19.2,3,2,1,1,2.5,-3.62
5.75,40.41,3,4,1,0,3.5,-7.3
5.15,32.68,3,1,1,0,2.0,12.51
13.78,47.37,1,1,1,1,1.0,4.44
11.7,17.6,3,2,1,1,2.5,-9.64
14.1,14.38,1,1,1,1,1.0,11.44
5.11,8.88,2,4,1,0,3.0,12.03
7.85,41.2,1,1,1,0,1.0,-2.96
8.6,45.87,2,1,1,0,1.5,10.41
10.8,12.81,2,4,1,1,3.0,-6.18
8.44,45.04,2,1,1,0,1.5,0.1
10.54,16.1,1,4,1,1,2.5,10.96
13.38,45.4,2,2,1,1,2.0,17.93
7.47,44.58,2,2,1,0,2.0,14.73
2.78,9.28,1,1,1,0,1.0,-5.13
2.89,27.03,2,2,1,0,2.0,1.98
2.51,10.3,1,4,1,0,2.5,-9.35
14.04,48.96,2,1,1,1,1.5,-3.12
13.31,43.17,2,2,1,1,2.0,2.58
12.96,22.03,2,2,1,1,2.0,-9.47
4.35,16.57,1,1,1,0,1.0,15.26
2.77,43.17,2,4,1,0,3.0,4.83
14.63,38.32,2,4,1,1,3.0,19.59
13.87,42.78,2,1,1,1,1.5,9.33
12.48,45.32,1,4,1,1,2.5,12.21
9.54,46.85,2,1,1,0,1.5,4.47
14.71,39.21,3,1,1,1,2.0,-2.76
4.01,28.74,2,1,1,0,1.5,13.83
13.08,27.95,1,1,1,1,1.0,7.28
9.21,15.87,1,2,1,0,1.5,-1.27
5.87,33.24,3,1,1,0,2.0,-0.16
13.84,8.27,1,2,1,1,1.5,14.59
14.45,17.25,1,4,1,1,2.5,4.64
12.72,24.1,2,2,1,1,2.0,-0.61
8.33,16.95,2,2,1,0,2.0,2.93
11.42,18.68,1,4,1,1,2.5,1.26
14.8,19.13,1,2,1,1,1.5,-5.36
11.56,49.03,2,4,1,1,3.0,-1.29
12.63,47.53,3,1,1,1,2.0,0.28
3.34,16.86,3,2,1,0,2.5,-5.95
5.03,28.54,3,2,1,0,2.5,-6.16
12.13,37.47,1,2,1,1,1.5,-1.82
7.45,42.82,1,4,1,0,2.5,4.58
3.64,32.71,1,2,1,0,1.5,13.96
2.28,36.28,1,4,1,0,2.5,17.07
3.66,11.93,1,4,1,0,2.5,13.7
12.26,40.37,1,1,1,1,1.0,9.85
8.35,44.67,1,4,1,0,2.5,1.55
6.34,32.71,2,2,1,0,2.0,5.45
5.85,39.52,3,1,1,0,2.0,10.24
3.52,30.67,2,1,1,0,1.5,13.83
13.85,34.83,1,2,1,1,1.5,-0.37
12.1,8.46,3,4,1,1,3.5,8.89
6.55,37.24,2,1,1,0,1.5,2.45
9.62,13.88,3,2,1,0,2.5,15.82
8.17,39.27,1,1,1,0,1.0,1.0
2.14,22.37,3,4,1,0,3.5,14.26
11.99,9.92,2,1,1,1,1.5,-3.53
12.63,7.17,3,2,1,1,2.5,-2.04
7.53,35.89,3,4,1,0,3.5,13.93
12.45,21.82,1,2,1,1,1.5,-0.12
14.63,37.57,1,4,1,1,2.5,15.2
2.19,43.73,3,2,1,0,2.5,12.04
7.14,18.07,2,2,1,0,2.0,5.0
4.74,11.06,2,1,1,0,1.5,16.45
12.41,16.57,3,1,1,1,2.0,10.72
14.29,37.68,3,2,1,1,2.5,-5.87
13.71,40.84,2,4,1,1,3.0,16.26
3.33,26.77,1,1,1,0,1.0,16.61
12.76,21.39,2,2,1,1,2.0,-5.61
13.95,26.79,2,1,1,1,1.5,5.44
2.53,10.95,1,1,1,0,1.0,-0.33
3.29,43.08,2,4,1,0,3.0,-2.34
6.62,31.51,3,1,1,0,2.0,1.08
9.13,26.54,1,4,1,0,2.5,12.98
3.62,21.83,1,2,1,0,1.5,-9.32
3.14,31.97,2,1,1,0,1.5,-7.95
14.22,34.42,1,2,1,1,1.5,14.96
10.8,24.0,3,1,1,1,2.0,6.11
8.69,43.56,2,1,1,0,1.5,13.74
10.43,13.28,3,2,1,1,2.5,7.44
2.58,23.33,2,1,1,0,1.5,1.68
2.58,9.08,1,4,1,0,2.5,-2.06
2.47,32.14,3,1,1,0,2.0,14.92
9.65,35.95,2,4,1,0,3.0,-3.07
5.19,45.79,1,1,1,0,1.0,4.54
14.09,11.55,1,4,1,1,2.5,7.31
6.99,19.59,1,1,1,0,1.0,-1.98
2.96,6.81,3,4,1,0,3.5,15.64
13.39,43.44,3,2,1,1,2.5,8.53
8.74,26.34,1,4,1,0,2.5,16.25
10.07,7.06,3,2,1,1,2.5,14.33
11.21,5.13,1,2,1,1,1.5,3.94
7.22,19.86,3,4,1,0,3.5,-2.62
7.5,47.26,2,2,1,0,2.0,-0.57
3.63,27.85,1,2,1,0,1.5,-2.14
9.32,12.08,1,1,1,0,1.0,4.72
14.6,24.92,2,1,1,1,1.5,16.96
6.06,30.48,1,4,1,0,2.5,-4.03
13.51,41.73,2,2,1,1,2.0,17.63
5.38,13.02,2,1,1,0,1.5,8.69
9.34,18.92,2,1,1,0,1.5,16.48
13.93,22.71,1,2,1,1,1.5,11.07
4.66,40.08,1,4,1,0,2.5,-4.61
5.01,30.76,1,1,1,0,1.0,17.77
6.41,41.66,1,4,1,0,2.5,15.15
11.35,44.88,2,2,1,1,2.0,16.99
12.48,45.29,2,2,1,1,2.0,-4.19
14.63,45.15,3,2,1,1,2.5,-1.35
3.43,8.47,3,2,1,0,2.5,4.53
4.44,28.59,2,4,1,0,3.0,1.69
13.54,38.37,3,1,1,1,2.0,-2.75
9.32,30.28,1,2,1,0,1.5,5.01
5.49,28.9,2,2,1,0,2.0,5.75
9.87,34.57,1,4,1,0,2.5,13.16
12.8,7.24,2,4,1,1,3.0,-3.37
13.97,45.26,1,1,1,1,1.0,18.07
11.22,11.27,2,1,1,1,1.5,-5.68
6.54,26.47,1,1,1,0,1.0,14.59
10.58,6.14,3,2,1,1,2.5,1.47
14.82,7.3,2,1,1,1,1.5,10.3
4.44,6.47,1,2,1,0,1.5,17.35
13.59,32.0,2,4,1,1,3.0,-9.02
12.7,46.33,1,4,1,1,2.5,-7.03
9.64,38.67,1,4,1,0,2.5,2.32
10.3,45.36,3,2,1,1,2.5,12.08
6.86,9.03,3,4,1,0,3.5,19.22
6.85,6.91,2,1,1,0,1.5,-6.75
9.0,17.34,3,4,1,0,3.5,12.05
13.39,37.89,1,2,1,1,1.5,-8.68
9.18,7.18,2,1,1,0,1.5,9.6
8.02,17.24,3,4,1,0,3.5,10.89
5.53,45.74,2,4,1,0,3.0,17.93
2.03,29.01,1,4,1,0,2.5,-0.9
4.15,10.39,2,4,1,0,3.0,-3.67
10.08,45.88,1,1,1,1,1.0,-6.62
6.48,16.16,1,1,1,0,1.0,3.31
14.51,17.97,1,2,1,1,1.5,15.04
11.99,31.86,2,2,1,1,2.0,-0.52
10.38,40.53,3,4,1,1,3.5,-7.13
2.1,13.3,3,1,1,0,2.0,6.14
14.58,34.12,1,4,1,1,2.5,-8.09
9.31,25.14,1,2,1,0,1.5,-7.29
9.45,41.3,3,4,1,0,3.5,13.79
13.9,46.87,3,1,1,1,2.0,5.01
3.93,5.44,1,4,1,0,2.5,4.36
3.25,43.7,2,2,1,0,2.0,17.19
12.96,47.1,2,2,1,1,2.0,11.05
2.19,37.12,1,4,1,0,2.5,-5.73
5.93,33.01,3,4,1,0,3.5,-7.28
7.52,26.93,2,1,1,0,1.5,1.23
14.9,39.01,1,1,1,1,1.0,8.42
10.29,29.49,3,1,1,1,2.0,3.35
2.04,44.41,1,1,1,0,1.0,-7.41
8.26,17.42,1,4,1,0,2.5,0.81
12.53,29.22,2,1,1,1,1.5,-6.44
9.94,48.46,3,4,1,0,3.5,13.67
3.04,47.6,3,2,1,0,2.5,3.86
9.72,48.06,2,2,1,0,2.0,8.79
5.77,22.56,1,4,1,0,2.5,15.21
6.05,17.86,3,4,1,0,3.5,-5.37
11.05,43.66,1,2,1,1,1.5,12.15
4.85,44.94,2,1,1,0,1.5,-5.9
11.2,44.66,2,4,1,1,3.0,3.83
4.88,47.03,1,4,1,0,2.5,6.05
11.84,47.05,1,2,1,1,1.5,12.92
5.57,29.51,1,2,1,0,1.5,-0.06
10.54,33.41,3,1,1,1,2.0,-4.42
9.08,26.79,2,2,1,0,2.0,-9.83
9.75,45.38,2,2,1,0,2.0,-8.99
10.21,31.21,1,1,1,1,1.0,-5.11
5.03,7.46,3,4,1,0,3.5,5.51
9.6,15.0,3,1,1,0,2.0,-2.31
5.62,7.74,2,2,1,0,2.0,-2.82
2.58,37.89,3,1,1,0,2.0,18.99
14.61,22.08,3,1,1,1,2.0,8.18
10.56,32.63,2,2,1,1,2.0,-5.6
14.68,8.28,1,1,1,1,1.0,2.4
7.85,7.64,3,1,1,0,2.0,9.07
6.52,38.09,2,4,1,0,3.0,10.41
6.06,37.22,3,4,1,0,3.5,-1.39
9.99,22.54,3,4,1,0,3.5,8.7
4.52,19.82,2,4,1,0,3.0,-2.77
10.32,7.42,1,2,1,1,1.5,0.21
12.26,28.12,2,4,1,1,3.0,3.05
10.09,29.07,2,4,1,1,3.0,15.62
7.79,30.1,2,2,1,0,2.0,3.07
9.63,33.69,3,1,1,0,2.0,-9.18
14.28,24.24,3,2,1,1,2.5,-0.01
10.57,43.41,3,2,1,1,2.5,-3.76
11.7,11.7,2,1,1,1,1.5,13.22
2.8,45.38,3,2,1,0,2.5,8.11
5.79,41.29,1,4,1,0,2.5,-3.16
13.88,31.26,2,2,1,1,2.0,2.86
8.38,7.21,2,2,1,0,2.0,18.6
14.15,44.78,3,2,1,1,2.5,3.42
13.69,43.62,1,2,1,1,1.5,12.56
7.77,27.03,1,4,1,0,2.5,17.46
9.79,6.03,1,1,1,0,1.0,1.18
7.58,21.4,1,2,1,0,1.5,8.62
8.45,30.72,1,1,1,0,1.0,9.58
3.71,24.57,3,4,1,0,3.5,9.07
9.7,27.18,3,1,1,0,2.0,4.16
9.61,45.19,1,2,1,0,1.5,4.65
6.84,16.84,3,4,1,0,3.5,4.26
6.72,19.1,3,4,1,0,3.5,3.46
5.78,13.78,2,1,1,0,1.5,-9.04
11.74,32.18,2,2,1,1,2.0,19.26
9.5,44.45,1,1,1,0,1.0,14.67
14.78,13.83,3,1,1,1,2.0,15.86
9.97,41.95,1,1,1,0,1.0,1.31
12.44,28.87,2,1,1,1,1.5,-7.98
6.55,29.82,3,4,1,0,3.5,-3.91
4.51,47.44,1,2,1,0,1.5,4.99
10.01,28.06,3,1,1,1,2.0,-9.94
9.13,19.52,1,1,1,0,1.0,14.75
6.56,25.96,2,2,1,0,2.0,10.74
14.0,20.56,1,1,1,1,1.0,5.84
12.13,38.97,3,1,1,1,2.0,3.33
5.8,21.84,2,2,1,0,2.0,-4.19
9.11,17.68,3,4,1,0,3.5,-5.46
3.26,15.63,3,1,1,0,2.0,-1.36
2.96,33.55,3,4,1,0,3.5,-6.3
3.48,12.23,1,4,1,0,2.5,3.79
2.12,33.18,3,2,1,0,2.5,10.66
2.37,14.94,1,2,1,0,1.5,-5.8
11.84,31.4,3,2,1,1,2.5,-5.84
11.92,41.41,1,1,1,1,1.0,0.28
9.72,12.41,2,2,1,0,2.0,13.74
9.08,27.84,2,2,1,0,2.0,1.73
3.16,45.07,1,4,1,0,2.5,-8.27
2.89,40.43,1,2,1,0,1.5,-4.56
2.49,27.3,1,4,1,0,2.5,10.64
3.33,37.72,2,4,1,0,3.0,8.59
7.11,13.77,1,4,1,0,2.5,-1.93
9.69,6.35,2,2,1,0,2.0,19.18
13.76,24.15,1,1,1,1,1.0,-3.85
9.43,49.44,1,1,1,0,1.0,4.99
14.96,27.74,2,1,1,1,1.5,-3.4
4.34,5.48,2,4,1,0,3.0,-6.68
4.56,23.3,2,1,1,0,1.5,18.7
12.75,31.89,2,4,1,1,3.0,7.67
10.58,47.4,3,4,1,1,3.5,10.56
5.99,38.82,2,4,1,0,3.0,5.38
10.21,32.98,1,4,1,1,2.5,16.49
4.81,22.41,2,1,1,0,1.5,13.64
14.2,12.64,1,1,1,1,1.0,-0.71
2.12,24.16,1,1,1,0,1.0,7.37
4.54,27.58,1,2,1,0,1.5,-1.79
9.52,23.97,1,4,1,0,2.5,-1.57
8.6,24.35,3,1,1,0,2.0,16.29
11.89,24.3,2,4,1,1,3.0,-2.12
2.21,17.88,3,2,1,0,2.5,-2.17
8.49,47.87,3,2,1,0,2.5,20.0
7.78,6.1,2,4,1,0,3.0,9.57
10.44,8.52,1,1,1,1,1.0,6.41
11.58,13.77,3,1,1,1,2.0,-2.61
2.69,12.15,1,2,1,0,1.5,11.0
9.71,28.4,3,4,1,0,3.5,16.97
10.58,36.53,1,1,1,1,1.0,-0.61
9.77,16.48,3,2,1,0,2.5,3.35
4.55,33.02,3,1,1,0,2.0,11.67
8.76,30.67,3,4,1,0,3.5,5.92
13.75,12.43,3,1,1,1,2.0,8.8
8.92,28.14,3,2,1,0,2.5,-6.24
6.91,40.11,2,1,1,0,1.5,-8.64
8.17,46.73,1,4,1,0,2.5,3.43
12.76,20.86,2,4,1,1,3.0,12.51
7.93,24.79,2,4,1,0,3.0,-7.05
2.34,35.67,1,1,1,0,1.0,-7.07
6.86,24.83,1,2,1,0,1.5,1.58
2.91,5.07,2,4,1,0,3.0,9.56
2.7,26.11,3,2,1,0,2.5,7.59
3.05,48.34,2,4,1,0,3.0,12.94
3.72,38.54,3,4,1,0,3.5,19.88
13.83,10.68,1,4,1,1,2.5,-8.96
4.52,30.79,2,4,1,0,3.0,-9.93
13.55,27.02,1,1,1,1,1.0,1.94
12.05,44.99,3,4,1,1,3.5,14.48
7.5,40.88,3,2,1,0,2.5,16.39
6.01,37.62,3,4,1,0,3.5,2.61
14.2,36.67,2,4,1,1,3.0,-1.32
6.28,20.62,1,4,1,0,2.5,16.38
2.23,21.43,2,2,1,0,2.0,-5.44
10.98,31.5,3,4,1,1,3.5,8.01
9.22,30.44,1,1,1,0,1.0,16.62
4.21,24.61,1,2,1,0,1.5,5.52
10.12,49.19,1,2,1,1,1.5,11.74
5.89,33.67,3,4,1,0,3.5,12.9
7.57,32.39,1,1,1,0,1.0,3.89
11.8,20.99,2,4,1,1,3.0,2.66
4.06,32.44,3,1,1,0,2.0,5.63
2.23,28.44,1,2,1,0,1.5,14.77
6.36,32.35,2,2,1,0,2.0,-6.92
11.87,9.49,1,4,1,1,2.5,-2.62
8.9,13.94,2,1,1,0,1.5,-9.82
12.5,21.58,1,2,1,1,1.5,4.58
4.92,8.2,2,2,1,0,2.0,3.54
6.3,15.47,2,2,1,0,2.0,12.55
7.96,44.75,3,4,1,0,3.5,-1.72
7.35,14.0,2,4,1,0,3.0,7.43
5.84,49.35,2,2,1,0,2.0,-3.41
8.39,8.13,1,2,1,0,1.5,11.99
3.93,12.31,1,2,1,0,1.5,15.73
11.99,23.67,2,1,1,1,1.5,-0.65
6.24,43.29,2,2,1,0,2.0,-3.8
12.95,31.17,1,1,1,1,1.0,-1.21
12.15,16.16,1,4,1,1,2.5,17.27
11.11,18.15,1,1,1,1,1.0,19.04
13.21,49.29,2,1,1,1,1.5,12.31
8.3,17.05,2,4,1,0,3.0,19.61
8.49,17.2,3,2,1,0,2.5,17.96
5.54,24.32,3,2,1,0,2.5,2.25
6.75,47.36,3,2,1,0,2.5,4.09
7.58,11.86,3,1,1,0,2.0,-0.26
3.23,32.69,3,2,1,0,2.5,-3.47
14.1,34.15,2,1,1,1,1.5,19.19
7.28,18.88,3,2,1,0,2.5,18.24
9.84,16.13,2,4,1,0,3.0,-6.79
9.78,38.49,1,1,1,0,1.0,-8.93
10.73,24.89,1,4,1,1,2.5,-4.4
6.89,5.51,1,1,1,0,1.0,14.43
3.08,23.08,2,4,1,0,3.0,16.88
2.79,28.24,3,1,1,0,2.0,-7.8
3.6,25.14,1,1,1,0,1.0,7.4
4.49,23.25,2,2,1,0,2.0,19.63
2.58,11.44,2,4,1,0,3.0,11.13
11.48,20.47,2,2,1,1,2.0,6.87
9.49,36.17,2,2,1,0,2.0,19.51
5.18,26.78,3,1,1,0,2.0,11.51
6.74,37.85,1,1,1,0,1.0,10.03
9.56,46.11,3,2,1,0,2.5,10.25
8.1,35.23,1,2,1,0,1.5,8.6
6.27,12.27,1,2,1,0,1.5,-0.36
12.43,49.07,2,1,1,1,1.5,4.07
10.5,21.92,1,2,1,1,1.5,-5.33
10.2,27.18,1,2,1,1,1.5,18.99
6.3,31.51,2,4,1,0,3.0,2.38
8.18,43.66,2,2,1,0,2.0,-2.62
6.28,27.39,1,4,1,0,2.5,6.62
11.46,11.1,3,1,1,1,2.0,5.0
12.99,12.76,2,2,1,1,2.0,0.09
9.01,34.6,1,2,1,0,1.5,2.92
8.16,24.47,1,4,1,0,2.5,15.97
3.54,23.05,2,2,1,0,2.0,16.41
14.68,48.12,2,1,1,1,1.5,-0.72
5.98,28.17,3,4,1,0,3.5,11.36
7.47,32.3,2,1,1,0,1.5,-3.64
13.05,29.94,3,4,1,1,3.5,2.26
2.45,49.89,1,1,1,0,1.0,-5.04
5.56,9.53,3,4,1,0,3.5,-9.26
8.82,25.48,1,1,1,0,1.0,17.27
12.98,8.8,1,2,1,1,1.5,15.48
14.01,15.85,3,4,1,1,3.5,14.94
10.78,9.53,1,1,1,1,1.0,15.3
10.91,36.4,3,2,1,1,2.5,-7.3
11.25,44.18,2,1,1,1,1.5,2.34
5.86,14.47,2,2,1,0,2.0,14.47
6.91,28.41,1,4,1,0,2.5,5.14
9.44,23.86,3,1,1,0,2.0,-3.47
5.1,14.6,1,2,1,0,1.5,13.48
7.07,14.69,3,2,1,0,2.5,-7.21
3.16,16.26,1,4,1,0,2.5,18.54
12.39,10.79,1,4,1,1,2.5,3.07
2.7,9.62,2,1,1,0,1.5,11.47
14.99,36.89,2,4,1,1,3.0,-0.11
5.68,16.03,1,2,1,0,1.5,-6.8
13.4,48.96,1,1,1,1,1.0,12.75
8.29,10.69,1,4,1,0,2.5,18.21
2.6,35.6,3,2,1,0,2.5,16.16
12.35,41.89,2,2,1,1,2.0,5.06
7.84,42.81,3,4,1,0,3.5,10.9
2.14,13.43,3,4,1,0,3.5,-7.81
12.7,29.73,2,4,1,1,3.0,-2.96
2.49,24.11,3,4,1,0,3.5,-7.22
14.87,13.54,3,1,1,1,2.0,-0.48
11.41,26.41,3,2,1,1,2.5,0.12
14.77,10.4,2,2,1,1,2.0,-0.6
6.25,29.55,2,1,1,0,1.5,6.91
5.15,25.32,3,4,1,0,3.5,-8.15
12.65,31.1,2,4,1,1,3.0,9.82
2.31,25.78,1,1,1,0,1.0,6.52
12.49,7.16,1,2,1,1,1.5,19.8
10.21,20.7,3,4,1,1,3.5,-4.46
14.31,24.51,2,4,1,1,3.0,-0.93
12.96,43.05,3,1,1,1,2.0,-1.02
8.96,13.12,1,1,1,0,1.0,15.9
7.07,49.45,2,1,1,0,1.5,6.7
7.58,45.28,3,4,1,0,3.5,3.63
4.58,27.25,2,2,1,0,2.0,4.91
10.97,18.64,1,2,1,1,1.5,15.71
2.61,38.1,2,2,1,0,2.0,-5.4
12.94,43.49,1,2,1,1,1.5,17.6
14.79,40.5,1,4,1,1,2.5,15.97
5.55,32.58,2,2,1,0,2.0,-2.71
6.61,32.89,3,4,1,0,3.5,12.94
12.69,22.86,3,2,1,1,2.5,18.07
13.59,46.02,3,4,1,1,3.5,-5.41
5.94,31.29,1,1,1,0,1.0,16.23
6.17,26.98,1,1,1,0,1.0,3.1
5.07,13.7,1,4,1,0,2.5,10.79
8.29,49.81,1,4,1,0,2.5,-4.62
12.98,18.4,2,4,1,1,3.0,2.26
9.74,31.28,2,2,1,0,2.0,-6.4
10.49,16.9,3,2,1,1,2.5,2.52
11.52,6.7,1,2,1,1,1.5,-7.65
6.81,15.92,2,1,1,0,1.5,-0.54
8.06,35.14,3,1,1,0,2.0,-4.53
2.97,25.04,2,2,1,0,2.0,3.48
12.58,8.03,2,1,1,1,1.5,-7.41
10.96,10.7,3,1,1,1,2.0,18.3
7.29,47.99,1,2,1,0,1.5,3.31
3.41,10.26,2,1,1,0,1.5,-2.22
14.88,45.84,3,4,1,1,3.5,-4.33
14.86,6.9,2,1,1,1,1.5,13.08
6.1,47.35,3,4,1,0,3.5,4.3
9.06,31.25,1,4,1,0,2.5,2.83
9.98,31.23,2,4,1,0,3.0,-0.15
10.69,46.57,3,2,1,1,2.5,13.05
9.78,17.88,3,1,1,0,2.0,17.04
14.91,44.71,3,4,1,1,3.5,17.8
2.54,19.47,1,1,1,0,1.0,2.9
5.68,38.47,2,2,1,0,2.0,5.76
9.83,33.09,2,2,1,0,2.0,-7.38
6.91,24.91,1,4,1,0,2.5,19.48
5.36,18.66,3,1,1,0,2.0,4.86
13.15,11.13,2,4,1,1,3.0,4.57
11.14,18.31,1,1,1,1,1.0,5.9
13.33,5.1,3,2,1,1,2.5,18.97
7.36,10.14,2,4,1,0,3.0,-9.01
8.16,43.24,3,4,1,0,3.5,0.42
10.24,32.65,2,1,1,1,1.5,-2.36
9.52,45.01,3,2,1,0,2.5,12.9
11.13,36.7,2,4,1,1,3.0,18.52
8.92,6.57,3,2,1,0,2.5,4.33
6.07,46.84,3,2,1,0,2.5,14.25
6.83,21.72,1,2,1,0,1.5,19.01
8.88,41.66,1,1,1,0,1.0,-6.03
5.86,33.21,3,4,1,0,3.5,15.11
11.48,31.83,2,4,1,1,3.0,-7.17
13.94,11.18,3,2,1,1,2.5,16.02
4.52,5.75,1,4,1,0,2.5,16.37
11.96,16.72,2,4,1,1,3.0,1.23
4.84,26.53,3,1,1,0,2.0,-4.96
12.01,17.09,1,2,1,1,1.5,17.34
7.31,18.21,3,1,1,0,2.0,9.66
2.93,14.59,1,1,1,0,1.0,5.95
13.98,26.38,1,2,1,1,1.5,17.18
12.72,49.83,2,4,1,1,3.0,14.13
14.65,31.16,2,2,1,1,2.0,-6.57
13.43,32.64,3,1,1,1,2.0,-2.06
11.06,7.06,3,4,1,1,3.5,9.9
5.53,22.27,1,2,1,0,1.5,5.23
5.54,24.79,2,2,1,0,2.0,12.47
12.69,29.47,1,1,1,1,1.0,-4.94
3.45,35.3,3,4,1,0,3.5,8.78
12.27,45.94,3,4,1,1,3.5,6.46
4.95,17.52,2,1,1,0,1.5,5.26
11.6,25.13,1,4,1,1,2.5,-0.11
3.38,30.27,3,2,1,0,2.5,17.53
8.52,41.19,3,1,1,0,2.0,-7.55
6.6,5.27,2,4,1,0,3.0,4.11
11.5,41.03,3,2,1,1,2.5,-6.22
3.19,13.69,1,1,1,0,1.0,11.26
3.81,10.46,2,2,1,0,2.0,6.34
9.58,22.01,2,2,1,0,2.0,4.35
10.81,45.39,1,2,1,1,1.5,4.84
8.99,12.79,2,2,1,0,2.0,13.62
9.11,13.71,2,4,1,0,3.0,-1.54
3.71,38.9,3,4,1,0,3.5,15.19
9.81,34.44,2,4,1,0,3.0,-4.0
6.41,26.28,2,4,1,0,3.0,16.02
11.68,14.33,3,4,1,1,3.5,17.91
9.92,19.14,1,2,1,0,1.5,15.93
5.37,21.74,3,1,1,0,2.0,10.54
11.96,29.2,3,1,1,1,2.0,10.39
8.35,45.14,2,2,1,0,2.0,9.41
10.54,11.81,1,1,1,1,1.0,16.08
8.35,17.41,2,2,1,0,2.0,5.99
4.24,8.64,2,1,1,0,1.5,10.8
4.33,21.52,1,1,1,0,1.0,15.2
14.89,30.39,3,1,1,1,2.0,-8.46
3.36,40.08,1,4,1,0,2.5,4.17
8.35,45.87,3,1,1,0,2.0,14.64
10.68,30.31,2,2,1,1,2.0,-4.26
7.59,48.72,1,1,1,0,1.0,2.61
8.02,32.43,2,1,1,0,1.5,1.73
12.63,22.81,3,2,1,1,2.5,0.9
10.69,17.41,2,2,1,1,2.0,3.89
6.31,26.43,2,1,1,0,1.5,13.48
11.56,10.07,1,2,1,1,1.5,18.52
2.93,27.35,2,1,1,0,1.5,6.24
4.66,30.02,1,1,1,0,1.0,16.4
8.62,26.61,3,2,1,0,2.5,10.86
2.03,6.52,3,1,1,0,2.0,-5.73
9.95,43.48,2,2,1,0,2.0,-3.69
5.76,19.04,1,1,1,0,1.0,-2.57
8.89,19.44,3,2,1,0,2.5,12.29
14.34,23.14,1,2,1,1,1.5,-7.12
3.06,36.03,1,2,1,0,1.5,0.92
5.68,33.03,3,4,1,0,3.5,-1.04
11.07,18.39,1,2,1,1,1.5,-7.1
7.69,26.4,2,1,1,0,1.5,6.8
12.7,33.68,3,1,1,1,2.0,5.9
5.14,40.6,1,4,1,0,2.5,13.93
3.11,10.14,2,4,1,0,3.0,19.34
12.07,7.94,2,2,1,1,2.0,2.05
3.53,5.08,2,1,1,0,1.5,-1.85
10.83,5.27,2,1,1,1,1.5,8.84
8.9,28.51,2,1,1,0,1.5,-8.87
5.23,28.93,3,2,1,0,2.5,-9.67
12.4,7.85,2,1,1,1,1.5,15.64
13.84,25.5,2,4,1,1,3.0,6.96
14.4,41.92,2,4,1,1,3.0,16.18
8.06,12.8,3,1,1,0,2.0,5.1
7.66,25.13,3,1,1,0,2.0,17.65
2.53,27.36,3,2,1,0,2.5,-0.48
9.18,40.82,1,4,1,0,2.5,3.55
4.11,9.94,2,4,1,0,3.0,1.87
6.34,24.88,2,1,1,0,1.5,-5.01
12.85,22.64,3,4,1,1,3.5,6.75
3.39,49.52,1,1,1,0,1.0,19.4
12.72,40.49,1,4,1,1,2.5,-3.84
13.12,38.05,2,1,1,1,1.5,7.24
9.66,30.79,2,4,1,0,3.0,15.11
13.5,13.87,3,2,1,1,2.5,-3.21
3.16,13.69,3,2,1,0,2.5,19.82
7.17,25.99,2,1,1,0,1.5,13.13
6.79,21.56,3,1,1,0,2.0,16.07
2.87,5.14,1,1,1,0,1.0,13.0
2.26,23.43,3,2,1,0,2.5,19.63
5.01,5.52,2,1,1,0,1.5,0.82
4.75,7.45,3,4,1,0,3.5,9.81
13.84,17.98,1,2,1,1,1.5,8.89
4.2,8.03,3,2,1,0,2.5,18.46
13.67,46.73,3,2,1,1,2.5,16.3
3.06,35.45,3,2,1,0,2.5,7.69
11.06,13.36,3,1,1,1,2.0,1.57
2.24,25.47,2,4,1,0,3.0,10.44
12.52,38.07,2,2,1,1,2.0,-2.21
3.46,18.85,3,1,1,0,2.0,17.65
7.18,7.08,3,4,1,0,3.5,19.72
2.64,10.01,3,2,1,0,2.5,15.67
13.68,45.79,3,2,1,1,2.5,4.38
11.72,46.18,3,2,1,1,2.5,19.66
14.75,41.92,2,4,1,1,3.0,-7.09
6.89,16.86,1,1,1,0,1.0,-1.28
6.26,18.28,3,4,1,0,3.5,14.23
13.11,11.75,3,4,1,1,3.5,6.46
9.97,43.67,3,4,1,0,3.5,-7.52
2.16,49.99,3,2,1,0,2.5,2.51
13.57,46.34,3,2,1,1,2.5,-7.14
2.37,39.62,2,2,1,0,2.0,15.99
6.27,47.61,1,1,1,0,1.0,4.55
5.24,41.84,3,1,1,0,2.0,1.23
13.16,37.62,2,1,1,1,1.5,16.96
14.8,24.21,1,2,1,1,1.5,-9.37
11.92,9.07,1,2,1,1,1.5,4.85
5.11,41.76,3,1,1,0,2.0,-7.47
10.83,34.21,2,2,1,1,2.0,10.97
11.13,45.11,1,2,1,1,1.5,17.48
2.4,32.54,3,2,1,0,2.5,-8.72
12.46,8.37,2,2,1,1,2.0,12.9
2.36,42.13,2,1,1,0,1.5,14.96
12.58,35.04,2,2,1,1,2.0,5.97
10.97,9.05,1,1,1,1,1.0,-7.58
7.51,17.45,3,1,1,0,2.0,8.06
4.59,15.85,2,1,1,0,1.5,11.23
8.1,26.51,2,1,1,0,1.5,10.83
14.33,14.31,3,4,1,1,3.5,-6.46
2.05,40.48,1,1,1,0,1.0,12.65
10.49,14.35,3,1,1,1,2.0,16.79
6.59,49.34,2,1,1,0,1.5,1.38
6.05,31.15,1,1,1,0,1.0,9.65
4.54,25.89,1,2,1,0,1.5,-5.51
9.93,14.43,3,2,1,0,2.5,-8.06
11.12,28.13,2,1,1,1,1.5,0.03
4.23,42.02,2,2,1,0,2.0,17.51
4.97,19.84,3,2,1,0,2.5,-0.79
11.61,40.53,1,2,1,1,1.5,5.75
14.22,45.26,3,4,1,1,3.5,10.18
8.63,14.32,2,4,1,0,3.0,8.22
9.75,42.71,2,4,1,0,3.0,1.94
5.31,17.16,3,4,1,0,3.5,10.45
4.3,17.25,1,4,1,0,2.5,16.52
7.25,20.64,1,2,1,0,1.5,11.63
10.54,10.02,1,2,1,1,1.5,-0.7
14.87,38.2,1,2,1,1,1.5,7.01
14.62,26.77,1,4,1,1,2.5,-7.22
8.46,47.15,2,1,1,0,1.5,4.21
13.96,11.5,2,4,1,1,3.0,6.74
9.16,6.95,3,4,1,0,3.5,-9.42
12.64,28.67,1,2,1,1,1.5,-9.8
3.27,11.16,3,4,1,0,3.5,-4.3
14.77,25.89,3,4,1,1,3.5,16.87
3.31,47.05,2,2,1,0,2.0,-9.68
2.82,44.22,2,1,1,0,1.5,-0.09
6.61,45.25,3,1,1,0,2.0,1.87
5.74,12.84,1,1,1,0,1.0,11.21
3.71,11.28,3,1,1,0,2.0,-5.75
11.19,40.71,1,2,1,1,1.5,-6.18
7.98,20.27,1,2,1,0,1.5,15.24
4.25,42.67,2,2,1,0,2.0,4.38
7.03,36.39,1,1,1,0,1.0,-7.69
13.99,29.64,2,4,1,1,3.0,-5.72
7.88,48.84,2,2,1,0,2.0,-4.56
8.89,25.97,1,1,1,0,1.0,-1.63
6.82,45.14,2,1,1,0,1.5,-3.96
10.4,27.59,3,1,1,1,2.0,13.38
14.56,16.2,2,4,1,1,3.0,-5.63
8.16,11.23,1,2,1,0,1.5,-2.79
13.68,17.94,1,1,1,1,1.0,-9.29
5.4,28.14,1,1,1,0,1.0,-7.29
5.33,36.76,1,4,1,0,2.5,-2.61
3.96,22.54,1,2,1,0,1.5,19.15
7.12,43.72,1,2,1,0,1.5,-6.26
10.04,24.7,3,1,1,1,2.0,-2.32
12.02,21.79,2,1,1,1,1.5,-6.29
8.61,33.66,3,1,1,0,2.0,19.44
8.77,37.13,2,4,1,0,3.0,1.82
12.83,44.65,2,2,1,1,2.0,10.54
11.99,29.6,1,2,1,1,1.5,-6.1
12.97,25.66,2,1,1,1,1.5,14.28
11.07,11.77,2,4,1,1,3.0,-2.6
6.13,27.7,1,1,1,0,1.0,2.52
8.5,37.78,2,1,1,0,1.5,6.59
10.21,46.86,3,1,1,1,2.0,10.71
9.03,6.88,2,1,1,0,1.5,-1.89
3.69,13.68,1,2,1,0,1.5,11.31
5.53,17.64,1,1,1,0,1.0,-5.57
14.22,32.32,1,2,1,1,1.5,5.11
14.72,28.5,1,1,1,1,1.0,16.63
14.92,24.42,2,2,1,1,2.0,11.63
8.99,14.86,2,4,1,0,3.0,-4.07
6.79,19.3,1,4,1,0,2.5,-1.5
8.42,38.93,1,1,1,0,1.0,7.08
2.96,16.18,1,2,1,0,1.5,16.17
2.64,32.61,2,1,1,0,1.5,4.72
2.09,35.29,2,2,1,0,2.0,19.91
2.79,41.23,2,2,1,0,2.0,-2.38
9.87,12.41,2,2,1,0,2.0,-0.41
4.32,25.26,3,1,1,0,2.0,16.16
8.71,30.83,2,2,1,0,2.0,13.61
11.93,47.14,1,2,1,1,1.5,-3.6
2.27,19.02,2,2,1,0,2.0,12.67
8.66,34.59,3,4,1,0,3.5,11.14
3.53,40.86,1,1,1,0,1.0,-4.17
9.42,29.81,3,1,1,0,2.0,17.15
7.94,12.34,2,4,1,0,3.0,12.32
4.11,21.45,1,1,1,0,1.0,-9.3
6.2,39.65,3,1,1,0,2.0,2.3
7.41,44.75,2,2,1,0,2.0,10.28
11.88,32.91,3,1,1,1,2.0,7.37
7.33,14.99,2,4,1,0,3.0,19.17
2.01,39.82,3,2,1,0,2.5,-4.79
3.54,41.89,2,4,1,0,3.0,-0.05
5.83,40.01,1,2,1,0,1.5,8.1
11.86,33.28,3,1,1,1,2.0,6.23
10.81,29.35,1,2,1,1,1.5,17.26
2.67,26.4,1,4,1,0,2.5,9.24
2.13,17.45,3,2,1,0,2.5,-6.01
12.91,20.48,1,1,1,1,1.0,6.18
12.95,30.29,2,4,1,1,3.0,18.5
3.54,6.73,3,1,1,0,2.0,9.71
5.38,23.0,3,1,1,0,2.0,18.04
10.38,28.01,3,4,1,1,3.5,6.68
4.39,13.58,2,1,1,0,1.5,19.58
8.25,43.72,2,2,1,0,2.0,13.63
8.25,35.74,3,1,1,0,2.0,-0.42
11.06,27.22,2,4,1,1,3.0,6.97
4.5,29.69,2,1,1,0,1.5,18.12
9.05,41.59,2,4,1,0,3.0,-2.66
5.81,14.23,1,1,1,0,1.0,-8.64
5.18,43.58,3,1,1,0,2.0,-1.7
9.45,32.81,1,4,1,0,2.5,-6.82
6.41,49.61,1,4,1,0,2.5,-9.6
3.73,43.98,1,4,1,0,2.5,2.76
3.44,32.1,3,1,1,0,2.0,7.67
12.12,42.03,1,1,1,1,1.0,-3.0
11.92,47.95,3,1,1,1,2.0,-6.34
9.02,37.25,1,1,1,0,1.0,5.79
10.15,42.91,1,2,1,1,1.5,-7.5
2.6,34.51,3,4,1,0,3.5,4.39
14.7,25.44,1,2,1,1,1.5,19.54
9.65,21.3,3,4,1,0,3.5,3.06
3.53,30.47,2,1,1,0,1.5,7.48
11.53,26.07,3,1,1,1,2.0,2.21
11.91,46.05,2,2,1,1,2.0,7.65
6.83,18.82,1,1,1,0,1.0,19.84
11.6,6.13,3,4,1,1,3.5,-8.92
10.08,27.11,3,2,1,1,2.5,9.74
9.24,16.13,2,2,1,0,2.0,14.54
4.96,36.65,1,2,1,0,1.5,-7.09
10.47,19.75,1,1,1,1,1.0,19.68
2.5,30.77,2,1,1,0,1.5,8.41
4.01,29.74,3,1,1,0,2.0,15.28
5.23,13.81,2,2,1,0,2.0,16.56
14.47,16.55,3,1,1,1,2.0,4.52
6.98,43.69,1,4,1,0,2.5,-1.34
6.75,47.25,1,1,1,0,1.0,-9.87
5.47,38.89,1,2,1,0,1.5,3.28
13.35,16.01,3,4,1,1,3.5,13.92
11.95,45.71,1,4,1,1,2.5,8.98
13.4,8.26,1,2,1,1,1.5,13.71
7.73,29.41,3,1,1,0,2.0,3.4
12.12,26.4,1,2,1,1,1.5,3.16
10.13,26.16,3,4,1,1,3.5,-6.55
14.64,10.27,2,2,1,1,2.0,6.63
6.96,38.78,1,1,1,0,1.0,16.96
11.83,30.2,1,1,1,1,1.0,3.14
7.39,5.99,2,4,1,0,3.0,-1.3
9.83,10.65,3,2,1,0,2.5,8.86
12.36,29.25,3,2,1,1,2.5,7.39
14.61,49.78,1,1,1,1,1.0,-2.63
5.43,38.09,2,4,1,0,3.0,1.38
6.51,34.4,3,2,1,0,2.5,12.95
2.97,43.43,1,1,1,0,1.0,9.27
13.49,37.1,1,1,1,1,1.0,18.68
8.38,7.11,3,1,1,0,2.0,-4.5
3.26,28.53,2,4,1,0,3.0,2.92
2.74,48.44,1,1,1,0,1.0,1.5
11.57,10.36,2,2,1,1,2.0,14.41
11.84,38.05,2,4,1,1,3.0,0.97
14.17,43.78,3,1,1,1,2.0,3.09
13.75,32.43,2,1,1,1,1.5,15.69
14.18,47.34,2,2,1,1,2.0,7.69
13.62,37.92,1,2,1,1,1.5,7.64
7.48,35.57,3,2,1,0,2.5,-2.12
4.24,11.5,3,1,1,0,2.0,19.96
4.69,37.61,1,1,1,0,1.0,17.54
4.9,7.2,3,4,1,0,3.5,14.04
11.05,42.39,2,2,1,1,2.0,-5.8
8.03,43.53,2,4,1,0,3.0,1.7
14.39,7.19,2,2,1,1,2.0,9.48
4.65,47.55,1,4,1,0,2.5,2.26
4.22,28.84,3,2,1,0,2.5,-0.17
3.42,26.55,2,2,1,0,2.0,7.5
9.42,45.38,2,4,1,0,3.0,19.59
9.95,35.05,1,4,1,0,2.5,6.98
11.49,27.73,1,1,1,1,1.0,-1.52
3.87,27.73,2,4,1,0,3.0,-3.02
9.38,30.53,2,4,1,0,3.0,14.68
5.44,44.99,1,1,1,0,1.0,17.53
14.75,39.22,1,2,1,1,1.5,-6.66
4.25,34.81,2,2,1,0,2.0,6.45
4.29,45.5,1,2,1,0,1.5,1.18
13.97,13.2,2,1,1,1,1.5,7.08
5.74,5.83,2,2,1,0,2.0,9.47
6.51,33.29,2,4,1,0,3.0,16.32
10.89,42.83,2,2,1,1,2.0,6.95
11.45,22.27,1,2,1,1,1.5,0.94
4.37,22.46,2,1,1,0,1.5,10.44
4.42,9.46,3,1,1,0,2.0,4.95
4.7,21.56,2,2,1,0,2.0,14.19
9.1,22.86,2,4,1,0,3.0,11.23
11.74,41.37,2,2,1,1,2.0,-8.77
4.3,11.09,1,4,1,0,2.5,11.43
2.27,5.25,2,4,1,0,3.0,-3.48
8.99,48.04,3,2,1,0,2.5,1.09
7.47,43.29,1,4,1,0,2.5,7.97
9.71,32.15,1,4,1,0,2.5,-6.71
12.41,23.07,1,1,1,1,1.0,-7.95
6.99,22.71,2,1,1,0,1.5,-6.46
12.5,43.68,2,2,1,1,2.0,1.51
5.51,41.64,3,4,1,0,3.5,6.19
5.33,25.91,1,1,1,0,1.0,4.43
14.76,47.73,3,1,1,1,2.0,3.37
6.7,15.63,3,2,1,0,2.5,5.94
5.86,33.07,2,4,1,0,3.0,14.79
10.33,34.83,3,2,1,1,2.5,-7.89
5.56,37.15,3,2,1,0,2.5,7.65
5.25,22.39,1,2,1,0,1.5,11.95
5.83,8.68,2,1,1,0,1.5,16.83
13.5,31.31,1,1,1,1,1.0,7.1
9.26,38.21,3,2,1,0,2.5,-6.95
9.67,28.11,2,4,1,0,3.0,-3.7
11.03,43.83,3,1,1,1,2.0,10.28
2.89,34.74,2,4,1,0,3.0,15.61
10.68,30.39,2,4,1,1,3.0,9.44
8.4,22.53,3,1,1,0,2.0,-5.67
10.04,14.86,3,1,1,1,2.0,4.66
7.08,35.13,3,1,1,0,2.0,-4.55
5.99,8.46,3,2,1,0,2.5,-7.69
2.02,18.73,2,2,1,0,2.0,18.69
8.87,33.63,1,1,1,0,1.0,4.44
4.2,19.91,1,1,1,0,1.0,13.53
13.56,17.34,1,1,1,1,1.0,1.23
12.79,13.51,2,1,1,1,1.5,6.49
14.22,7.63,3,4,1,1,3.5,16.7
5.95,7.24,1,2,1,0,1.5,-1.62
2.53,49.55,3,1,1,0,2.0,6.36
10.21,5.09,2,2,1,1,2.0,14.09
14.21,21.42,2,4,1,1,3.0,7.93
3.53,28.04,3,2,1,0,2.5,7.05
5.03,43.2,3,2,1,0,2.5,12.29
10.33,48.34,3,2,1,1,2.5,-4.13
7.22,34.35,2,4,1,0,3.0,10.94
13.24,34.45,2,2,1,1,2.0,4.84
6.9,5.92,1,2,1,0,1.5,8.42
2.6,35.9,3,1,1,0,2.0,4.13
8.36,44.06,3,4,1,0,3.5,5.06
10.44,44.63,2,4,1,1,3.0,3.86
8.17,25.59,2,1,1,0,1.5,11.72
13.14,19.08,1,4,1,1,2.5,1.85
9.82,38.81,2,1,1,0,1.5,11.71
14.78,43.86,3,1,1,1,2.0,9.0
14.14,38.95,2,1,1,1,1.5,6.05
13.82,24.35,3,1,1,1,2.0,2.82
7.84,13.83,3,4,1,0,3.5,17.48
8.64,12.22,1,1,1,0,1.0,15.75
12.65,7.82,2,4,1,1,3.0,-1.96
12.81,42.46,1,4,1,1,2.5,-3.91
12.16,13.06,2,2,1,1,2.0,19.81
9.18,46.86,3,2,1,0,2.5,6.18
13.18,32.45,2,2,1,1,2.0,8.42
14.78,12.5,2,1,1,1,1.5,-6.55
11.07,34.91,3,4,1,1,3.5,-1.79
6.88,10.62,2,1,1,0,1.5,15.22
10.13,21.94,2,2,1,1,2.0,19.4
13.08,38.57,1,1,1,1,1.0,10.43
13.43,16.2,1,1,1,1,1.0,-0.77
9.9,35.86,3,1,1,0,2.0,-4.65
13.19,11.23,3,2,1,1,2.5,15.43
3.24,11.08,3,4,1,0,3.5,10.28
9.45,48.55,2,1,1,0,1.5,-4.18
14.87,29.35,2,4,1,1,3.0,18.39
3.85,29.17,3,4,1,0,3.5,-3.84
10.62,36.02,2,4,1,1,3.0,15.32
5.09,36.17,3,4,1,0,3.5,6.59
14.2,36.61,2,4,1,1,3.0,-8.76
7.6,35.75,2,1,1,0,1.5,18.03
7.52,39.91,2,2,1,0,2.0,-4.87
3.81,9.34,3,1,1,0,2.0,3.14
7.33,36.2,1,2,1,0,1.5,4.74
12.66,25.76,1,4,1,1,2.5,14.96
13.01,44.36,3,2,1,1,2.5,-8.19
3.97,30.48,2,1,1,0,1.5,3.19
4.24,29.67,3,4,1,0,3.5,-5.53
13.64,28.36,1,2,1,1,1.5,8.04
10.12,12.09,3,4,1,1,3.5,13.67
9.26,44.23,3,2,1,0,2.5,17.84
9.72,27.05,1,2,1,0,1.5,17.55
7.97,41.59,3,4,1,0,3.5,2.57
10.73,34.82,1,1,1,1,1.0,16.66
12.73,12.93,1,4,1,1,2.5,4.77
12.25,34.61,2,4,1,1,3.0,10.52
5.27,47.71,3,2,1,0,2.5,5.66
10.81,47.04,3,4,1,1,3.5,6.43
8.62,26.24,1,1,1,0,1.0,10.2
11.42,28.18,1,4,1,1,2.5,10.31
6.54,27.44,3,2,1,0,2.5,10.18
4.73,40.98,3,2,1,0,2.5,2.28
5.77,21.08,1,4,1,0,2.5,11.4
12.15,44.59,2,4,1,1,3.0,1.22
13.94,23.16,1,1,1,1,1.0,8.51
8.15,25.38,3,4,1,0,3.5,17.09
6.86,44.74,1,2,1,0,1.5,7.97
3.77,36.25,3,1,1,0,2.0,14.96
4.65,47.24,3,1,1,0,2.0,10.02
3.01,10.58,1,1,1,0,1.0,11.89
9.6,16.58,1,1,1,0,1.0,5.42
7.41,21.42,1,2,1,0,1.5,6.53
10.14,36.2,2,4,1,1,3.0,9.87
6.88,36.22,2,2,1,0,2.0,16.52
2.74,46.6,2,4,1,0,3.0,4.88
11.98,18.38,2,4,1,1,3.0,-4.57
8.62,12.22,2,4,1,0,3.0,19.68
11.26,21.69,2,2,1,1,2.0,-8.8
12.96,31.75,3,1,1,1,2.0,7.49
5.67,24.09,1,1,1,0,1.0,-7.28
5.81,33.11,3,2,1,0,2.5,0.52
3.39,15.63,3,2,1,0,2.5,13.17
13.62,46.02,3,4,1,1,3.5,12.84
2.19,5.55,1,1,1,0,1.0,3.5
13.58,13.55,1,1,1,1,1.0,5.87
14.06,32.65,1,4,1,1,2.5,9.96
14.76,10.57,3,4,1,1,3.5,6.24
7.15,30.2,1,1,1,0,1.0,18.09
6.15,44.41,1,1,1,0,1.0,-5.62
2.49,49.22,3,2,1,0,2.5,7.77
5.79,18.97,3,4,1,0,3.5,-4.82
7.44,46.7,3,1,1,0,2.0,10.53
14.66,41.17,2,4,1,1,3.0,18.11
7.01,20.59,3,4,1,0,3.5,19.35
5.3,47.46,3,4,1,0,3.5,-2.59
14.66,35.93,1,2,1,1,1.5,-3.48
11.98,43.26,1,1,1,1,1.0,19.49
10.73,27.77,2,1,1,1,1.5,7.33
8.95,6.93,1,4,1,0,2.5,-9.92
10.37,5.52,1,2,1,1,1.5,-2.83
3.73,11.42,1,1,1,0,1.0,13.75
12.86,14.1,3,4,1,1,3.5,-6.99
13.91,26.83,3,2,1,1,2.5,2.75
8.5,29.85,3,2,1,0,2.5,17.85
9.19,11.44,3,4,1,0,3.5,6.52
4.87,22.05,1,4,1,0,2.5,18.19
4.99,21.71,2,1,1,0,1.5,7.78
13.34,23.49,2,4,1,1,3.0,15.7
10.34,40.25,1,4,1,1,2.5,10.71
3.96,22.9,2,4,1,0,3.0,6.22
10.28,14.23,2,4,1,1,3.0,-6.68
2.24,39.33,1,2,1,0,1.5,-8.44
5.42,6.66,2,2,1,0,2.0,13.78
12.63,31.14,1,1,1,1,1.0,-3.94
14.26,21.85,3,1,1,1,2.0,12.67
14.29,17.44,2,4,1,1,3.0,5.85
2.54,34.07,3,4,1,0,3.5,9.64
6.65,47.97,1,2,1,0,1.5,15.77
14.27,29.4,3,2,1,1,2.5,-3.13
5.6,26.59,2,2,1,0,2.0,16.47
10.68,30.79,1,1,1,1,1.0,0.89
10.35,35.33,3,4,1,1,3.5,-5.64
4.46,5.43,2,2,1,0,2.0,-7.3
8.5,8.6,1,2,1,0,1.5,12.22
14.03,17.21,3,4,1,1,3.5,10.48
5.16,43.69,2,1,1,0,1.5,4.7
9.73,33.22,2,2,1,0,2.0,-4.38
7.02,33.2,1,2,1,0,1.5,-8.89
7.83,36.25,1,4,1,0,2.5,8.87
10.91,34.27,2,1,1,1,1.5,7.65
8.16,26.16,1,4,1,0,2.5,0.73
14.45,23.03,1,4,1,1,2.5,14.91
8.96,42.84,3,1,1,0,2.0,-1.23
11.6,47.97,2,1,1,1,1.5,18.37
8.86,43.91,2,4,1,0,3.0,10.3
3.12,16.59,3,1,1,0,2.0,13.04
2.54,21.84,1,1,1,0,1.0,17.04
14.45,47.74,1,2,1,1,1.5,-1.7
10.69,19.41,2,2,1,1,2.0,-9.45
14.64,43.79,2,1,1,1,1.5,17.93
4.37,9.11,1,4,1,0,2.5,11.88
10.38,6.41,1,2,1,1,1.5,16.39
5.05,35.9,2,2,1,0,2.0,-9.03
7.84,5.74,2,2,1,0,2.0,2.65
4.75,43.24,3,4,1,0,3.5,-3.53
9.4,8.96,1,2,1,0,1.5,7.72
3.75,41.06,3,1,1,0,2.0,15.42
11.39,12.42,2,2,1,1,2.0,-8.81
9.86,17.91,1,2,1,0,1.5,5.08
5.24,36.18,1,1,1,0,1.0,-8.45
7.88,31.68,1,1,1,0,1.0,-5.37
6.08,30.51,1,4,1,0,2.5,2.85
10.05,7.01,1,2,1,1,1.5,4.18
11.68,19.93,1,2,1,1,1.5,7.75
3.64,25.4,2,4,1,0,3.0,17.27
5.98,26.95,1,2,1,0,1.5,5.8
9.71,19.12,1,4,1,0,2.5,-6.85
5.23,23.77,2,4,1,0,3.0,-4.94
12.7,8.85,1,1,1,1,1.0,8.92
8.57,23.71,2,1,1,0,1.5,0.71
2.59,22.61,3,1,1,0,2.0,8.92
13.61,28.2,1,1,1,1,1.0,10.83
5.5,23.09,3,1,1,0,2.0,7.73
3.57,40.58,3,2,1,0,2.5,-4.47
2.6,35.14,2,4,1,0,3.0,-9.2
10.82,28.66,2,1,1,1,1.5,13.24
5.22,9.11,2,2,1,0,2.0,-8.28
11.38,21.73,1,1,1,1,1.0,4.98
2.13,19.9,2,2,1,0,2.0,-3.88
5.89,15.79,2,1,1,0,1.5,19.56
8.97,36.02,3,2,1,0,2.5,-8.75
11.37,18.6,3,2,1,1,2.5,3.53
8.22,20.03,2,4,1,0,3.0,8.03
10.7,40.73,3,1,1,1,2.0,18.39
12.93,8.28,3,2,1,1,2.5,15.92
7.56,22.63,3,2,1,0,2.5,10.12
4.51,17.01,1,2,1,0,1.5,15.83
11.76,47.19,1,4,1,1,2.5,-9.92
6.37,39.29,3,2,1,0,2.5,1.09
10.91,27.93,2,1,1,1,1.5,5.48
9.22,10.51,3,1,1,0,2.0,-6.73
4.02,20.33,2,4,1,0,3.0,5.01
3.32,43.62,3,1,1,0,2.0,1.8
12.87,21.46,3,1,1,1,2.0,11.91
7.47,15.17,1,1,1,0,1.0,9.69
5.7,6.6,2,4,1,0,3.0,-2.76
12.54,10.01,1,2,1,1,1.5,16.7
10.15,20.47,3,1,1,1,2.0,12.8
4.52,44.97,3,4,1,0,3.5,-9.19
12.01,46.78,2,4,1,1,3.0,0.65
9.0,44.37,1,4,1,0,2.5,19.07
8.35,7.3,1,2,1,0,1.5,-9.04
8.36,16.72,2,2,1,0,2.0,7.73
13.17,21.47,1,2,1,1,1.5,18.6
4.44,18.46,1,4,1,0,2.5,16.62
2.42,40.29,3,4,1,0,3.5,1.21
12.57,42.89,3,4,1,1,3.5,-6.47
12.32,18.75,2,1,1,1,1.5,11.9
4.3,21.95,2,2,1,0,2.0,0.89
14.65,36.85,2,1,1,1,1.5,-7.99
2.46,14.59,1,2,1,0,1.5,16.13
9.35,32.79,1,2,1,0,1.5,10.53
5.6,14.55,3,2,1,0,2.5,15.15
7.47,19.82,2,4,1,0,3.0,-5.6
3.0,22.37,3,2,1,0,2.5,10.21
6.64,11.95,3,1,1,0,2.0,15.25
2.01,42.22,1,1,1,0,1.0,17.66
10.05,45.33,1,4,1,1,2.5,9.74
3.12,27.93,2,1,1,0,1.5,-4.37
4.21,12.67,2,4,1,0,3.0,13.78
11.15,23.05,2,4,1,1,3.0,12.02
11.6,44.18,1,2,1,1,1.5,4.54
3.06,48.63,1,4,1,0,2.5,-3.37
11.9,26.87,2,2,1,1,2.0,11.97
11.37,6.69,3,2,1,1,2.5,16.04
4.42,21.81,2,4,1,0,3.0,19.77
2.17,6.81,2,2,1,0,2.0,15.45
6.17,6.76,2,4,1,0,3.0,-7.84
7.31,15.11,2,2,1,0,2.0,17.92
11.12,16.6,1,4,1,1,2.5,12.32
9.33,24.33,3,4,1,0,3.5,19.95
11.26,15.39,2,4,1,1,3.0,-6.34
3.45,39.09,2,4,1,0,3.0,-4.57
3.33,36.93,3,1,1,0,2.0,7.56
4.86,41.27,3,4,1,0,3.5,6.92
5.74,12.04,3,4,1,0,3.5,4.56
2.46,35.61,1,2,1,0,1.5,0.91
6.39,35.11,1,2,1,0,1.5,14.08
3.82,14.34,1,1,1,0,1.0,11.4
7.85,13.84,2,2,1,0,2.0,11.19
6.27,40.54,1,2,1,0,1.5,19.83
7.69,20.63,3,1,1,0,2.0,-4.63
2.92,30.41,3,2,1,0,2.5,14.2
13.66,9.51,3,1,1,1,2.0,9.94
5.31,18.81,3,4,1,0,3.5,2.04
14.91,18.18,3,4,1,1,3.5,1.65
8.67,41.39,2,2,1,0,2.0,2.63
5.66,29.3,1,1,1,0,1.0,-9.78
2.65,45.65,3,1,1,0,2.0,14.83
4.02,10.88,3,2,1,0,2.5,12.02
6.16,22.83,1,4,1,0,2.5,-1.94
6.03,42.91,3,2,1,0,2.5,-9.24
3.84,31.56,2,4,1,0,3.0,-3.68
7.07,21.33,2,4,1,0,3.0,18.49
13.11,9.62,3,1,1,1,2.0,17.01
12.49,32.44,1,4,1,1,2.5,-7.12
12.0,9.07,2,1,1,1,1.5,-1.22
12.62,9.5,3,2,1,1,2.5,9.95
13.9,14.24,2,2,1,1,2.0,7.58
9.34,18.08,3,1,1,0,2.0,16.03
3.35,40.62,1,4,1,0,2.5,-0.57
3.07,26.46,2,1,1,0,1.5,11.87
2.09,7.18,2,1,1,0,1.5,18.43
12.52,49.01,2,4,1,1,3.0,19.43
3.75,30.31,2,2,1,0,2.0,1.4
4.05,37.28,2,4,1,0,3.0,2.48
5.09,39.66,3,2,1,0,2.5,-2.02
9.73,20.7,2,4,1,0,3.0,1.4
5.83,34.72,3,1,1,0,2.0,11.18
5.03,18.6,3,1,1,0,2.0,3.82
7.08,13.17,3,1,1,0,2.0,-0.43
13.53,11.06,3,1,1,1,2.0,10.5
4.83,10.82,1,4,1,0,2.5,8.54
10.54,49.34,3,2,1,1,2.5,2.05
11.99,49.07,3,4,1,1,3.5,-8.15
14.93,36.54,1,1,1,1,1.0,16.97
8.11,35.49,1,2,1,0,1.5,9.29
5.27,5.32,3,1,1,0,2.0,18.47
12.8,19.79,2,2,1,1,2.0,-5.97
11.88,29.13,1,4,1,1,2.5,12.23
8.9,46.58,3,4,1,0,3.5,-0.98
8.01,35.26,3,2,1,0,2.5,-5.87
5.4,22.36,2,4,1,0,3.0,1.7
12.42,15.34,1,1,1,1,1.0,-5.7
5.43,13.12,1,4,1,0,2.5,5.57
7.22,16.94,3,2,1,0,2.5,14.86
7.91,26.95,3,2,1,0,2.5,-8.08
13.85,33.03,3,4,1,1,3.5,15.01
9.95,35.26,2,2,1,0,2.0,-5.65
14.94,21.45,1,2,1,1,1.5,-6.16
13.35,23.46,1,4,1,1,2.5,-9.94
6.86,14.56,1,4,1,0,2.5,6.66
8.77,23.86,2,4,1,0,3.0,15.5
3.3,10.34,3,4,1,0,3.5,17.83
5.13,26.55,2,1,1,0,1.5,11.71
11.87,46.21,2,1,1,1,1.5,-5.51
8.07,18.31,1,1,1,0,1.0,3.22
12.22,23.19,2,2,1,1,2.0,2.07
8.33,45.25,3,4,1,0,3.5,10.8
6.3,6.75,3,2,1,0,2.5,-5.18
8.44,41.99,3,4,1,0,3.5,13.92
3.93,24.37,1,4,1,0,2.5,5.01
12.87,31.45,1,2,1,1,1.5,10.79
14.06,13.71,3,2,1,1,2.5,-5.08
6.96,14.17,1,2,1,0,1.5,16.43
12.41,28.21,3,2,1,1,2.5,4.59
7.64,40.29,3,1,1,0,2.0,4.24
13.41,6.59,3,2,1,1,2.5,6.44
11.5,5.12,2,1,1,1,1.5,-1.31
11.14,33.99,3,1,1,1,2.0,-1.16
9.33,22.87,3,1,1,0,2.0,9.91
14.07,16.27,2,2,1,1,2.0,-9.73
10.68,47.96,2,2,1,1,2.0,-3.41
5.89,20.13,2,1,1,0,1.5,9.93
10.6,41.78,2,1,1,1,1.5,-5.5
9.05,33.37,3,1,1,0,2.0,-0.42
12.44,38.09,3,4,1,1,3.5,-6.26
13.2,29.22,3,1,1,1,2.0,4.96
12.01,25.87,2,2,1,1,2.0,12.16
6.93,12.92,3,1,1,0,2.0,5.41
7.85,29.93,3,2,1,0,2.5,12.45
4.44,20.03,2,4,1,0,3.0,6.13
2.52,49.63,3,1,1,0,2.0,-6.09
7.89,31.3,2,2,1,0,2.0,5.42
10.94,6.18,2,1,1,1,1.5,0.52
14.92,7.92,1,4,1,1,2.5,-8.04
7.66,46.82,3,4,1,0,3.5,1.59
6.77,20.47,1,2,1,0,1.5,7.52
11.88,17.76,2,2,1,1,2.0,10.48
9.32,13.93,1,2,1,0,1.5,-1.06
9.57,31.38,1,2,1,0,1.5,3.98
8.12,47.45,3,4,1,0,3.5,-6.84
9.16,30.67,3,2,1,0,2.5,-7.75
7.34,39.32,3,1,1,0,2.0,-5.94
11.51,6.73,1,4,1,1,2.5,1.79
12.48,29.25,2,4,1,1,3.0,8.56
12.47,43.72,1,2,1,1,1.5,13.27
3.1,8.69,2,2,1,0,2.0,13.91
3.39,35.04,3,4,1,0,3.5,13.24
5.93,41.81,1,4,1,0,2.5,1.26
7.29,11.5,3,1,1,0,2.0,-6.17
7.16,21.14,3,4,1,0,3.5,17.09
6.38,16.34,3,1,1,0,2.0,9.68
12.13,48.45,3,1,1,1,2.0,-9.45
10.63,26.66,3,1,1,1,2.0,1.32
10.77,18.5,3,2,1,1,2.5,10.77
4.92,22.83,2,4,1,0,3.0,17.95
10.23,12.87,2,1,1,1,1.5,19.56
13.46,25.41,1,1,1,1,1.0,-8.06
2.24,30.38,3,4,1,0,3.5,3.59
3.34,47.37,2,2,1,0,2.0,7.66
11.0,20.92,2,1,1,1,1.5,13.56
2.42,12.49,3,1,1,0,2.0,5.93
3.4,47.22,2,4,1,0,3.0,5.58
9.23,14.46,3,4,1,0,3.5,16.81
5.61,16.17,2,2,1,0,2.0,-2.19
6.62,47.55,3,2,1,0,2.5,2.51
6.45,15.18,1,4,1,0,2.5,-4.92
10.91,30.15,1,4,1,1,2.5,10.86
7.53,22.26,2,2,1,0,2.0,3.92
8.53,16.71,3,4,1,0,3.5,10.02
10.55,25.23,2,2,1,1,2.0,19.98
5.74,20.74,1,4,1,0,2.5,0.94
11.91,22.97,1,2,1,1,1.5,-4.26
9.56,9.81,1,4,1,0,2.5,4.42
5.79,34.68,2,1,1,0,1.5,19.74
4.11,45.26,3,4,1,0,3.5,7.97
10.25,35.83,1,4,1,1,2.5,16.63
8.9,19.66,1,4,1,0,2.5,5.31
8.51,44.74,2,4,1,0,3.0,-3.71
14.87,17.15,1,1,1,1,1.0,0.15
5.16,49.68,1,4,1,0,2.5,-8.95
6.01,5.68,2,2,1,0,2.0,11.67
6.06,38.16,1,2,1,0,1.5,11.09
12.77,33.25,1,4,1,1,2.5,17.99
14.43,40.07,2,1,1,1,1.5,-8.1
7.05,5.55,2,2,1,0,2.0,14.47
10.62,10.41,1,4,1,1,2.5,11.66
11.02,28.68,2,4,1,1,3.0,8.73
8.34,18.54,1,4,1,0,2.5,11.28
13.75,28.26,3,2,1,1,2.5,11.79
9.56,41.07,2,4,1,0,3.0,13.64
12.44,18.4,1,4,1,1,2.5,15.77
14.09,44.23,1,1,1,1,1.0,8.61
5.17,11.19,2,2,1,0,2.0,-6.8
14.08,27.2,3,1,1,1,2.0,-2.17
4.58,12.14,3,1,1,0,2.0,17.02
10.89,40.8,3,4,1,1,3.5,-9.65
2.53,7.47,2,2,1,0,2.0,15.62
10.66,16.16,3,2,1,1,2.5,-2.56
3.86,40.29,2,1,1,0,1.5,4.2
5.0,20.83,1,2,1,0,1.5,11.42
3.57,9.43,1,2,1,0,1.5,16.22
5.77,37.25,2,1,1,0,1.5,8.52
6.04,25.1,3,1,1,0,2.0,1.33
6.57,26.51,2,1,1,0,1.5,3.82
8.08,9.82,1,4,1,0,2.5,17.11
6.12,11.98,3,2,1,0,2.5,11.85
6.83,29.88,3,4,1,0,3.5,15.19
5.98,28.29,1,4,1,0,2.5,15.18
8.42,44.48,3,4,1,0,3.5,2.76
11.08,18.58,2,4,1,1,3.0,16.17
7.51,9.53,1,1,1,0,1.0,0.89
3.69,26.71,1,4,1,0,2.5,-2.53
14.51,9.47,2,2,1,1,2.0,6.68
3.62,11.3,3,4,1,0,3.5,6.22
10.15,13.1,3,4,1,1,3.5,-1.42
7.84,8.76,2,2,1,0,2.0,-2.43
4.18,39.17,1,2,1,0,1.5,1.27
6.36,36.15,2,2,1,0,2.0,9.75
6.1,7.85,2,4,1,0,3.0,10.28
10.48,29.84,2,1,1,1,1.5,12.82
10.52,40.33,1,2,1,1,1.5,0.65
7.72,12.9,1,4,1,0,2.5,4.03
13.57,31.95,2,4,1,1,3.0,7.66
4.21,28.22,3,1,1,0,2.0,-1.65
13.95,38.93,2,1,1,1,1.5,-4.04
5.51,20.98,1,2,1,0,1.5,5.1
14.73,38.64,3,1,1,1,2.0,1.46
10.39,44.0,3,2,1,1,2.5,-2.03
11.09,8.06,1,2,1,1,1.5,-2.22
6.41,16.66,3,1,1,0,2.0,19.58
12.09,7.38,3,4,1,1,3.5,13.15
10.87,8.1,3,2,1,1,2.5,-1.56
2.33,49.65,2,2,1,0,2.0,4.81
2.41,23.49,1,1,1,0,1.0,0.39
3.72,32.12,3,1,1,0,2.0,10.05
14.69,14.21,1,4,1,1,2.5,-5.7
9.63,18.82,2,1,1,0,1.5,1.42
11.85,8.63,1,2,1,1,1.5,0.57
6.03,36.76,2,2,1,0,2.0,3.63
14.96,20.26,3,4,1,1,3.5,3.62
14.06,5.65,2,2,1,1,2.0,10.09
4.06,11.2,3,2,1,0,2.5,17.8
14.07,19.44,2,1,1,1,1.5,-9.54
13.26,13.91,2,4,1,1,3.0,7.75
10.15,31.55,3,2,1,1,2.5,2.16
4.77,37.87,3,1,1,0,2.0,15.79
14.95,48.0,3,1,1,1,2.0,17.55
9.21,22.8,2,2,1,0,2.0,11.55
12.38,44.21,1,2,1,1,1.5,-2.72
11.9,22.24,1,1,1,1,1.0,5.07
6.35,41.58,1,4,1,0,2.5,-9.93
7.09,6.54,1,1,1,0,1.0,15.04
13.57,6.22,1,1,1,1,1.0,19.47
9.88,31.06,3,1,1,0,2.0,18.7
5.5,43.62,1,1,1,0,1.0,-7.23
13.05,29.49,1,2,1,1,1.5,-5.42
2.19,29.18,3,4,1,0,3.5,-3.53
2.35,35.39,3,4,1,0,3.5,8.23
11.54,32.31,1,2,1,1,1.5,12.81
9.53,25.79,2,4,1,0,3.0,-6.34
13.3,48.21,2,2,1,1,2.0,8.06
3.84,9.4,2,2,1,0,2.0,10.24
12.47,7.23,2,4,1,1,3.0,7.65
7.26,19.95,3,1,1,0,2.0,12.01
13.94,29.59,1,2,1,1,1.5,14.21
2.42,21.05,3,1,1,0,2.0,0.69
10.69,11.7,1,4,1,1,2.5,-0.09
4.59,18.64,1,1,1,0,1.0,8.62
2.64,7.71,2,1,1,0,1.5,-3.91
12.87,33.24,2,4,1,1,3.0,1.21
10.39,18.04,2,2,1,1,2.0,16.64
13.05,36.18,3,2,1,1,2.5,6.18
9.91,15.9,1,2,1,0,1.5,0.78
6.97,16.56,3,1,1,0,2.0,-5.27
12.86,15.45,2,1,1,1,1.5,-2.27
11.43,37.74,2,4,1,1,3.0,2.71
8.48,39.28,1,1,1,0,1.0,19.6
2.84,29.34,3,2,1,0,2.5,18.84
14.39,36.28,3,4,1,1,3.5,12.27
5.09,18.98,3,4,1,0,3.5,-8.81
14.25,32.92,2,1,1,1,1.5,18.32
4.08,15.17,3,1,1,0,2.0,17.62
4.1,31.97,1,2,1,0,1.5,-2.95
5.58,30.55,2,4,1,0,3.0,17.14
7.24,32.78,2,4,1,0,3.0,14.35
12.76,6.32,2,4,1,1,3.0,6.46
4.83,44.51,3,4,1,0,3.5,6.73
5.03,20.92,1,1,1,0,1.0,0.21
2.45,40.73,1,4,1,0,2.5,0.57
12.53,27.72,3,4,1,1,3.5,17.86
11.59,9.23,2,4,1,1,3.0,3.44
5.75,32.98,3,2,1,0,2.5,10.71
14.28,15.96,3,4,1,1,3.5,8.59
3.39,8.74,2,4,1,0,3.0,10.25
11.39,41.68,3,1,1,1,2.0,9.0
7.24,27.31,1,1,1,0,1.0,19.19
13.63,20.96,2,4,1,1,3.0,-7.62
13.04,29.39,3,1,1,1,2.0,17.12
9.69,15.78,3,1,1,0,2.0,7.47
9.7,46.33,1,2,1,0,1.5,14.83
14.6,11.25,3,1,1,1,2.0,15.39
6.02,40.69,3,2,1,0,2.5,19.65
13.27,37.38,2,4,1,1,3.0,4.09
2.25,9.55,2,1,1,0,1.5,3.49
3.74,47.04,3,1,1,0,2.0,10.99
6.39,21.47,2,4,1,0,3.0,-4.66
7.14,13.85,3,4,1,0,3.5,-6.59
3.12,7.07,3,2,1,0,2.5,18.74
7.66,27.78,1,2,1,0,1.5,4.46
12.17,34.13,3,1,1,1,2.0,9.77
14.77,15.51,1,1,1,1,1.0,16.6
8.59,17.29,2,4,1,0,3.0,-3.58
9.07,18.04,2,2,1,0,2.0,-0.02
7.02,28.31,3,2,1,0,2.5,-0.97
5.42,36.56,3,4,1,0,3.5,-5.85
8.34,9.36,2,4,1,0,3.0,9.45
3.45,33.34,1,2,1,0,1.5,12.67
5.9,43.76,2,4,1,0,3.0,0.89
3.23,40.29,1,1,1,0,1.0,10.21
3.34,30.88,2,4,1,0,3.0,6.83
5.5,9.24,3,1,1,0,2.0,17.18
8.41,12.4,2,1,1,0,1.5,6.95
12.83,38.64,2,1,1,1,1.5,15.32
12.77,34.16,2,4,1,1,3.0,15.43
4.56,43.65,3,2,1,0,2.5,14.25
13.45,24.24,1,4,1,1,2.5,7.29
14.0,48.22,1,4,1,1,2.5,17.59
11.55,10.72,2,4,1,1,3.0,-9.35
2.23,35.13,1,4,1,0,2.5,-8.21
14.9,9.04,2,2,1,1,2.0,-5.53
14.28,9.8,1,2,1,1,1.5,-3.86
3.98,6.55,1,2,1,0,1.5,11.91
11.89,36.88,3,1,1,1,2.0,5.08
7.98,7.23,3,2,1,0,2.5,2.24
3.64,39.65,3,2,1,0,2.5,6.88
14.89,12.14,3,4,1,1,3.5,17.12
6.45,39.86,2,2,1,0,2.0,12.41
13.38,47.06,1,1,1,1,1.0,10.25
3.02,25.39,1,2,1,0,1.5,-0.46
2.79,7.39,2,2,1,0,2.0,11.46
10.44,24.61,2,4,1,1,3.0,0.94
14.37,36.73,1,2,1,1,1.5,15.08
10.97,39.44,2,2,1,1,2.0,7.65
13.06,22.99,2,1,1,1,1.5,-7.0
5.56,26.19,2,4,1,0,3.0,-1.4
3.96,8.25,1,2,1,0,1.5,15.98
7.18,8.92,1,4,1,0,2.5,19.03
12.07,26.89,3,2,1,1,2.5,10.31
13.11,34.32,1,1,1,1,1.0,-9.4
5.88,42.81,1,1,1,0,1.0,-8.68
8.59,21.46,3,4,1,0,3.5,-3.75
5.63,30.26,2,2,1,0,2.0,1.92
2.53,45.91,2,1,1,0,1.5,11.09
4.83,30.89,3,1,1,0,2.0,18.84
3.2,35.29,2,1,1,0,1.5,-9.88
3.99,11.31,1,4,1,0,2.5,6.41
13.51,33.77,2,2,1,1,2.0,6.78
12.84,35.0,3,1,1,1,2.0,-5.17
12.21,40.19,3,2,1,1,2.5,-1.01
10.48,31.93,1,4,1,1,2.5,10.5
14.94,7.23,1,1,1,1,1.0,1.03
14.36,6.0,3,1,1,1,2.0,0.34
7.1,31.98,3,2,1,0,2.5,14.95
8.98,38.35,1,1,1,0,1.0,1.18
7.85,15.78,2,1,1,0,1.5,-5.8
13.55,27.45,2,1,1,1,1.5,8.07
4.05,48.99,3,4,1,0,3.5,6.92
3.09,49.22,1,2,1,0,1.5,12.47
6.18,46.41,2,1,1,0,1.5,15.62
11.91,12.11,3,1,1,1,2.0,19.56
13.71,38.96,2,1,1,1,1.5,11.34
9.51,14.78,1,1,1,0,1.0,6.86
11.47,38.22,1,2,1,1,1.5,18.33
13.53,19.44,2,4,1,1,3.0,16.37
12.06,34.49,3,2,1,1,2.5,2.76
2.41,41.46,1,4,1,0,2.5,2.08
12.5,28.47,3,4,1,1,3.5,16.21
13.76,7.54,1,2,1,1,1.5,10.44
11.07,43.69,1,2,1,1,1.5,0.37
7.3,39.28,1,2,1,0,1.5,2.51
10.94,28.93,1,4,1,1,2.5,-5.53
13.44,13.3,1,2,1,1,1.5,-9.76
5.79,31.43,1,1,1,0,1.0,-6.12
3.34,13.23,3,2,1,0,2.5,15.07
7.29,42.36,2,1,1,0,1.5,15.08
13.82,12.23,2,2,1,1,2.0,-7.51
14.05,5.78,3,1,1,1,2.0,-2.31
5.71,25.75,2,4,1,0,3.0,-5.54
6.07,46.06,1,4,1,0,2.5,19.17
12.48,41.76,3,2,1,1,2.5,13.13
9.57,43.24,1,2,1,0,1.5,9.54
10.24,44.37,3,4,1,1,3.5,15.47
14.28,34.41,2,1,1,1,1.5,16.15
11.14,11.08,3,1,1,1,2.0,14.92
11.38,6.18,3,2,1,1,2.5,-6.66
13.16,16.8,3,4,1,1,3.5,-3.62
14.94,20.26,1,1,1,1,1.0,14.33
3.33,47.12,2,2,1,0,2.0,8.1
11.0,26.42,3,4,1,1,3.5,-2.18
11.96,42.92,3,4,1,1,3.5,-1.32
5.41,43.55,1,1,1,0,1.0,14.61
10.67,9.56,1,4,1,1,2.5,-9.43
10.97,47.69,2,2,1,1,2.0,19.25
2.3,29.56,3,2,1,0,2.5,6.69
12.21,48.22,2,4,1,1,3.0,14.08
12.33,10.64,1,1,1,1,1.0,-7.79
12.83,42.88,1,2,1,1,1.5,19.3
13.28,28.49,1,1,1,1,1.0,2.12
3.57,7.46,1,4,1,0,2.5,11.85
8.47,21.98,1,2,1,0,1.5,11.6
9.96,6.27,3,2,1,0,2.5,10.05
14.89,16.53,1,4,1,1,2.5,-1.47
13.66,46.51,3,1,1,1,2.0,11.62
14.71,29.04,1,1,1,1,1.0,6.65
3.92,25.63,1,2,1,0,1.5,-1.35
12.95,11.37,1,4,1,1,2.5,-0.43
5.28,32.43,2,1,1,0,1.5,4.3
2.59,14.73,3,4,1,0,3.5,5.63
3.81,12.84,2,1,1,0,1.5,2.15
6.45,48.3,2,2,1,0,2.0,16.83
5.85,30.09,1,2,1,0,1.5,18.81
9.29,41.87,1,2,1,0,1.5,15.95
2.11,7.03,2,2,1,0,2.0,-8.31
10.39,45.71,3,1,1,1,2.0,-2.11
6.56,21.61,3,4,1,0,3.5,18.11
6.22,12.63,2,2,1,0,2.0,15.76
2.51,6.44,1,2,1,0,1.5,12.11
14.95,22.14,1,4,1,1,2.5,-0.79
7.72,47.68,1,2,1,0,1.5,12.46
12.47,8.89,3,2,1,1,2.5,12.12
7.87,33.53,1,1,1,0,1.0,9.54
7.17,16.0,1,2,1,0,1.5,6.29
3.47,46.79,3,1,1,0,2.0,16.59
13.54,28.89,1,2,1,1,1.5,1.34
7.09,40.18,1,2,1,0,1.5,5.77
8.2,15.99,1,2,1,0,1.5,-0.18
5.04,44.89,3,2,1,0,2.5,8.05
3.71,48.35,1,4,1,0,2.5,9.18
3.49,13.96,2,1,1,0,1.5,-5.41
7.33,18.9,1,4,1,0,2.5,0.85
2.2,47.78,3,4,1,0,3.5,1.88
9.76,36.28,2,1,1,0,1.5,19.26
10.17,41.13,2,1,1,1,1.5,16.55
4.56,47.01,3,2,1,0,2.5,8.71
3.7,49.35,3,1,1,0,2.0,-4.4
12.85,46.45,1,4,1,1,2.5,-8.48
12.57,24.75,2,2,1,1,2.0,-5.16
14.57,31.35,2,1,1,1,1.5,4.59
7.79,37.58,1,2,1,0,1.5,15.41
10.67,5.52,1,1,1,1,1.0,-0.96
6.98,44.03,3,4,1,0,3.5,8.83
7.74,48.34,3,2,1,0,2.5,18.94
12.89,6.25,2,1,1,1,1.5,1.22
2.61,20.26,1,4,1,0,2.5,8.65
5.19,24.45,1,4,1,0,2.5,14.91
7.85,25.33,2,2,1,0,2.0,10.86
9.56,30.49,1,4,1,0,2.5,10.42
8.4,6.44,1,1,1,0,1.0,-7.78
11.85,31.13,1,1,1,1,1.0,15.3
9.43,22.95,3,1,1,0,2.0,-3.18
2.43,16.68,1,1,1,0,1.0,-1.52
3.11,5.57,3,2,1,0,2.5,16.32
7.8,46.77,1,1,1,0,1.0,3.38
6.07,9.54,3,4,1,0,3.5,6.35
12.51,43.3,2,1,1,1,1.5,0.05
11.82,38.64,3,1,1,1,2.0,14.47
9.45,35.78,3,2,1,0,2.5,15.49
7.21,6.39,1,4,1,0,2.5,3.38
5.32,33.46,3,1,1,0,2.0,-2.23
5.75,13.22,1,4,1,0,2.5,7.85
6.32,11.38,2,4,1,0,3.0,9.4
11.49,36.4,1,1,1,1,1.0,-1.17
13.99,8.33,2,2,1,1,2.0,-3.22
4.35,19.16,1,4,1,0,2.5,-7.17
11.78,29.41,3,4,1,1,3.5,-4.49
14.47,14.49,2,1,1,1,1.5,14.51
13.14,42.4,3,4,1,1,3.5,12.6
11.9,48.78,2,2,1,1,2.0,18.98
10.68,45.97,1,2,1,1,1.5,19.44
9.9,34.05,2,4,1,0,3.0,-0.75
6.17,16.59,2,1,1,0,1.5,10.58
6.88,20.46,2,1,1,0,1.5,3.95
7.38,24.93,1,2,1,0,1.5,4.37
2.8,48.9,1,4,1,0,2.5,12.3
12.99,43.37,3,2,1,1,2.5,-6.49
8.99,31.17,2,1,1,0,1.5,12.92
3.77,48.07,3,1,1,0,2.0,-8.59
14.33,24.62,2,1,1,1,1.5,-0.88
2.1,49.19,3,4,1,0,3.5,10.02
11.78,25.71,3,2,1,1,2.5,7.89
4.98,16.63,2,2,1,0,2.0,13.17
8.45,13.04,3,4,1,0,3.5,-9.64
2.35,32.05,2,4,1,0,3.0,5.6
6.83,7.29,1,2,1,0,1.5,7.51
5.83,7.24,2,1,1,0,1.5,6.37
3.21,48.06,1,1,1,0,1.0,-5.15
2.31,49.56,2,4,1,0,3.0,11.79
5.62,42.23,3,4,1,0,3.5,12.98
6.26,35.53,1,2,1,0,1.5,6.99
12.55,45.24,3,2,1,1,2.5,-0.24
10.54,23.04,2,1,1,1,1.5,14.79
6.56,23.97,3,1,1,0,2.0,3.26
2.47,25.68,2,1,1,0,1.5,19.82
12.25,22.41,2,2,1,1,2.0,1.14
12.91,10.78,3,2,1,1,2.5,19.2
5.26,31.7,1,4,1,0,2.5,7.57
13.5,17.09,1,1,1,1,1.0,8.22
4.7,16.06,3,4,1,0,3.5,15.57
11.83,10.82,3,4,1,1,3.5,-4.07
12.58,39.47,3,1,1,1,2.0,17.87
4.92,40.7,2,4,1,0,3.0,-5.18
11.16,23.75,3,1,1,1,2.0,17.13
5.53,32.65,3,4,1,0,3.5,11.75
14.13,42.91,1,1,1,1,1.0,-5.34
6.39,34.1,1,1,1,0,1.0,16.53
13.62,35.24,1,2,1,1,1.5,-7.27
4.36,36.03,2,1,1,0,1.5,-9.14
8.28,38.64,3,2,1,0,2.5,18.22
3.73,19.62,2,2,1,0,2.0,-1.74
9.95,8.44,3,2,1,0,2.5,16.23
12.91,49.0,1,2,1,1,1.5,2.9
5.02,13.2,1,4,1,0,2.5,6.92
14.29,14.54,1,2,1,1,1.5,11.22
8.95,25.56,1,2,1,0,1.5,17.73
7.38,16.16,1,2,1,0,1.5,11.66
11.66,48.94,1,4,1,1,2.5,0.31
2.55,48.95,2,4,1,0,3.0,-0.93
14.81,48.06,1,2,1,1,1.5,19.38
2.43,12.16,3,4,1,0,3.5,3.98
12.38,48.79,3,2,1,1,2.5,16.97
11.82,15.79,1,2,1,1,1.5,7.42
6.29,27.62,1,4,1,0,2.5,9.42
4.26,20.02,3,1,1,0,2.0,15.52
9.7,7.18,2,1,1,0,1.5,4.73
10.98,24.73,1,2,1,1,1.5,11.55
3.1,10.03,2,1,1,0,1.5,7.02
6.21,28.44,3,4,1,0,3.5,3.35
12.22,17.03,1,2,1,1,1.5,7.98
3.9,46.53,3,1,1,0,2.0,9.18
10.37,34.73,2,4,1,1,3.0,19.07
5.53,18.87,1,2,1,0,1.5,1.97
12.12,15.07,3,2,1,1,2.5,18.56
4.36,49.69,1,2,1,0,1.5,-3.24
12.01,38.77,2,4,1,1,3.0,-5.16
10.13,26.42,2,1,1,1,1.5,4.0
8.76,49.52,2,1,1,0,1.5,-5.38
4.09,39.83,3,2,1,0,2.5,-10.0
4.45,19.01,3,2,1,0,2.5,15.1
10.52,37.65,2,1,1,1,1.5,-0.4
14.92,20.28,2,2,1,1,2.0,12.56
9.18,31.72,1,4,1,0,2.5,11.05
12.12,8.27,1,1,1,1,1.0,7.0
6.2,16.68,2,2,1,0,2.0,18.26
6.67,30.09,1,1,1,0,1.0,4.83
3.57,43.38,2,2,1,0,2.0,-2.28
13.42,26.14,3,1,1,1,2.0,13.74
13.53,5.04,3,2,1,1,2.5,3.28
10.33,32.64,3,1,1,1,2.0,16.55
5.48,13.82,2,1,1,0,1.5,-4.05
8.07,12.65,2,1,1,0,1.5,13.4
13.67,41.5,2,1,1,1,1.5,7.35
3.63,6.07,2,2,1,0,2.0,-5.97
2.97,48.62,3,2,1,0,2.5,13.87
2.55,16.48,1,2,1,0,1.5,-1.41
11.19,37.52,3,1,1,1,2.0,15.91
7.9,30.31,2,1,1,0,1.5,17.0
5.65,5.45,3,2,1,0,2.5,10.87
3.52,24.13,3,2,1,0,2.5,15.0
2.59,42.19,1,2,1,0,1.5,13.95
14.51,29.31,1,4,1,1,2.5,-6.41
2.57,48.79,1,4,1,0,2.5,0.84
7.8,17.87,2,1,1,0,1.5,-4.45
14.97,10.36,1,4,1,1,2.5,-1.21
2.3,10.66,3,4,1,0,3.5,12.1
10.78,40.65,3,1,1,1,2.0,-3.33
9.46,9.15,1,4,1,0,2.5,13.78
13.87,41.74,2,2,1,1,2.0,7.69
3.76,35.48,1,1,1,0,1.0,7.04
6.94,7.61,2,1,1,0,1.5,19.8
11.49,12.09,2,1,1,1,1.5,-6.91
12.61,19.28,3,4,1,1,3.5,1.9
3.93,13.29,1,4,1,0,2.5,15.59
4.99,24.76,2,2,1,0,2.0,6.77
5.11,39.78,3,1,1,0,2.0,16.67
6.25,41.36,1,4,1,0,2.5,11.66
7.93,30.42,1,2,1,0,1.5,2.99
12.3,14.62,3,2,1,1,2.5,19.97
5.34,47.91,1,4,1,0,2.5,10.63
9.9,12.82,3,1,1,0,2.0,2.48
3.17,15.03,3,1,1,0,2.0,4.63
4.8,14.76,1,1,1,0,1.0,10.95
11.62,27.8,1,1,1,1,1.0,-6.44
8.69,32.86,2,2,1,0,2.0,-1.06
11.14,45.07,1,1,1,1,1.0,16.3
12.95,18.22,2,2,1,1,2.0,13.27
5.81,38.94,3,4,1,0,3.5,10.87
5.53,46.45,2,1,1,0,1.5,1.16
7.08,43.41,1,1,1,0,1.0,15.02
6.28,46.95,3,2,1,0,2.5,18.44
7.06,5.28,2,4,1,0,3.0,11.15
12.68,43.72,1,1,1,1,1.0,10.27
14.75,37.98,2,4,1,1,3.0,11.94
10.08,21.2,1,4,1,1,2.5,-9.6
2.69,29.75,2,4,1,0,3.0,6.42
8.23,10.07,2,4,1,0,3.0,7.67
12.65,32.66,3,4,1,1,3.5,0.29
12.54,32.17,2,2,1,1,2.0,5.59
2.94,11.94,1,2,1,0,1.5,3.48
2.19,10.51,3,2,1,0,2.5,8.53
10.38,15.39,2,4,1,1,3.0,-5.63
4.72,17.84,1,2,1,0,1.5,8.28
2.48,17.55,1,4,1,0,2.5,19.55
8.85,5.87,3,2,1,0,2.5,2.43
9.31,14.74,1,4,1,0,2.5,11.96
4.04,9.02,3,4,1,0,3.5,-4.34
2.59,36.1,3,1,1,0,2.0,-4.91
11.88,30.59,2,4,1,1,3.0,-2.13
6.89,15.75,3,4,1,0,3.5,14.16
2.99,13.9,1,2,1,0,1.5,-4.5
6.88,28.96,2,2,1,0,2.0,12.0
7.91,6.94,1,1,1,0,1.0,9.66
6.59,46.24,2,2,1,0,2.0,3.6
13.56,26.77,1,4,1,1,2.5,7.64
12.96,5.06,3,1,1,1,2.0,12.4
8.43,20.01,1,1,1,0,1.0,-2.51
5.58,25.17,1,2,1,0,1.5,0.63
2.59,13.73,3,2,1,0,2.5,14.59
4.2,44.25,2,2,1,0,2.0,5.16
7.99,39.78,1,1,1,0,1.0,14.98
6.59,11.05,1,2,1,0,1.5,-1.21
14.41,26.33,2,2,1,1,2.0,1.47
8.97,16.99,1,1,1,0,1.0,-0.14
9.1,8.59,3,4,1,0,3.5,14.04
7.47,37.0,1,2,1,0,1.5,8.54
5.7,42.74,2,1,1,0,1.5,-5.71
8.63,18.25,3,2,1,0,2.5,-4.69
2.85,34.99,2,1,1,0,1.5,11.53
12.45,25.77,1,2,1,1,1.5,4.57
14.74,35.73,2,4,1,1,3.0,-8.49
3.32,45.9,1,2,1,0,1.5,9.33
13.6,41.72,3,1,1,1,2.0,-4.61
13.89,49.78,1,2,1,1,1.5,1.94
14.09,43.55,3,1,1,1,2.0,3.72
13.55,29.75,1,2,1,1,1.5,3.92
4.05,33.22,1,4,1,0,2.5,-3.84
4.63,11.05,2,2,1,0,2.0,13.83
13.76,24.63,1,2,1,1,1.5,-1.63
13.1,22.09,2,1,1,1,1.5,1.84
8.31,49.98,3,4,1,0,3.5,-6.0
8.51,6.47,1,2,1,0,1.5,-7.43
7.26,5.19,1,2,1,0,1.5,3.73
11.62,13.65,3,1,1,1,2.0,9.8
14.49,22.73,1,2,1,1,1.5,8.32
10.95,27.52,3,4,1,1,3.5,-3.27
10.01,10.95,1,2,1,1,1.5,18.09
12.3,26.99,1,1,1,1,1.0,-7.23
2.37,41.13,3,4,1,0,3.5,-0.02
6.51,33.67,1,4,1,0,2.5,16.55
13.6,20.77,1,4,1,1,2.5,-5.45
8.39,8.29,1,1,1,0,1.0,-4.75
3.13,40.69,1,1,1,0,1.0,8.92
9.24,11.57,3,4,1,0,3.5,17.0
12.17,35.49,3,2,1,1,2.5,4.5
13.64,43.67,1,1,1,1,1.0,18.36
8.84,30.42,3,2,1,0,2.5,15.22
8.53,42.03,3,1,1,0,2.0,10.17
12.78,13.4,2,1,1,1,1.5,6.23
10.51,37.51,3,2,1,1,2.5,0.69
5.85,30.56,2,4,1,0,3.0,0.54
12.37,29.99,3,1,1,1,2.0,16.54
5.27,37.88,1,1,1,0,1.0,-9.02
5.43,40.2,2,1,1,0,1.5,-1.85
13.59,27.99,1,4,1,1,2.5,16.44
7.94,28.48,2,4,1,0,3.0,0.31
9.92,39.6,3,2,1,0,2.5,14.3
9.12,38.09,2,4,1,0,3.0,4.92
13.36,5.31,1,2,1,1,1.5,-4.8
11.65,15.64,2,4,1,1,3.0,7.93
3.27,29.03,3,2,1,0,2.5,10.13
3.21,32.5,1,4,1,0,2.5,13.56
2.13,24.28,2,1,1,0,1.5,10.54
2.4,24.06,2,2,1,0,2.0,17.68
5.21,11.1,1,4,1,0,2.5,8.14
13.19,49.33,2,2,1,1,2.0,2.16
14.15,21.61,1,2,1,1,1.5,-7.46
14.02,13.62,2,2,1,1,2.0,0.78
7.47,31.11,3,2,1,0,2.5,18.76
9.79,27.82,1,4,1,0,2.5,-2.15
10.88,23.46,2,2,1,1,2.0,17.77
2.35,26.44,1,1,1,0,1.0,6.82
3.15,26.86,2,4,1,0,3.0,0.62
8.88,11.74,1,2,1,0,1.5,15.37
2.12,26.98,3,1,1,0,2.0,-3.88
14.1,25.0,2,1,1,1,1.5,-3.22
8.51,37.97,2,2,1,0,2.0,16.24
13.22,14.19,3,1,1,1,2.0,11.66
8.11,23.03,3,2,1,0,2.5,0.23
8.34,39.96,1,4,1,0,2.5,9.7
7.38,36.93,1,2,1,0,1.5,6.96
3.47,31.22,2,4,1,0,3.0,8.52
4.06,25.64,3,2,1,0,2.5,14.89
5.94,29.8,2,1,1,0,1.5,-7.69
6.85,7.96,1,1,1,0,1.0,-6.69
4.15,8.89,1,1,1,0,1.0,-7.07
14.47,20.33,1,4,1,1,2.5,6.46
10.7,46.38,3,4,1,1,3.5,-7.62
9.28,19.33,3,1,1,0,2.0,5.05
12.84,21.96,2,1,1,1,1.5,-3.67
7.32,28.52,3,1,1,0,2.0,14.84
7.06,35.61,1,1,1,0,1.0,11.6
3.92,30.84,2,2,1,0,2.0,-1.48
3.8,8.12,2,4,1,0,3.0,13.27
4.78,10.1,2,1,1,0,1.5,11.66
2.99,42.05,1,2,1,0,1.5,17.25
7.36,20.42,3,1,1,0,2.0,-0.97
14.07,49.35,3,1,1,1,2.0,8.34
7.6,48.52,2,4,1,0,3.0,8.87
8.91,47.1,3,1,1,0,2.0,-5.47
12.07,35.05,1,2,1,1,1.5,-0.95
11.95,21.32,1,2,1,1,1.5,1.07
2.68,38.68,3,1,1,0,2.0,12.84
6.48,47.55,2,2,1,0,2.0,8.64
6.49,17.25,3,1,1,0,2.0,10.94
13.79,17.6,1,4,1,1,2.5,-0.83
2.0,37.2,3,1,1,0,2.0,-8.93
12.97,18.51,1,1,1,1,1.0,19.56
9.68,30.64,3,1,1,0,2.0,5.78
2.23,10.04,1,2,1,0,1.5,1.77
3.96,27.41,1,2,1,0,1.5,7.04
6.49,30.77,1,1,1,0,1.0,-3.47
8.07,10.93,3,1,1,0,2.0,2.75
3.31,49.6,2,1,1,0,1.5,3.51
11.69,41.95,1,2,1,1,1.5,-9.71
10.34,34.57,3,1,1,1,2.0,6.67
8.98,47.15,3,4,1,0,3.5,-4.6
7.63,21.67,3,1,1,0,2.0,16.7
14.85,39.5,3,4,1,1,3.5,3.4
7.95,12.85,1,2,1,0,1.5,16.43
6.56,25.94,2,2,1,0,2.0,8.57
10.32,25.83,2,4,1,1,3.0,2.95
8.97,36.77,2,1,1,0,1.5,17.72
5.73,38.15,2,1,1,0,1.5,-9.22
7.1,42.21,1,2,1,0,1.5,-2.74
3.31,26.81,3,4,1,0,3.5,8.42
3.66,32.86,2,2,1,0,2.0,7.15
6.47,35.09,1,1,1,0,1.0,1.95
9.67,23.84,3,1,1,0,2.0,5.38
4.74,47.02,3,1,1,0,2.0,12.67
6.39,40.22,2,1,1,0,1.5,-1.82
12.71,22.36,3,4,1,1,3.5,-8.99
4.62,46.14,3,4,1,0,3.5,12.67
5.77,21.86,3,2,1,0,2.5,-6.41
4.99,49.46,3,4,1,0,3.5,3.97
3.77,7.83,1,4,1,0,2.5,15.74
11.51,7.21,1,1,1,1,1.0,9.04
4.98,15.46,3,4,1,0,3.5,-6.56
8.97,17.26,1,4,1,0,2.5,2.88
14.1,29.54,2,1,1,1,1.5,-9.54
7.89,35.66,2,2,1,0,2.0,14.54
9.25,27.13,2,1,1,0,1.5,-4.49
13.56,32.76,3,2,1,1,2.5,17.19
12.32,36.12,3,2,1,1,2.5,19.1
10.31,9.68,2,4,1,1,3.0,9.91
11.98,36.46,2,4,1,1,3.0,4.67
7.46,45.82,1,1,1,0,1.0,19.56
12.91,24.6,3,4,1,1,3.5,3.14
4.82,27.79,2,4,1,0,3.0,-4.91
13.69,41.81,1,2,1,1,1.5,5.61
12.93,15.87,2,4,1,1,3.0,15.41
10.59,13.67,3,4,1,1,3.5,-9.19
8.26,38.71,1,2,1,0,1.5,9.58
10.29,24.45,3,2,1,1,2.5,-8.67
4.49,48.42,1,4,1,0,2.5,-3.97
3.4,5.7,2,1,1,0,1.5,14.09
3.58,15.1,1,2,1,0,1.5,-7.74
8.03,27.55,3,1,1,0,2.0,19.21
14.26,43.64,1,1,1,1,1.0,11.68
6.68,32.46,2,1,1,0,1.5,11.7
11.74,5.51,1,2,1,1,1.5,17.12
13.13,17.62,1,1,1,1,1.0,6.0
14.6,5.35,2,4,1,1,3.0,17.51
4.04,49.92,3,4,1,0,3.5,9.84
5.9,26.96,3,4,1,0,3.5,-9.94
6.58,23.23,1,1,1,0,1.0,13.12
2.47,10.35,1,2,1,0,1.5,3.47
5.36,48.66,2,2,1,0,2.0,7.17
3.98,7.04,2,2,1,0,2.0,-7.5
3.6,41.2,2,1,1,0,1.5,-8.86
10.97,38.17,3,2,1,1,2.5,19.46
5.04,31.76,3,1,1,0,2.0,-4.3
14.23,47.94,1,4,1,1,2.5,13.12
9.51,18.07,3,4,1,0,3.5,3.53
10.82,36.8,2,4,1,1,3.0,0.47
5.49,15.09,1,1,1,0,1.0,7.01
10.97,16.79,2,4,1,1,3.0,19.81
14.65,21.34,1,2,1,1,1.5,1.64
10.04,45.78,2,1,1,1,1.5,17.38
4.66,36.31,3,2,1,0,2.5,1.68
13.57,18.59,3,1,1,1,2.0,-9.16
3.82,34.53,3,2,1,0,2.5,16.25
14.26,20.71,3,4,1,1,3.5,8.57
13.56,41.64,3,2,1,1,2.5,-0.45
4.03,7.22,1,4,1,0,2.5,17.17
5.03,17.27,3,4,1,0,3.5,7.56
12.72,22.51,2,1,1,1,1.5,10.19
8.36,23.02,1,1,1,0,1.0,-6.64
9.24,29.25,3,2,1,0,2.5,9.56
12.07,48.74,3,4,1,1,3.5,-9.41
13.75,5.24,1,2,1,1,1.5,5.95
7.51,38.59,2,2,1,0,2.0,14.62
4.86,18.79,1,2,1,0,1.5,-4.3
3.1,12.04,1,4,1,0,2.5,14.79
12.11,40.64,1,4,1,1,2.5,-9.3
6.18,26.29,2,4,1,0,3.0,19.15
3.53,13.93,3,1,1,0,2.0,18.7
11.32,18.74,2,4,1,1,3.0,9.79
10.72,11.54,2,4,1,1,3.0,-4.76
6.24,46.66,2,2,1,0,2.0,-3.17
10.01,20.76,3,4,1,1,3.5,-3.64
11.32,29.24,2,1,1,1,1.5,-3.55
3.1,40.3,1,4,1,0,2.5,6.4
10.95,10.6,2,4,1,1,3.0,-6.04
9.41,40.55,1,1,1,0,1.0,-7.02
13.27,14.4,1,2,1,1,1.5,-5.84
7.59,37.48,2,1,1,0,1.5,1.54
7.16,31.7,1,2,1,0,1.5,1.49
13.51,45.72,2,2,1,1,2.0,12.47
7.39,48.92,3,2,1,0,2.5,18.62
13.43,48.76,2,2,1,1,2.0,-5.61
4.93,43.82,3,2,1,0,2.5,19.77
5.93,15.81,1,1,1,0,1.0,-2.05
7.95,31.19,3,2,1,0,2.5,19.38
8.31,7.17,1,4,1,0,2.5,-6.86
9.59,39.95,3,2,1,0,2.5,14.05
8.56,33.33,1,1,1,0,1.0,15.1
7.37,42.03,3,1,1,0,2.0,12.33
3.81,24.63,3,1,1,0,2.0,-0.43
7.53,10.63,1,1,1,0,1.0,-6.79
7.05,36.11,1,2,1,0,1.5,-3.61
5.12,15.44,1,1,1,0,1.0,4.46
3.21,21.38,3,4,1,0,3.5,1.07
6.65,37.4,2,1,1,0,1.5,-1.98
6.85,27.78,3,4,1,0,3.5,-8.2
2.15,13.64,2,4,1,0,3.0,-2.91
6.4,33.26,2,4,1,0,3.0,-7.04
6.09,9.38,2,4,1,0,3.0,10.06
8.47,5.97,2,4,1,0,3.0,19.76
14.45,25.08,2,4,1,1,3.0,5.52
12.33,45.53,1,1,1,1,1.0,-4.81
8.25,6.56,2,2,1,0,2.0,2.09
13.44,20.83,2,4,1,1,3.0,-8.83
7.67,45.8,2,1,1,0,1.5,-5.53
8.56,8.25,3,4,1,0,3.5,11.45
12.36,29.72,2,2,1,1,2.0,0.52
13.69,43.07,3,4,1,1,3.5,-9.2
3.58,17.79,1,2,1,0,1.5,12.35
3.93,6.53,3,2,1,0,2.5,2.49
12.68,32.24,1,2,1,1,1.5,-3.77
5.96,19.06,3,2,1,0,2.5,4.17
4.17,40.36,2,4,1,0,3.0,0.38
4.04,48.01,1,2,1,0,1.5,18.86
14.24,48.29,1,2,1,1,1.5,2.43
8.56,36.53,3,2,1,0,2.5,6.46
8.03,45.24,2,4,1,0,3.0,3.32
13.04,7.84,1,1,1,1,1.0,18.16
13.95,47.56,3,2,1,1,2.5,-1.02
13.26,37.69,2,2,1,1,2.0,-1.89
9.79,46.67,2,4,1,0,3.0,7.53
7.94,28.95,2,4,1,0,3.0,-2.42
13.11,15.67,2,4,1,1,3.0,8.08
4.11,33.37,3,1,1,0,2.0,-6.57
7.33,49.61,3,2,1,0,2.5,19.18
9.66,43.6,3,1,1,0,2.0,5.87
12.23,39.58,1,1,1,1,1.0,14.69
10.49,42.41,2,4,1,1,3.0,1.2
11.05,35.77,3,2,1,1,2.5,19.39
7.85,6.78,3,4,1,0,3.5,-7.46
11.34,43.0,3,2,1,1,2.5,-0.07
7.39,46.41,2,4,1,0,3.0,-3.48
5.1,35.66,1,4,1,0,2.5,-4.33
8.74,31.54,3,2,1,0,2.5,3.29
12.39,43.16,1,1,1,1,1.0,14.51
13.58,36.92,1,1,1,1,1.0,-6.93
4.43,49.62,3,4,1,0,3.5,8.22
3.06,24.48,3,4,1,0,3.5,16.47
4.44,6.75,1,1,1,0,1.0,14.11
10.03,26.27,1,1,1,1,1.0,14.71
2.19,47.79,3,2,1,0,2.5,6.22
9.95,28.77,1,2,1,0,1.5,17.87
5.95,10.74,2,4,1,0,3.0,3.13
8.72,26.61,3,1,1,0,2.0,11.88
2.3,47.42,2,2,1,0,2.0,4.79
6.81,32.28,3,2,1,0,2.5,9.48
8.34,45.06,2,4,1,0,3.0,5.73
4.03,33.48,1,1,1,0,1.0,5.59
12.09,12.64,2,4,1,1,3.0,11.53
14.98,7.42,1,2,1,1,1.5,3.89
6.96,7.54,3,2,1,0,2.5,9.94
14.99,35.61,3,4,1,1,3.5,-4.93
12.61,16.12,2,4,1,1,3.0,-4.65
5.09,48.22,1,4,1,0,2.5,14.83
4.6,7.54,3,4,1,0,3.5,-9.05
11.69,19.24,3,1,1,1,2.0,-6.92
6.69,45.97,3,2,1,0,2.5,1.0
13.35,42.14,1,4,1,1,2.5,-2.2
7.41,15.37,2,4,1,0,3.0,-1.83
5.54,24.79,2,4,1,0,3.0,19.05
10.31,11.69,2,1,1,1,1.5,5.32
7.63,28.11,1,4,1,0,2.5,15.37
2.94,38.65,2,2,1,0,2.0,-1.55
13.13,20.31,3,2,1,1,2.5,0.48
4.66,43.64,3,4,1,0,3.5,10.68
5.12,16.95,1,2,1,0,1.5,13.01
5.48,19.72,1,4,1,0,2.5,-6.13
10.6,35.59,3,4,1,1,3.5,-2.11
9.15,12.1,3,2,1,0,2.5,-7.71
12.0,40.47,3,1,1,1,2.0,11.2
4.39,19.07,1,2,1,0,1.5,6.7
9.0,21.22,1,2,1,0,1.5,0.18
11.3,13.96,3,4,1,1,3.5,4.78
9.5,29.38,1,1,1,0,1.0,0.15
8.32,11.11,3,2,1,0,2.5,0.9
4.94,25.79,2,4,1,0,3.0,13.61
8.11,37.47,1,4,1,0,2.5,16.49
10.88,15.56,1,1,1,1,1.0,2.0
3.0,30.0,2,2,1,0,2.0,-2.36
14.21,38.95,1,2,1,1,1.5,17.54
12.28,6.83,3,4,1,1,3.5,10.58
7.3,42.66,3,1,1,0,2.0,12.51
12.16,43.77,1,1,1,1,1.0,18.16
10.05,47.9,2,1,1,1,1.5,18.88
9.44,48.86,1,4,1,0,2.5,9.72
12.7,40.63,1,4,1,1,2.5,2.98
4.65,8.47,1,2,1,0,1.5,12.3
2.11,18.21,1,1,1,0,1.0,2.82
12.38,13.58,1,4,1,1,2.5,17.1
10.55,43.04,1,1,1,1,1.0,-0.71
12.37,11.78,2,1,1,1,1.5,-7.37
12.95,45.28,1,4,1,1,2.5,-9.88
2.27,7.88,1,1,1,0,1.0,-2.69
14.64,12.31,2,1,1,1,1.5,-2.37
14.38,18.85,2,2,1,1,2.0,14.87
12.71,8.36,2,1,1,1,1.5,1.19
8.32,34.13,1,1,1,0,1.0,1.33
4.88,42.76,1,4,1,0,2.5,13.66
10.86,25.28,2,2,1,1,2.0,13.83
12.48,37.3,1,4,1,1,2.5,-3.79
2.06,43.4,2,1,1,0,1.5,0.79
12.51,32.01,1,2,1,1,1.5,-1.52
8.04,7.39,3,2,1,0,2.5,8.29
9.98,45.73,3,2,1,0,2.5,-4.93
4.44,13.97,1,4,1,0,2.5,-4.02
13.06,34.47,3,4,1,1,3.5,12.85
4.79,43.43,2,1,1,0,1.5,-7.95
5.07,28.83,2,4,1,0,3.0,-9.56
2.92,11.81,2,1,1,0,1.5,3.67
3.01,43.99,3,2,1,0,2.5,6.84
3.65,41.27,1,2,1,0,1.5,11.13
7.29,21.83,3,2,1,0,2.5,-6.03
6.4,31.81,2,1,1,0,1.5,5.24
7.41,18.89,1,2,1,0,1.5,4.03
11.98,21.21,1,1,1,1,1.0,-2.7
11.01,34.16,1,1,1,1,1.0,5.91
7.83,33.06,1,1,1,0,1.0,17.2
9.08,16.55,3,2,1,0,2.5,-3.79
11.24,27.39,2,2,1,1,2.0,-4.63
9.28,6.21,1,2,1,0,1.5,7.52
11.85,39.68,1,1,1,1,1.0,-6.94
6.63,5.81,1,2,1,0,1.5,18.48
11.3,16.36,1,1,1,1,1.0,17.03
2.53,16.07,2,4,1,0,3.0,16.27
13.09,34.39,3,1,1,1,2.0,14.37
14.81,30.24,1,4,1,1,2.5,5.59
12.47,5.37,3,2,1,1,2.5,-8.39
6.84,45.45,3,2,1,0,2.5,-5.8
9.83,43.15,1,1,1,0,1.0,0.47
11.28,25.0,1,1,1,1,1.0,9.48
3.81,39.25,2,2,1,0,2.0,10.07
6.88,44.19,2,4,1,0,3.0,2.47
2.65,49.08,1,1,1,0,1.0,14.59
10.86,42.91,2,4,1,1,3.0,18.17
6.7,23.03,2,2,1,0,2.0,11.21
7.77,29.12,2,4,1,0,3.0,14.86
6.43,31.74,1,4,1,0,2.5,-5.99
12.33,8.61,3,1,1,1,2.0,-2.66
4.17,47.89,1,1,1,0,1.0,16.06
9.86,40.15,3,2,1,0,2.5,-1.42
13.43,37.8,3,2,1,1,2.5,-6.56
8.16,21.52,3,2,1,0,2.5,-1.42
5.37,39.43,3,1,1,0,2.0,1.22
8.44,13.65,2,4,1,0,3.0,-3.54
5.52,22.21,2,4,1,0,3.0,19.21
12.19,42.88,2,4,1,1,3.0,3.04
11.39,44.08,1,4,1,1,2.5,1.87
13.55,39.08,2,4,1,1,3.0,-8.9
6.76,14.11,2,1,1,0,1.5,10.37
14.84,45.7,1,4,1,1,2.5,-3.13
13.4,25.32,2,4,1,1,3.0,8.11
5.4,40.47,3,1,1,0,2.0,7.41
14.01,45.99,1,2,1,1,1.5,19.4
2.16,21.69,2,2,1,0,2.0,-6.45
10.82,21.61,3,2,1,1,2.5,-8.21
7.79,48.38,1,2,1,0,1.5,17.83
11.42,14.94,1,2,1,1,1.5,11.09
3.48,17.68,3,2,1,0,2.5,9.96
8.37,48.08,2,4,1,0,3.0,-0.16
10.45,40.55,3,1,1,1,2.0,2.27
6.33,23.95,2,2,1,0,2.0,-3.41
5.28,28.77,1,4,1,0,2.5,0.38
14.24,10.85,2,2,1,1,2.0,14.37
10.18,18.59,1,2,1,1,1.5,19.24
7.74,35.02,1,4,1,0,2.5,-1.55
4.23,21.41,2,1,1,0,1.5,5.9
2.66,32.54,3,2,1,0,2.5,8.86
2.84,23.52,3,4,1,0,3.5,18.0
12.65,14.95,3,1,1,1,2.0,4.45
12.89,23.8,3,2,1,1,2.5,2.81
7.73,22.8,1,4,1,0,2.5,0.64
5.77,46.8,1,4,1,0,2.5,8.08
14.27,32.66,2,4,1,1,3.0,-4.73
4.95,5.73,1,2,1,0,1.5,0.13
5.97,47.35,1,4,1,0,2.5,-6.04
6.4,48.62,1,1,1,0,1.0,18.57
4.64,27.87,1,1,1,0,1.0,2.56
6.89,6.22,3,2,1,0,2.5,7.43
5.6,10.54,2,2,1,0,2.0,5.66
2.33,30.88,3,2,1,0,2.5,19.26
2.87,36.96,2,4,1,0,3.0,17.78
4.07,48.91,3,1,1,0,2.0,-4.79
14.28,17.47,3,4,1,1,3.5,17.35
9.33,8.65,3,2,1,0,2.5,-3.32
12.3,5.09,2,4,1,1,3.0,8.75
10.48,20.62,2,4,1,1,3.0,8.06
6.73,27.19,1,1,1,0,1.0,14.88
2.1,31.27,1,1,1,0,1.0,2.07
6.34,28.11,3,1,1,0,2.0,18.91
14.28,18.5,1,2,1,1,1.5,-4.28
2.15,16.27,2,1,1,0,1.5,-4.01
4.55,10.56,1,2,1,0,1.5,14.28
7.18,29.91,2,4,1,0,3.0,13.69
5.46,22.8,1,2,1,0,1.5,-3.32
14.65,30.98,3,4,1,1,3.5,-4.76
11.11,8.13,3,4,1,1,3.5,4.82
14.71,20.12,3,4,1,1,3.5,-1.46
11.98,29.52,3,2,1,1,2.5,-7.92
5.5,36.06,2,1,1,0,1.5,9.8
14.53,11.19,2,1,1,1,1.5,15.14
2.8,13.81,2,1,1,0,1.5,8.54
11.27,45.34,2,4,1,1,3.0,-6.24
12.17,6.2,2,1,1,1,1.5,14.51
2.13,31.63,3,4,1,0,3.5,-3.42
3.04,15.11,3,2,1,0,2.5,-8.21
2.24,48.58,1,1,1,0,1.0,10.78
11.71,49.95,1,1,1,1,1.0,-2.01
9.09,44.58,1,1,1,0,1.0,15.89
13.95,44.82,3,1,1,1,2.0,3.01
9.84,49.94,3,2,1,0,2.5,1.28
5.18,40.17,2,1,1,0,1.5,18.14
9.25,39.19,1,2,1,0,1.5,6.33
4.54,42.73,3,1,1,0,2.0,9.68
11.05,10.23,1,4,1,1,2.5,1.08
13.84,18.14,2,1,1,1,1.5,13.29
14.11,5.6,1,4,1,1,2.5,-6.95
13.39,20.13,3,4,1,1,3.5,12.82
13.42,46.28,3,1,1,1,2.0,6.83
3.97,13.59,3,1,1,0,2.0,7.21
4.45,24.2,1,4,1,0,2.5,3.25
8.93,36.53,1,1,1,0,1.0,10.09
7.85,12.05,3,1,1,0,2.0,16.55
10.95,17.48,1,1,1,1,1.0,-8.79
8.01,28.89,1,1,1,0,1.0,6.81
12.67,33.14,3,1,1,1,2.0,6.29
9.78,13.45,1,4,1,0,2.5,0.36
5.35,45.65,1,1,1,0,1.0,-5.47
6.99,27.01,2,1,1,0,1.5,16.89
5.56,11.45,3,4,1,0,3.5,15.51
8.58,9.12,2,2,1,0,2.0,18.58
11.99,24.53,2,4,1,1,3.0,16.47
5.08,17.29,1,4,1,0,2.5,9.18
6.46,17.68,2,4,1,0,3.0,12.82
8.54,45.3,1,2,1,0,1.5,19.27
14.87,31.46,3,4,1,1,3.5,13.22
9.46,43.11,1,4,1,0,2.5,-0.4
10.26,34.68,3,1,1,1,2.0,4.36
6.66,15.78,3,2,1,0,2.5,7.71
13.55,12.98,2,1,1,1,1.5,-6.99
10.65,13.44,2,2,1,1,2.0,17.48
3.31,40.36,2,1,1,0,1.5,11.46
5.48,46.4,1,1,1,0,1.0,3.25
7.14,46.11,1,2,1,0,1.5,9.07
10.18,6.23,3,4,1,1,3.5,12.07
5.48,12.93,2,4,1,0,3.0,7.97
6.95,24.11,1,2,1,0,1.5,8.16
14.76,18.83,2,1,1,1,1.5,19.3
13.12,12.12,1,1,1,1,1.0,5.43
3.11,9.52,3,2,1,0,2.5,17.29
6.04,25.89,2,4,1,0,3.0,19.98
2.67,33.63,2,4,1,0,3.0,2.53
14.87,31.6,1,4,1,1,2.5,4.12
8.11,6.44,2,2,1,0,2.0,16.35
7.18,18.21,2,1,1,0,1.5,-4.0
3.25,13.48,2,2,1,0,2.0,13.35
2.84,48.47,1,1,1,0,1.0,8.12
2.23,18.14,3,4,1,0,3.5,17.48
11.93,41.89,3,4,1,1,3.5,-4.05
8.5,44.22,1,2,1,0,1.5,-2.06
6.28,25.34,2,2,1,0,2.0,-1.39
13.51,15.23,1,1,1,1,1.0,9.72
4.17,13.85,1,2,1,0,1.5,16.4
13.77,45.4,1,1,1,1,1.0,12.91
11.67,34.43,3,2,1,1,2.5,7.71
12.43,43.01,2,4,1,1,3.0,15.23
7.0,26.95,3,4,1,0,3.5,-1.69
2.12,48.28,2,2,1,0,2.0,19.83
9.07,5.05,1,1,1,0,1.0,17.58
14.49,10.55,1,1,1,1,1.0,13.06
2.8,38.2,2,1,1,0,1.5,1.85
14.89,40.51,1,4,1,1,2.5,-7.13
4.66,10.23,2,4,1,0,3.0,7.01
3.66,44.59,1,4,1,0,2.5,17.3
14.36,23.25,3,4,1,1,3.5,-0.42
4.8,25.4,1,2,1,0,1.5,10.29
11.59,17.52,2,1,1,1,1.5,-3.61
5.81,29.41,2,2,1,0,2.0,-3.53
8.89,40.81,1,2,1,0,1.5,12.63
9.82,8.24,1,4,1,0,2.5,19.25
14.25,27.76,2,4,1,1,3.0,-1.09
12.19,42.66,3,4,1,1,3.5,19.26
10.8,46.2,2,2,1,1,2.0,-5.33
5.79,24.81,2,2,1,0,2.0,-1.25
13.24,16.86,1,4,1,1,2.5,14.0
10.98,16.97,3,4,1,1,3.5,1.43
8.78,15.34,3,2,1,0,2.5,11.94
5.94,44.71,3,1,1,0,2.0,10.93
5.12,47.99,3,1,1,0,2.0,-2.7
5.73,43.42,1,4,1,0,2.5,-9.55
8.39,8.94,2,1,1,0,1.5,5.53
4.92,36.44,3,2,1,0,2.5,10.72
4.86,41.99,2,1,1,0,1.5,10.99
11.74,21.45,3,1,1,1,2.0,10.85
8.56,24.94,3,2,1,0,2.5,6.49
11.92,42.26,2,2,1,1,2.0,16.95
11.45,38.03,3,4,1,1,3.5,4.04
13.55,47.11,1,1,1,1,1.0,10.54
10.96,36.38,1,4,1,1,2.5,0.53
2.06,27.67,1,4,1,0,2.5,12.24
10.84,24.29,3,4,1,1,3.5,19.75
2.8,37.62,3,1,1,0,2.0,19.81
10.08,46.75,2,1,1,1,1.5,-1.38
2.49,19.62,3,2,1,0,2.5,-4.28
5.39,14.95,3,2,1,0,2.5,1.33
7.17,34.45,3,1,1,0,2.0,3.07
5.88,23.64,2,2,1,0,2.0,8.58
13.3,47.33,1,4,1,1,2.5,-2.71
5.0,17.59,2,4,1,0,3.0,0.09
9.61,44.94,1,2,1,0,1.5,-9.23
9.78,9.89,1,1,1,0,1.0,18.99
9.28,47.93,3,4,1,0,3.5,3.45
2.48,46.16,2,2,1,0,2.0,8.36
11.45,13.02,3,1,1,1,2.0,14.99
9.69,25.76,3,4,1,0,3.5,8.49
2.58,12.66,1,1,1,0,1.0,11.63
14.56,22.19,1,2,1,1,1.5,-5.26
13.52,12.32,1,4,1,1,2.5,2.82
14.27,46.05,3,2,1,1,2.5,15.74
4.47,19.66,3,2,1,0,2.5,0.11
2.5,34.51,2,1,1,0,1.5,18.23
5.46,30.25,3,1,1,0,2.0,8.53
5.94,40.18,3,4,1,0,3.5,9.0
3.54,41.25,2,2,1,0,2.0,-1.81
13.58,27.41,3,2,1,1,2.5,10.61
5.71,11.88,1,2,1,0,1.5,4.01
4.95,9.17,1,4,1,0,2.5,18.92
9.13,46.77,1,1,1,0,1.0,-9.16
7.3,47.74,1,1,1,0,1.0,-4.74
3.81,24.67,1,4,1,0,2.5,16.84
4.44,16.58,1,1,1,0,1.0,-3.5
12.95,32.35,3,1,1,1,2.0,19.42
7.84,12.03,1,1,1,0,1.0,-7.92
9.58,8.32,2,1,1,0,1.5,-9.35
7.21,34.14,3,4,1,0,3.5,11.0
2.54,5.09,2,4,1,0,3.0,14.91
3.61,44.89,1,2,1,0,1.5,-9.0
6.7,24.46,3,1,1,0,2.0,2.47
3.74,33.31,1,4,1,0,2.5,10.65
12.51,12.08,3,1,1,1,2.0,9.75
8.62,34.84,2,2,1,0,2.0,16.1
3.83,45.09,3,2,1,0,2.5,14.55
2.1,9.44,2,4,1,0,3.0,10.42
11.22,35.75,1,1,1,1,1.0,14.48
13.38,9.98,3,4,1,1,3.5,18.66
12.84,37.07,1,2,1,1,1.5,-1.6
6.86,32.82,3,4,1,0,3.5,-1.84
14.95,37.54,1,4,1,1,2.5,7.59
7.99,43.3,1,1,1,0,1.0,16.79
2.97,14.65,1,2,1,0,1.5,-0.72
7.36,5.26,3,2,1,0,2.5,17.74
13.87,33.18,2,4,1,1,3.0,-0.05
9.67,23.46,1,4,1,0,2.5,-5.56
4.99,20.84,3,2,1,0,2.5,-4.04
11.59,43.08,1,4,1,1,2.5,-8.36
10.15,18.77,1,2,1,1,1.5,18.91
5.21,14.91,1,2,1,0,1.5,11.2
6.19,48.98,1,4,1,0,2.5,-9.12
6.68,26.96,2,4,1,0,3.0,-0.43
12.32,31.63,3,2,1,1,2.5,17.15
8.69,40.7,3,2,1,0,2.5,-5.27
13.08,11.98,3,2,1,1,2.5,13.71
3.79,43.5,1,2,1,0,1.5,-4.2
11.04,7.03,1,2,1,1,1.5,4.2
2.21,15.63,3,4,1,0,3.5,4.92
11.45,40.22,3,1,1,1,2.0,4.73
10.89,26.83,2,4,1,1,3.0,-7.68
4.67,21.8,1,1,1,0,1.0,14.63
9.91,22.39,3,1,1,0,2.0,-6.72
12.08,36.82,2,4,1,1,3.0,8.0
13.82,36.34,1,4,1,1,2.5,-4.27
10.42,5.31,2,1,1,1,1.5,6.77
4.66,42.87,1,1,1,0,1.0,-1.97
11.62,42.6,1,4,1,1,2.5,13.16
9.7,40.28,1,4,1,0,2.5,-8.01
10.82,36.72,2,4,1,1,3.0,-9.77
8.27,22.57,1,4,1,0,2.5,16.07
6.11,33.33,1,1,1,0,1.0,14.74
6.25,43.39,2,4,1,0,3.0,-0.66
3.38,29.53,1,2,1,0,1.5,8.98
7.88,13.84,1,4,1,0,2.5,-4.66
8.08,26.18,2,4,1,0,3.0,4.44
12.69,9.94,3,2,1,1,2.5,-3.15
8.86,33.76,3,2,1,0,2.5,-6.54
14.52,26.26,1,2,1,1,1.5,19.48
14.08,8.74,1,4,1,1,2.5,16.74
10.05,49.01,3,2,1,1,2.5,-7.8
12.74,8.29,1,4,1,1,2.5,-5.04
5.81,10.1,3,1,1,0,2.0,0.03
13.56,42.76,1,1,1,1,1.0,19.35
12.6,35.19,3,4,1,1,3.5,2.77
9.98,24.88,1,4,1,0,2.5,5.94
10.64,8.66,3,2,1,1,2.5,-6.11
3.49,6.57,2,2,1,0,2.0,7.48
13.06,44.4,1,1,1,1,1.0,6.13
6.95,17.08,2,4,1,0,3.0,10.9
6.46,22.1,1,2,1,0,1.5,12.54
2.91,31.74,1,4,1,0,2.5,3.26
12.28,24.5,2,2,1,1,2.0,0.62
4.98,16.38,3,4,1,0,3.5,19.94
6.52,42.18,3,1,1,0,2.0,-6.7
10.61,32.58,1,4,1,1,2.5,19.77
3.61,44.8,1,1,1,0,1.0,-9.44
5.78,42.95,1,4,1,0,2.5,9.32
14.02,45.35,1,4,1,1,2.5,5.24
14.48,21.49,1,2,1,1,1.5,1.09
7.95,26.95,3,1,1,0,2.0,7.48
2.83,46.34,1,1,1,0,1.0,-6.84
6.62,44.4,1,2,1,0,1.5,-8.92
11.29,26.24,3,2,1,1,2.5,-9.82
9.03,20.77,2,2,1,0,2.0,3.97
11.12,6.92,3,1,1,1,2.0,-3.3
4.53,32.35,3,2,1,0,2.5,-1.94
2.06,20.81,2,1,1,0,1.5,-7.02
10.1,5.8,1,1,1,1,1.0,9.72
3.06,48.14,3,4,1,0,3.5,16.44
4.78,26.81,1,2,1,0,1.5,5.89
14.13,34.62,2,4,1,1,3.0,-9.52
14.5,36.64,3,4,1,1,3.5,-9.57
5.9,16.33,1,1,1,0,1.0,-4.15
9.05,7.71,1,2,1,0,1.5,-1.03
7.28,44.42,2,1,1,0,1.5,12.6
3.33,32.25,3,2,1,0,2.5,19.52
10.3,18.57,1,4,1,1,2.5,-9.61
8.83,26.38,3,4,1,0,3.5,-9.62
4.74,43.21,3,2,1,0,2.5,-6.88
4.12,11.74,1,1,1,0,1.0,2.87
11.76,36.38,1,1,1,1,1.0,3.13
9.59,20.64,3,1,1,0,2.0,7.49
5.6,31.78,2,2,1,0,2.0,14.6
6.98,40.39,3,2,1,0,2.5,3.19
2.02,13.43,1,2,1,0,1.5,6.15
13.99,26.35,3,2,1,1,2.5,11.46
14.58,39.66,1,2,1,1,1.5,-8.88
5.31,33.38,1,1,1,0,1.0,0.22
10.79,23.74,2,4,1,1,3.0,12.66
14.61,29.76,2,1,1,1,1.5,14.57
2.44,46.51,1,2,1,0,1.5,-7.18
2.73,43.63,1,1,1,0,1.0,-9.78
3.16,45.78,3,1,1,0,2.0,6.4
10.39,32.2,2,1,1,1,1.5,0.41
7.24,21.97,1,2,1,0,1.5,1.8
5.87,43.27,1,4,1,0,2.5,12.64
6.03,44.31,1,2,1,0,1.5,7.78
12.28,7.3,1,1,1,1,1.0,5.5
8.1,12.11,2,1,1,0,1.5,19.38
6.65,6.68,1,2,1,0,1.5,2.51
3.89,7.2,2,2,1,0,2.0,-2.88
10.39,42.69,3,1,1,1,2.0,3.97
3.53,44.78,3,4,1,0,3.5,18.09
6.32,48.03,1,4,1,0,2.5,6.7
5.19,8.4,2,4,1,0,3.0,16.32
8.82,45.81,3,1,1,0,2.0,9.23
13.37,24.46,1,4,1,1,2.5,-6.86
13.43,36.58,2,2,1,1,2.0,8.56
14.9,10.97,3,2,1,1,2.5,14.37
12.43,48.42,2,4,1,1,3.0,9.42
13.98,11.83,3,4,1,1,3.5,19.06
4.63,35.52,1,4,1,0,2.5,-1.8
4.68,32.54,3,2,1,0,2.5,-9.52
11.59,45.15,3,1,1,1,2.0,16.89
11.47,10.5,2,2,1,1,2.0,-9.02
6.34,15.04,3,1,1,0,2.0,11.5
13.6,25.57,2,2,1,1,2.0,4.88
5.02,47.28,2,1,1,0,1.5,-0.23
8.71,45.91,3,2,1,0,2.5,8.5
9.75,43.58,2,1,1,0,1.5,-5.95
7.99,35.02,2,2,1,0,2.0,16.62
12.15,16.87,1,4,1,1,2.5,-3.87
14.36,14.78,2,4,1,1,3.0,17.76
3.99,43.55,1,1,1,0,1.0,-8.06
7.7,15.88,2,4,1,0,3.0,17.67
4.36,47.43,1,1,1,0,1.0,5.05
14.74,15.35,2,4,1,1,3.0,12.91
6.58,15.27,3,2,1,0,2.5,5.27
11.74,15.68,3,4,1,1,3.5,18.28
5.38,5.83,1,2,1,0,1.5,0.49
10.89,22.31,1,1,1,1,1.0,13.81
6.91,32.95,1,2,1,0,1.5,18.68
8.43,10.81,2,2,1,0,2.0,7.37
8.88,10.96,2,1,1,0,1.5,19.94
11.52,35.04,2,1,1,1,1.5,13.79
6.81,17.42,2,4,1,0,3.0,-2.53
14.05,37.44,2,2,1,1,2.0,-5.58
4.42,24.2,1,1,1,0,1.0,6.01
3.63,13.44,2,1,1,0,1.5,-7.88
4.91,31.17,1,2,1,0,1.5,2.42
10.77,20.51,3,1,1,1,2.0,3.5
13.78,39.42,3,1,1,1,2.0,12.19
8.53,24.99,2,1,1,0,1.5,12.6
2.07,20.62,1,4,1,0,2.5,16.49
2.41,40.1,3,2,1,0,2.5,15.56
3.16,38.33,2,2,1,0,2.0,2.5
14.32,19.17,3,1,1,1,2.0,-1.59
5.18,46.13,1,1,1,0,1.0,15.07
11.18,32.62,1,2,1,1,1.5,0.31
12.17,49.57,2,1,1,1,1.5,18.94
5.67,16.81,1,1,1,0,1.0,-6.95
13.29,14.35,2,4,1,1,3.0,8.73
4.86,6.01,3,2,1,0,2.5,11.78
2.96,41.2,3,1,1,0,2.0,-1.36
14.96,48.17,3,2,1,1,2.5,10.86
8.86,19.87,1,2,1,0,1.5,-0.56
7.95,31.04,2,2,1,0,2.0,2.59
13.47,30.99,2,1,1,1,1.5,18.12
9.15,42.26,1,4,1,0,2.5,-0.92
6.25,16.33,2,1,1,0,1.5,5.77
4.94,29.54,2,1,1,0,1.5,18.79
9.84,12.59,2,1,1,0,1.5,-7.87
6.75,17.19,1,1,1,0,1.0,12.46
2.17,48.34,2,2,1,0,2.0,14.74
7.22,7.57,2,2,1,0,2.0,17.1
2.31,34.47,2,4,1,0,3.0,14.89
9.33,10.03,3,2,1,0,2.5,-5.75
8.67,43.38,1,4,1,0,2.5,15.99
2.32,21.58,3,2,1,0,2.5,-4.82
7.81,44.73,1,2,1,0,1.5,4.05
9.59,18.04,3,1,1,0,2.0,13.11
13.94,27.16,3,2,1,1,2.5,-5.95
4.37,43.98,1,2,1,0,1.5,-4.16
4.27,27.09,3,2,1,0,2.5,5.66
9.64,35.75,3,2,1,0,2.5,-4.94
14.33,33.72,3,2,1,1,2.5,3.41
4.16,48.5,2,2,1,0,2.0,-9.82
11.6,17.14,2,1,1,1,1.5,-0.99
9.52,10.25,2,1,1,0,1.5,11.44
4.87,40.1,3,1,1,0,2.0,16.25
7.73,30.29,1,1,1,0,1.0,7.26
7.41,15.53,1,2,1,0,1.5,10.38
6.03,11.57,2,1,1,0,1.5,-8.5
4.59,45.02,2,2,1,0,2.0,19.35
5.58,44.84,1,2,1,0,1.5,12.82
10.81,35.04,1,2,1,1,1.5,8.88
13.29,27.56,2,1,1,1,1.5,-5.64
2.07,37.56,3,1,1,0,2.0,-7.63
4.58,14.57,1,1,1,0,1.0,17.92
5.21,36.99,2,2,1,0,2.0,9.75
7.94,5.18,2,4,1,0,3.0,5.01
4.63,32.63,1,1,1,0,1.0,3.47
9.56,20.74,1,1,1,0,1.0,2.72
8.95,8.63,1,4,1,0,2.5,10.86
14.5,43.36,2,2,1,1,2.0,-7.14
8.71,16.88,1,2,1,0,1.5,6.76
9.02,10.73,1,1,1,0,1.0,1.52
13.12,28.51,3,1,1,1,2.0,7.38
11.22,26.98,2,1,1,1,1.5,-0.18
13.1,46.44,2,1,1,1,1.5,16.07
8.65,9.42,1,1,1,0,1.0,9.81
11.95,33.42,2,1,1,1,1.5,7.22
14.89,41.35,1,1,1,1,1.0,-5.68
7.59,10.74,3,2,1,0,2.5,-8.84
11.23,21.21,3,4,1,1,3.5,6.81
9.89,39.79,3,4,1,0,3.5,3.28
2.61,27.42,3,1,1,0,2.0,5.96
12.8,30.94,1,1,1,1,1.0,7.81
13.51,26.75,2,4,1,1,3.0,11.03
3.56,48.92,2,1,1,0,1.5,9.74
2.14,18.66,3,1,1,0,2.0,-2.23
10.96,27.84,3,1,1,1,2.0,9.07
13.34,21.29,3,1,1,1,2.0,9.34
6.88,6.5,2,4,1,0,3.0,5.05
4.7,34.05,3,1,1,0,2.0,-6.61
13.05,37.11,3,2,1,1,2.5,9.16
14.1,23.36,1,2,1,1,1.5,-3.06
7.63,46.01,1,4,1,0,2.5,16.7
3.55,42.9,2,2,1,0,2.0,5.23
8.57,7.97,3,1,1,0,2.0,-2.24
7.09,23.31,1,1,1,0,1.0,1.95
5.55,35.25,2,2,1,0,2.0,2.28
13.68,5.21,3,4,1,1,3.5,-6.1
9.9,14.64,1,4,1,0,2.5,0.75
10.58,5.99,3,1,1,1,2.0,9.62
14.11,39.79,3,2,1,1,2.5,14.38
12.69,44.25,3,4,1,1,3.5,-7.79
8.08,11.58,3,1,1,0,2.0,11.22
5.22,33.83,3,2,1,0,2.5,17.71
9.11,25.17,3,2,1,0,2.5,-1.94
13.78,26.31,3,1,1,1,2.0,-6.85
12.2,46.65,3,2,1,1,2.5,1.87
5.22,36.61,2,4,1,0,3.0,-2.69
9.42,19.87,2,1,1,0,1.5,8.27
8.36,42.31,1,1,1,0,1.0,14.72
2.86,29.63,3,2,1,0,2.5,16.72
10.07,24.71,1,1,1,1,1.0,5.52
12.56,8.34,1,2,1,1,1.5,-7.38
7.25,26.04,3,4,1,0,3.5,11.87
5.44,43.13,1,1,1,0,1.0,10.45
12.78,10.97,1,1,1,1,1.0,10.9
11.95,25.3,1,1,1,1,1.0,2.54
2.36,23.52,1,2,1,0,1.5,14.35
6.05,14.82,3,2,1,0,2.5,14.6
3.55,30.55,1,4,1,0,2.5,-5.81
10.36,7.89,1,1,1,1,1.0,-2.23
12.93,44.85,1,1,1,1,1.0,15.59
10.75,22.78,1,1,1,1,1.0,1.7
6.19,26.1,3,4,1,0,3.5,-4.22
14.81,21.4,2,4,1,1,3.0,11.38
8.61,18.95,2,1,1,0,1.5,7.52
5.02,47.99,2,2,1,0,2.0,19.09
10.34,5.08,3,2,1,1,2.5,-4.27
3.71,38.2,3,2,1,0,2.5,13.59
4.48,31.18,1,1,1,0,1.0,17.24
10.62,27.89,1,2,1,1,1.5,-7.49
10.4,22.59,3,1,1,1,2.0,19.98
11.82,47.38,3,2,1,1,2.5,15.34
13.6,13.3,2,2,1,1,2.0,4.96
6.31,16.88,1,2,1,0,1.5,-1.09
5.66,36.55,2,2,1,0,2.0,5.28
13.72,48.39,2,1,1,1,1.5,-0.04
11.06,38.2,2,2,1,1,2.0,17.05
13.91,12.66,2,2,1,1,2.0,-7.81
4.74,8.77,2,4,1,0,3.0,15.37
2.81,25.18,1,1,1,0,1.0,12.73
5.47,5.05,2,4,1,0,3.0,7.33
5.73,41.87,3,2,1,0,2.5,-1.21
14.7,21.92,3,1,1,1,2.0,11.25
11.01,14.03,3,4,1,1,3.5,12.93
2.63,14.38,2,4,1,0,3.0,-4.72
2.97,21.97,1,2,1,0,1.5,-5.8
12.15,43.87,3,2,1,1,2.5,11.17
4.21,22.28,3,1,1,0,2.0,-6.33
6.47,45.74,3,2,1,0,2.5,-8.72
3.11,11.17,1,4,1,0,2.5,-2.62
5.86,10.13,1,4,1,0,2.5,9.23
5.69,21.09,3,4,1,0,3.5,1.76
7.13,34.99,3,4,1,0,3.5,9.62
11.86,15.33,1,1,1,1,1.0,8.73
9.1,44.95,2,1,1,0,1.5,-2.9
5.85,15.31,3,2,1,0,2.5,5.48
4.88,26.38,2,4,1,0,3.0,-9.48
8.01,43.59,3,4,1,0,3.5,1.68
2.35,35.37,1,1,1,0,1.0,-8.05
8.53,13.11,1,1,1,0,1.0,0.55
10.97,5.25,1,2,1,1,1.5,-8.81
13.1,48.18,2,1,1,1,1.5,2.41
9.3,12.9,3,2,1,0,2.5,18.96
5.85,38.55,2,4,1,0,3.0,12.73
14.56,45.8,2,2,1,1,2.0,0.78
12.32,16.51,2,4,1,1,3.0,5.9
3.11,5.66,2,1,1,0,1.5,-8.19
13.31,9.5,3,2,1,1,2.5,9.85
14.05,33.65,2,1,1,1,1.5,3.53
6.24,31.02,3,4,1,0,3.5,8.79
10.54,5.73,3,2,1,1,2.5,-1.77
2.49,17.41,1,4,1,0,2.5,-3.04
10.98,43.34,3,1,1,1,2.0,-7.72
8.93,41.87,2,1,1,0,1.5,-0.86
9.36,38.75,3,1,1,0,2.0,17.36
5.94,10.73,2,1,1,0,1.5,-0.41
12.24,46.91,2,1,1,1,1.5,15.39
4.17,18.51,3,4,1,0,3.5,0.93
12.09,11.97,1,2,1,1,1.5,6.74
6.01,20.67,2,4,1,0,3.0,16.33
8.36,16.11,1,1,1,0,1.0,-1.68
5.14,19.96,3,4,1,0,3.5,15.6
10.11,41.73,1,4,1,1,2.5,5.25
6.78,36.15,1,2,1,0,1.5,1.91
3.14,31.64,2,2,1,0,2.0,17.43
7.24,21.53,2,2,1,0,2.0,15.34
4.05,14.1,1,2,1,0,1.5,7.1
4.07,13.0,1,2,1,0,1.5,13.59
5.78,9.56,3,1,1,0,2.0,1.14
4.11,5.04,3,4,1,0,3.5,-9.72
12.48,36.85,2,1,1,1,1.5,-0.23
12.08,23.05,2,1,1,1,1.5,-2.55
9.13,11.54,3,4,1,0,3.5,2.29
4.34,49.33,3,4,1,0,3.5,17.48
13.75,28.66,3,4,1,1,3.5,-5.62
13.67,30.54,2,1,1,1,1.5,10.76
9.68,14.58,1,2,1,0,1.5,-5.71
5.83,12.68,2,4,1,0,3.0,10.48
2.39,32.13,2,2,1,0,2.0,-4.58
7.7,36.04,1,4,1,0,2.5,-3.96
3.96,20.5,1,4,1,0,2.5,-0.99
4.26,47.31,2,2,1,0,2.0,17.92
10.71,32.84,3,4,1,1,3.5,13.53
4.59,35.71,1,1,1,0,1.0,-7.93
14.42,25.53,1,2,1,1,1.5,17.21
12.34,33.34,2,4,1,1,3.0,3.0
11.39,20.72,3,2,1,1,2.5,4.89
12.38,32.58,2,2,1,1,2.0,-9.8
12.07,28.58,2,1,1,1,1.5,14.85
12.18,11.55,3,2,1,1,2.5,12.67
12.13,31.5,3,2,1,1,2.5,-2.48
6.38,49.34,1,1,1,0,1.0,17.33
4.96,30.25,1,2,1,0,1.5,1.97
12.03,9.5,1,2,1,1,1.5,17.34
13.24,16.94,3,2,1,1,2.5,-4.3
5.23,19.46,2,1,1,0,1.5,-1.41
4.87,34.73,2,2,1,0,2.0,17.31
8.17,26.95,1,1,1,0,1.0,-4.26
13.52,10.97,3,2,1,1,2.5,-7.45
6.03,27.32,2,4,1,0,3.0,-9.4
10.45,33.99,1,2,1,1,1.5,9.87
5.2,47.38,3,4,1,0,3.5,11.41
10.36,10.17,3,1,1,1,2.0,17.11
3.37,37.85,2,2,1,0,2.0,11.2
8.14,7.32,1,4,1,0,2.5,10.77
10.58,8.86,3,2,1,1,2.5,-1.07
12.66,18.49,1,1,1,1,1.0,1.38
10.51,15.4,3,4,1,1,3.5,0.04
4.25,43.06,3,1,1,0,2.0,-7.58
7.51,16.76,2,2,1,0,2.0,-2.11
14.31,38.03,1,2,1,1,1.5,18.32
13.03,18.76,3,1,1,1,2.0,9.95
11.48,7.51,2,2,1,1,2.0,3.73
7.13,43.21,2,1,1,0,1.5,-1.84
3.65,41.12,2,4,1,0,3.0,12.09
13.17,27.97,3,4,1,1,3.5,12.44
3.76,19.91,2,1,1,0,1.5,-5.03
7.72,11.06,1,1,1,0,1.0,4.79
5.67,41.11,3,4,1,0,3.5,-8.07
5.89,39.87,3,2,1,0,2.5,3.95
11.06,35.36,1,4,1,1,2.5,8.97
8.57,15.09,1,4,1,0,2.5,5.24
5.65,40.52,1,1,1,0,1.0,-4.8
3.35,43.54,2,1,1,0,1.5,3.49
8.59,24.42,2,4,1,0,3.0,-5.99
10.7,29.07,1,2,1,1,1.5,-7.97
6.75,33.83,3,2,1,0,2.5,7.82
11.31,33.81,3,4,1,1,3.5,18.97
12.21,12.06,2,4,1,1,3.0,6.1
14.01,9.19,2,4,1,1,3.0,4.21
9.23,21.26,3,2,1,0,2.5,3.45
13.03,16.53,3,2,1,1,2.5,-4.93
11.63,43.14,3,4,1,1,3.5,5.38
9.53,10.33,1,1,1,0,1.0,8.74
8.37,19.74,1,4,1,0,2.5,-4.5
2.38,39.66,3,2,1,0,2.5,2.76
5.89,5.43,1,2,1,0,1.5,15.49
2.69,34.07,1,2,1,0,1.5,2.56
2.59,42.51,2,1,1,0,1.5,-0.13
14.24,18.93,1,2,1,1,1.5,1.76
14.1,27.77,2,1,1,1,1.5,3.63
3.83,7.4,3,1,1,0,2.0,3.92
14.91,12.32,1,1,1,1,1.0,-2.91
3.53,24.29,3,1,1,0,2.0,0.97
6.51,15.66,1,1,1,0,1.0,7.06
2.78,39.86,1,2,1,0,1.5,-8.65
3.23,24.18,3,2,1,0,2.5,-7.14
11.15,41.59,2,4,1,1,3.0,-9.01
14.53,34.25,2,4,1,1,3.0,8.34
10.81,32.01,2,2,1,1,2.0,-6.42
3.77,29.94,1,2,1,0,1.5,-7.52
9.37,43.17,2,2,1,0,2.0,19.09
7.19,47.01,2,1,1,0,1.5,12.91
8.01,48.27,2,2,1,0,2.0,17.25
2.21,31.83,2,4,1,0,3.0,-6.68
10.47,17.27,1,1,1,1,1.0,19.77
8.95,17.25,3,1,1,0,2.0,-4.82
12.51,19.29,3,2,1,1,2.5,-7.04
2.58,46.46,3,2,1,0,2.5,13.93
13.38,45.5,3,1,1,1,2.0,-3.71
4.0,19.42,2,4,1,0,3.0,-1.45
10.3,21.41,2,4,1,1,3.0,11.42
7.37,40.74,2,2,1,0,2.0,-3.14
9.55,10.64,2,4,1,0,3.0,10.79
4.53,18.26,1,2,1,0,1.5,19.19
12.92,22.32,2,2,1,1,2.0,-1.47
12.98,25.13,2,2,1,1,2.0,10.92
4.71,10.67,1,2,1,0,1.5,-3.26
13.92,17.83,2,4,1,1,3.0,18.69
6.18,18.95,1,1,1,0,1.0,-2.02
7.0,26.91,3,4,1,0,3.5,12.94
12.32,23.87,2,1,1,1,1.5,-3.73
8.33,13.93,3,2,1,0,2.5,6.14
5.2,43.74,1,1,1,0,1.0,9.92
11.15,24.46,1,1,1,1,1.0,-0.29
11.36,16.67,2,4,1,1,3.0,-0.28
4.82,39.3,3,1,1,0,2.0,1.75
8.9,44.95,2,4,1,0,3.0,13.92
4.78,33.46,3,2,1,0,2.5,-4.37
8.9,7.32,2,2,1,0,2.0,2.46
4.48,38.46,3,1,1,0,2.0,5.02
5.65,45.08,1,1,1,0,1.0,15.28
6.91,34.14,2,1,1,0,1.5,9.07
2.28,31.98,2,1,1,0,1.5,13.18
6.29,9.46,3,2,1,0,2.5,3.19
12.81,5.37,1,2,1,1,1.5,19.83
6.94,8.44,1,2,1,0,1.5,-0.88
8.11,15.96,1,1,1,0,1.0,16.99
2.55,12.54,2,2,1,0,2.0,2.64
11.16,28.6,3,4,1,1,3.5,0.75
11.39,43.32,2,1,1,1,1.5,-1.69
4.39,16.31,3,1,1,0,2.0,12.56
6.86,9.32,1,4,1,0,2.5,-4.17
4.13,21.91,2,4,1,0,3.0,0.79
2.58,38.24,2,1,1,0,1.5,8.73
9.79,48.68,2,2,1,0,2.0,5.43
9.63,40.32,1,1,1,0,1.0,4.32
8.64,45.09,1,1,1,0,1.0,4.28
4.06,48.14,3,1,1,0,2.0,-9.61
5.19,19.16,2,2,1,0,2.0,3.88
11.65,42.56,1,4,1,1,2.5,16.6
4.65,42.24,2,4,1,0,3.0,-9.07
7.89,31.32,1,1,1,0,1.0,-4.93
7.91,22.85,2,4,1,0,3.0,19.86
6.84,48.92,1,2,1,0,1.5,-6.71
2.22,47.9,1,1,1,0,1.0,17.36
7.92,17.29,1,2,1,0,1.5,10.82
11.31,46.05,3,4,1,1,3.5,7.18
5.98,47.01,2,2,1,0,2.0,-2.71
7.66,48.16,3,4,1,0,3.5,7.75
8.25,39.12,2,4,1,0,3.0,3.58
7.75,16.95,2,1,1,0,1.5,3.59
2.69,24.4,1,2,1,0,1.5,0.9
10.45,41.49,3,4,1,1,3.5,-0.34
8.21,11.67,1,1,1,0,1.0,-3.69
6.17,10.9,3,2,1,0,2.5,4.0
12.73,10.7,2,4,1,1,3.0,11.58
6.73,31.29,1,1,1,0,1.0,15.56
14.22,44.73,2,4,1,1,3.0,13.69
11.47,16.71,1,2,1,1,1.5,14.59
2.23,39.11,1,1,1,0,1.0,11.94
12.4,33.66,1,2,1,1,1.5,-4.05
2.4,13.48,3,1,1,0,2.0,7.18
11.62,28.08,3,4,1,1,3.5,11.88
5.7,13.21,2,2,1,0,2.0,-0.43
5.58,37.49,3,2,1,0,2.5,2.16
13.12,5.56,1,4,1,1,2.5,-7.98
4.85,19.54,2,1,1,0,1.5,9.57
12.56,49.49,2,1,1,1,1.5,-6.82
3.79,10.76,3,4,1,0,3.5,15.05
11.46,42.44,3,1,1,1,2.0,12.26
5.89,22.76,1,2,1,0,1.5,14.13
2.14,49.09,1,4,1,0,2.5,15.28
13.95,15.5,3,4,1,1,3.5,0.11
12.65,5.54,1,1,1,1,1.0,8.69
10.43,29.64,1,4,1,1,2.5,-8.64
7.05,12.52,3,4,1,0,3.5,13.07
8.81,34.06,1,4,1,0,2.5,19.76
6.17,20.63,2,2,1,0,2.0,14.84
2.46,48.5,3,4,1,0,3.5,18.51
6.81,5.26,3,4,1,0,3.5,13.31
8.68,6.14,3,1,1,0,2.0,15.36
13.54,35.94,1,1,1,1,1.0,-4.58
4.47,5.57,2,4,1,0,3.0,-0.13
12.02,39.51,1,4,1,1,2.5,15.78
2.62,11.17,1,2,1,0,1.5,18.13
9.24,19.12,1,2,1,0,1.5,13.23
10.22,24.38,3,4,1,1,3.5,-6.52
12.88,29.65,3,2,1,1,2.5,6.23
13.4,41.87,3,2,1,1,2.5,15.79
7.65,7.05,3,4,1,0,3.5,19.62
9.4,43.74,3,4,1,0,3.5,-5.25
11.64,32.43,3,1,1,1,2.0,-6.72
9.45,18.27,3,2,1,0,2.5,9.92
7.09,31.54,1,4,1,0,2.5,14.87
6.27,27.4,3,2,1,0,2.5,-2.87
7.5,41.81,1,1,1,0,1.0,-6.88
14.35,44.07,3,2,1,1,2.5,-5.98
10.57,31.5,2,4,1,1,3.0,3.67
11.57,13.96,2,1,1,1,1.5,19.02
6.91,16.68,3,2,1,0,2.5,4.46
14.54,34.62,2,4,1,1,3.0,18.82
14.66,23.45,3,2,1,1,2.5,6.41
14.79,6.47,2,1,1,1,1.5,19.5
14.26,12.07,2,4,1,1,3.0,-0.97
2.44,34.62,3,4,1,0,3.5,15.7
4.11,26.59,1,4,1,0,2.5,14.4
7.85,17.59,2,4,1,0,3.0,-5.98
4.75,44.4,1,4,1,0,2.5,16.4
11.83,22.3,3,1,1,1,2.0,5.96
13.59,10.35,3,4,1,1,3.5,0.72
11.07,47.92,3,1,1,1,2.0,0.44
6.5,16.14,2,2,1,0,2.0,-4.56
2.71,38.55,1,4,1,0,2.5,17.51
9.59,41.68,3,2,1,0,2.5,-6.64
6.1,20.85,2,4,1,0,3.0,3.91
14.39,13.54,2,4,1,1,3.0,10.24
8.48,11.46,3,4,1,0,3.5,-4.81
4.51,22.84,1,4,1,0,2.5,-0.87
10.49,32.2,3,4,1,1,3.5,17.61
4.26,17.14,1,2,1,0,1.5,-9.25
9.78,16.05,1,4,1,0,2.5,17.13
11.33,28.83,3,2,1,1,2.5,1.73
11.35,22.78,2,2,1,1,2.0,-9.12
3.62,24.62,3,4,1,0,3.5,15.32
14.52,30.24,1,1,1,1,1.0,15.73
11.55,12.48,1,4,1,1,2.5,11.14
6.28,34.06,3,2,1,0,2.5,14.2
4.1,26.94,3,1,1,0,2.0,-6.51
8.27,40.56,1,4,1,0,2.5,-6.67
13.63,18.24,3,4,1,1,3.5,-2.08
5.75,12.82,2,4,1,0,3.0,3.92
7.18,10.78,1,4,1,0,2.5,10.5
10.4,25.12,3,1,1,1,2.0,-6.66
5.38,35.7,3,4,1,0,3.5,4.71
5.1,45.24,3,4,1,0,3.5,2.41
11.5,33.58,1,4,1,1,2.5,-7.35
7.94,30.81,1,4,1,0,2.5,-7.93
14.72,5.57,2,4,1,1,3.0,4.19
13.54,36.62,1,4,1,1,2.5,17.83
2.37,13.95,3,2,1,0,2.5,8.53
7.31,12.3,2,4,1,0,3.0,2.73
6.56,35.05,3,2,1,0,2.5,-8.58
2.84,44.95,2,4,1,0,3.0,6.38
6.31,21.9,3,1,1,0,2.0,2.76
7.73,26.33,3,1,1,0,2.0,-6.41
11.36,44.84,3,2,1,1,2.5,2.14
3.68,21.3,2,4,1,0,3.0,-0.16
11.3,7.77,2,1,1,1,1.5,5.19
5.84,30.09,1,2,1,0,1.5,2.32
6.21,12.75,1,4,1,0,2.5,17.86
2.46,45.94,3,4,1,0,3.5,-7.02
14.23,13.35,2,2,1,1,2.0,-9.23
13.59,10.69,1,2,1,1,1.5,10.75
8.67,8.8,1,4,1,0,2.5,-0.37
2.86,46.56,3,4,1,0,3.5,-8.22
6.05,49.69,3,1,1,0,2.0,9.49
13.79,35.32,3,1,1,1,2.0,-5.84
6.29,15.0,2,4,1,0,3.0,10.67
2.05,40.84,2,1,1,0,1.5,-3.52
4.49,39.42,2,2,1,0,2.0,2.07
11.83,22.7,3,2,1,1,2.5,14.07
10.42,39.33,2,4,1,1,3.0,9.96
10.42,39.84,1,4,1,1,2.5,11.76
3.95,23.3,2,1,1,0,1.5,-6.93
3.66,32.14,3,4,1,0,3.5,16.97
11.11,49.87,2,4,1,1,3.0,14.12
6.29,21.46,3,4,1,0,3.5,6.78
9.16,32.34,1,2,1,0,1.5,-0.18
12.46,29.68,2,1,1,1,1.5,17.06
13.35,49.67,3,2,1,1,2.5,13.08
2.34,12.4,3,1,1,0,2.0,19.29
4.48,6.12,3,2,1,0,2.5,-6.7
4.19,39.47,1,2,1,0,1.5,-8.96
8.08,7.24,3,4,1,0,3.5,-8.22
14.73,12.98,1,4,1,1,2.5,-3.62
2.09,24.28,3,4,1,0,3.5,-7.75
10.32,44.33,2,4,1,1,3.0,-0.67
13.34,39.15,1,1,1,1,1.0,11.5
8.03,6.3,3,4,1,0,3.5,4.38
12.18,41.76,3,2,1,1,2.5,17.22
10.6,6.07,2,4,1,1,3.0,14.94
6.28,6.84,1,2,1,0,1.5,-6.15
2.42,25.47,3,2,1,0,2.5,0.23
6.27,12.73,1,4,1,0,2.5,2.58
3.06,9.16,2,2,1,0,2.0,7.39
6.52,30.64,1,2,1,0,1.5,4.43
9.36,33.97,2,1,1,0,1.5,-4.87
14.63,19.28,2,2,1,1,2.0,-5.09
11.89,22.91,1,4,1,1,2.5,-3.47
7.53,15.16,3,1,1,0,2.0,-4.91
13.02,38.76,1,2,1,1,1.5,-0.6
4.71,31.24,2,2,1,0,2.0,19.03
5.12,30.93,1,2,1,0,1.5,11.22
6.1,43.31,3,1,1,0,2.0,11.34
10.03,13.84,2,2,1,1,2.0,15.58
10.8,38.66,1,1,1,1,1.0,-5.94
14.65,35.55,2,1,1,1,1.5,11.63
9.02,32.59,1,4,1,0,2.5,-2.37
8.36,13.2,3,1,1,0,2.0,2.95
8.2,6.89,3,1,1,0,2.0,10.4
13.68,32.77,3,4,1,1,3.5,1.66
14.7,14.12,3,1,1,1,2.0,-9.26
5.34,14.93,1,4,1,0,2.5,9.04
13.13,42.65,2,4,1,1,3.0,-8.76
14.22,47.84,3,4,1,1,3.5,-3.57
8.6,6.79,1,2,1,0,1.5,4.68
7.11,28.37,2,2,1,0,2.0,-7.6
13.34,39.58,1,2,1,1,1.5,13.84
11.97,7.7,2,1,1,1,1.5,-6.3
4.48,46.32,1,4,1,0,2.5,5.3
12.96,14.17,1,1,1,1,1.0,-2.83
12.77,43.57,2,1,1,1,1.5,-6.85
14.97,8.44,1,2,1,1,1.5,16.28
12.04,25.25,1,2,1,1,1.5,-6.84
6.84,16.03,3,2,1,0,2.5,-2.79
9.72,18.7,1,4,1,0,2.5,19.78
14.11,28.97,2,1,1,1,1.5,-7.89
14.71,34.38,2,1,1,1,1.5,-4.77
11.27,26.66,1,4,1,1,2.5,3.83
7.06,11.8,3,4,1,0,3.5,-3.29
5.02,18.09,2,1,1,0,1.5,17.78
7.99,24.65,1,2,1,0,1.5,4.98
8.8,36.89,2,4,1,0,3.0,11.78
3.48,14.25,2,4,1,0,3.0,13.25
2.26,16.84,2,4,1,0,3.0,0.56
8.59,26.97,3,4,1,0,3.5,3.95
5.09,6.78,1,4,1,0,2.5,-8.41
13.61,42.41,1,2,1,1,1.5,13.95
7.68,38.52,2,2,1,0,2.0,-5.59
2.96,17.93,2,2,1,0,2.0,1.3
3.15,47.33,3,2,1,0,2.5,-8.72
3.25,21.22,2,2,1,0,2.0,2.75
3.0,24.56,2,4,1,0,3.0,6.11
6.8,27.99,3,2,1,0,2.5,6.56
6.71,6.39,3,4,1,0,3.5,-7.37
7.54,18.51,2,1,1,0,1.5,-2.53
5.89,27.76,2,1,1,0,1.5,0.6
5.24,17.09,3,1,1,0,2.0,11.13
13.75,35.05,2,1,1,1,1.5,2.82
5.39,35.92,1,1,1,0,1.0,11.08
6.96,46.25,3,2,1,0,2.5,-2.53
14.38,7.88,1,2,1,1,1.5,18.02
4.31,23.73,2,2,1,0,2.0,10.36
13.96,34.98,1,1,1,1,1.0,11.06
6.15,41.06,2,1,1,0,1.5,-5.24
7.88,9.51,3,1,1,0,2.0,-2.49
4.54,30.62,3,2,1,0,2.5,18.97
13.06,21.88,3,4,1,1,3.5,-0.66
12.97,13.77,1,2,1,1,1.5,6.96
7.07,29.04,2,2,1,0,2.0,5.6
5.73,20.43,2,1,1,0,1.5,-1.34
14.26,19.79,1,4,1,1,2.5,17.8
13.97,24.4,3,4,1,1,3.5,5.09
4.66,16.17,3,1,1,0,2.0,1.5
13.49,6.47,1,2,1,1,1.5,-4.8
2.08,8.17,2,2,1,0,2.0,-2.23
10.56,22.64,2,4,1,1,3.0,-5.19
6.47,43.27,1,1,1,0,1.0,9.09
9.35,46.71,3,1,1,0,2.0,10.76
10.21,23.69,2,2,1,1,2.0,-5.41
3.81,19.48,1,2,1,0,1.5,-2.0
7.89,47.69,3,2,1,0,2.5,10.61
12.73,41.13,3,4,1,1,3.5,18.65
10.91,17.19,3,2,1,1,2.5,9.18
4.49,20.27,3,4,1,0,3.5,4.03
7.3,25.84,2,1,1,0,1.5,-2.93
11.4,20.26,3,1,1,1,2.0,-0.32
2.7,45.9,2,2,1,0,2.0,18.49
9.65,28.05,1,2,1,0,1.5,16.17
12.79,15.22,2,1,1,1,1.5,4.11
10.42,9.35,3,1,1,1,2.0,1.91
13.76,46.43,2,1,1,1,1.5,5.03
12.75,29.12,2,1,1,1,1.5,-0.67
8.26,41.51,3,4,1,0,3.5,13.68
2.51,37.14,1,4,1,0,2.5,8.46
9.74,21.36,2,1,1,0,1.5,11.52
12.57,43.76,3,4,1,1,3.5,1.86
8.37,32.71,3,2,1,0,2.5,-5.62
3.06,26.41,3,1,1,0,2.0,13.44
12.97,19.68,1,4,1,1,2.5,-6.92
14.6,14.95,1,2,1,1,1.5,16.87
8.0,18.1,3,1,1,0,2.0,-2.61
8.21,38.76,2,1,1,0,1.5,-5.07
2.42,25.24,2,2,1,0,2.0,13.05
8.11,21.23,2,4,1,0,3.0,-5.1
8.46,9.69,3,1,1,0,2.0,-1.15
5.1,40.19,3,1,1,0,2.0,2.48
7.51,22.71,1,1,1,0,1.0,8.05
5.56,42.58,3,2,1,0,2.5,-7.29
2.18,20.08,1,4,1,0,2.5,2.74
10.87,25.31,2,4,1,1,3.0,10.23
12.14,8.09,2,1,1,1,1.5,17.96
10.1,49.8,1,2,1,1,1.5,-0.43
3.36,18.71,2,1,1,0,1.5,-6.12
8.8,10.88,2,2,1,0,2.0,4.08
3.76,46.67,1,1,1,0,1.0,-7.84
9.6,26.99,2,2,1,0,2.0,-9.49
12.72,47.87,1,1,1,1,1.0,7.38
8.2,47.33,2,1,1,0,1.5,8.57
4.92,28.68,2,4,1,0,3.0,18.73
3.56,38.24,2,2,1,0,2.0,8.61
9.03,16.36,3,4,1,0,3.5,1.86
14.59,19.72,3,2,1,1,2.5,-9.34
9.79,40.92,2,1,1,0,1.5,-7.36
6.45,35.26,3,2,1,0,2.5,0.76
14.64,30.69,3,1,1,1,2.0,0.23
6.33,28.81,2,4,1,0,3.0,3.08
10.8,8.16,3,2,1,1,2.5,14.22
2.87,15.85,1,1,1,0,1.0,13.11
13.11,18.29,1,1,1,1,1.0,14.46
11.92,25.23,3,2,1,1,2.5,7.95
12.58,7.72,1,4,1,1,2.5,13.35
13.25,27.53,1,1,1,1,1.0,8.59
2.98,27.84,1,2,1,0,1.5,18.07
2.16,18.01,3,4,1,0,3.5,7.7
13.13,9.29,3,2,1,1,2.5,-8.11
8.87,35.53,3,2,1,0,2.5,-0.49
12.66,9.57,1,1,1,1,1.0,5.28
13.39,44.44,3,1,1,1,2.0,9.65
11.83,37.84,1,4,1,1,2.5,-8.51
8.68,47.43,2,4,1,0,3.0,0.69
8.4,14.79,1,4,1,0,2.5,-6.9
7.21,49.89,1,2,1,0,1.5,16.6
11.31,40.49,1,4,1,1,2.5,0.59
13.85,45.02,1,4,1,1,2.5,19.14
14.52,25.93,3,4,1,1,3.5,4.55
5.67,20.94,1,2,1,0,1.5,15.18
2.1,13.1,3,4,1,0,3.5,-9.58
11.46,39.89,1,2,1,1,1.5,0.17
7.76,25.31,3,4,1,0,3.5,18.83
8.76,44.27,2,1,1,0,1.5,-5.97
4.03,10.04,1,1,1,0,1.0,9.72
12.97,7.14,2,1,1,1,1.5,5.39
14.38,40.07,2,4,1,1,3.0,14.07
13.32,36.79,1,2,1,1,1.5,11.83
9.35,12.76,2,4,1,0,3.0,10.55
11.39,6.55,2,1,1,1,1.5,11.8
2.91,41.8,2,2,1,0,2.0,-6.45
6.38,49.95,1,2,1,0,1.5,7.49
10.94,17.44,2,4,1,1,3.0,8.45
7.55,23.81,1,4,1,0,2.5,-2.03
11.02,34.54,2,4,1,1,3.0,-1.63
2.37,25.09,1,1,1,0,1.0,15.68
3.8,48.25,2,2,1,0,2.0,18.17
8.91,7.75,3,4,1,0,3.5,15.49
5.54,23.63,1,4,1,0,2.5,-8.96
10.01,14.49,1,4,1,1,2.5,5.59
8.27,21.53,2,2,1,0,2.0,10.79
14.26,15.12,1,2,1,1,1.5,3.94
12.2,35.1,1,1,1,1,1.0,7.55
5.13,36.79,1,2,1,0,1.5,13.56
7.54,21.71,2,2,1,0,2.0,16.49
10.63,33.11,2,2,1,1,2.0,-7.04
2.04,31.86,3,1,1,0,2.0,-3.62
4.15,25.47,1,1,1,0,1.0,18.52
11.88,24.07,3,1,1,1,2.0,15.73
8.11,6.38,2,4,1,0,3.0,-8.94
5.35,24.07,3,4,1,0,3.5,-5.42
10.56,8.34,2,1,1,1,1.5,9.25
2.61,5.35,2,2,1,0,2.0,8.04
8.83,41.33,2,2,1,0,2.0,-1.2
11.51,25.54,3,2,1,1,2.5,4.13
2.56,47.7,3,1,1,0,2.0,15.52
6.55,41.64,3,2,1,0,2.5,-1.98
9.59,32.68,2,2,1,0,2.0,4.99
13.31,6.6,2,1,1,1,1.5,19.56
2.41,41.9,3,1,1,0,2.0,-3.58
3.52,22.36,3,1,1,0,2.0,-7.09
5.31,6.35,2,2,1,0,2.0,19.51
5.07,11.96,3,2,1,0,2.5,-2.37
9.79,44.94,3,2,1,0,2.5,14.97
9.05,16.01,2,2,1,0,2.0,10.75
2.01,30.23,2,2,1,0,2.0,16.38
12.09,23.24,2,1,1,1,1.5,2.03
12.75,43.02,3,1,1,1,2.0,-3.25
14.56,21.89,1,2,1,1,1.5,-7.41
14.14,31.19,2,1,1,1,1.5,19.6
8.26,24.85,1,1,1,0,1.0,8.43
4.84,8.57,2,1,1,0,1.5,16.67
12.0,25.96,1,2,1,1,1.5,5.02
11.64,31.8,2,4,1,1,3.0,-3.44
10.58,31.94,3,2,1,1,2.5,0.05
11.01,33.61,3,2,1,1,2.5,-5.1
3.33,10.57,3,4,1,0,3.5,5.26
3.89,32.77,2,1,1,0,1.5,2.04
5.97,38.1,2,4,1,0,3.0,14.74
5.98,27.98,2,4,1,0,3.0,-9.9
9.76,41.02,3,1,1,0,2.0,1.41
3.76,29.44,2,4,1,0,3.0,2.39
7.47,34.07,1,2,1,0,1.5,14.9
3.89,35.27,2,2,1,0,2.0,4.72
11.18,27.64,2,2,1,1,2.0,13.34
4.57,30.43,1,4,1,0,2.5,-8.49
5.52,8.76,2,1,1,0,1.5,-9.77
2.4,37.8,1,2,1,0,1.5,-6.47
11.26,16.27,1,1,1,1,1.0,-6.92
4.85,5.73,3,1,1,0,2.0,19.03
4.76,8.98,3,1,1,0,2.0,-8.27
14.62,15.47,1,1,1,1,1.0,1.48
12.92,14.46,1,4,1,1,2.5,6.93
13.01,9.81,3,4,1,1,3.5,-4.43
8.73,18.86,2,1,1,0,1.5,-4.3
13.51,45.0,1,2,1,1,1.5,-8.25
12.61,27.94,2,1,1,1,1.5,5.12
9.92,7.86,2,1,1,0,1.5,6.2
3.29,7.73,2,4,1,0,3.0,2.98
11.41,12.82,3,1,1,1,2.0,-0.64
13.84,43.0,1,2,1,1,1.5,3.36
2.39,43.92,2,1,1,0,1.5,-1.21
7.93,13.36,3,1,1,0,2.0,-4.31
11.75,33.69,1,4,1,1,2.5,12.79
4.38,34.56,1,4,1,0,2.5,2.42
3.36,20.59,1,4,1,0,2.5,7.44
13.37,18.25,1,1,1,1,1.0,8.88
3.75,22.96,2,2,1,0,2.0,-8.49
5.02,39.37,2,4,1,0,3.0,-9.64
4.36,12.45,3,4,1,0,3.5,17.27
4.44,36.0,2,1,1,0,1.5,11.54
6.13,38.83,1,2,1,0,1.5,-1.84
13.34,26.38,1,4,1,1,2.5,11.8
13.56,39.32,1,1,1,1,1.0,7.16
7.91,19.74,1,1,1,0,1.0,3.52
2.58,40.01,1,2,1,0,1.5,11.31
14.98,10.41,3,2,1,1,2.5,0.36
3.72,13.13,2,4,1,0,3.0,-6.61
2.92,8.53,1,1,1,0,1.0,11.92
12.16,48.78,1,2,1,1,1.5,9.16
11.06,5.7,3,1,1,1,2.0,1.21
13.94,5.85,1,4,1,1,2.5,-9.79
4.44,12.2,1,1,1,0,1.0,-9.53
9.43,34.0,2,1,1,0,1.5,7.44
8.17,24.66,2,1,1,0,1.5,14.16
8.25,43.52,1,4,1,0,2.5,10.32
6.76,24.43,3,4,1,0,3.5,4.28
4.8,45.0,3,1,1,0,2.0,12.87
12.76,6.8,1,4,1,1,2.5,2.27
2.97,42.18,1,4,1,0,2.5,-7.41
11.53,46.72,3,4,1,1,3.5,-5.25
3.49,47.48,3,1,1,0,2.0,5.44
12.14,46.81,2,4,1,1,3.0,-2.04
2.74,21.18,2,1,1,0,1.5,12.33
6.71,15.7,2,1,1,0,1.5,3.66
14.57,22.59,3,1,1,1,2.0,13.62
3.43,24.2,1,4,1,0,2.5,-0.27
13.72,20.05,2,4,1,1,3.0,-6.92
11.58,23.68,3,1,1,1,2.0,5.37
9.2,47.21,3,2,1,0,2.5,4.18
14.73,28.82,1,1,1,1,1.0,-6.08
8.35,49.81,1,1,1,0,1.0,-4.46
4.92,41.63,2,2,1,0,2.0,8.81
6.84,7.94,2,4,1,0,3.0,9.16
9.04,7.64,3,1,1,0,2.0,19.59
11.73,46.64,2,1,1,1,1.5,7.57
6.22,21.66,1,4,1,0,2.5,11.43
10.18,19.21,3,2,1,1,2.5,-1.57
2.74,29.32,3,1,1,0,2.0,7.03
14.34,25.28,1,1,1,1,1.0,1.7
13.86,33.41,2,1,1,1,1.5,6.68
2.73,6.07,3,1,1,0,2.0,15.52
6.91,37.66,3,2,1,0,2.5,16.96
3.76,34.22,3,4,1,0,3.5,-0.38
13.2,29.14,2,1,1,1,1.5,11.81
14.09,14.25,1,1,1,1,1.0,-2.94
14.35,16.97,3,4,1,1,3.5,15.66
9.34,32.32,3,2,1,0,2.5,-0.23
14.97,12.49,3,1,1,1,2.0,19.54
11.92,41.0,1,2,1,1,1.5,11.58
12.58,46.21,1,1,1,1,1.0,-3.21
8.74,17.11,1,2,1,0,1.5,12.17
13.9,12.19,2,1,1,1,1.5,0.45
11.91,20.06,2,4,1,1,3.0,19.46
3.78,21.9,1,1,1,0,1.0,2.61
7.12,11.65,2,1,1,0,1.5,14.94
5.44,26.46,2,4,1,0,3.0,19.66
7.06,26.5,2,1,1,0,1.5,14.44
4.27,5.23,1,2,1,0,1.5,18.08
11.2,19.77,3,4,1,1,3.5,2.39
5.08,46.53,1,1,1,0,1.0,15.3
13.99,42.69,1,4,1,1,2.5,18.2
4.65,27.64,3,4,1,0,3.5,-1.9
5.03,10.53,2,1,1,0,1.5,0.95
10.65,33.81,3,4,1,1,3.5,6.1
9.77,16.78,1,2,1,0,1.5,4.95
3.37,24.22,2,4,1,0,3.0,5.1
2.78,24.45,2,1,1,0,1.5,-4.45
5.61,37.29,3,1,1,0,2.0,3.82
4.18,47.98,3,1,1,0,2.0,-8.11
3.74,35.43,1,2,1,0,1.5,0.27
8.52,48.06,2,4,1,0,3.0,2.09
10.76,43.33,3,4,1,1,3.5,10.51
4.72,26.14,1,2,1,0,1.5,8.98
12.95,27.04,3,2,1,1,2.5,-8.52
12.08,16.3,2,4,1,1,3.0,9.45
7.45,34.12,2,2,1,0,2.0,0.39
13.63,21.11,3,2,1,1,2.5,16.08
14.4,44.02,2,2,1,1,2.0,10.75
2.92,32.63,1,2,1,0,1.5,12.36
8.56,22.97,2,2,1,0,2.0,14.45
4.55,5.09,3,1,1,0,2.0,-5.31
2.57,25.56,3,4,1,0,3.5,4.23
2.1,19.17,3,4,1,0,3.5,-5.45
5.67,15.48,2,4,1,0,3.0,15.51
6.21,32.72,1,4,1,0,2.5,-3.2
12.93,49.99,2,4,1,1,3.0,5.55
6.71,21.65,2,2,1,0,2.0,-8.59
5.59,15.26,3,2,1,0,2.5,16.37
5.07,34.92,1,4,1,0,2.5,6.43
8.34,5.36,3,1,1,0,2.0,2.77
9.52,35.42,3,2,1,0,2.5,-6.05
9.61,46.99,2,1,1,0,1.5,8.55
13.76,5.13,2,1,1,1,1.5,-3.62
3.38,16.38,3,2,1,0,2.5,15.01
2.01,23.8,2,1,1,0,1.5,-5.13
10.05,5.75,2,2,1,1,2.0,12.59
5.51,34.41,1,1,1,0,1.0,13.9
2.44,26.2,2,1,1,0,1.5,3.3
6.33,19.52,3,4,1,0,3.5,-1.88
9.91,42.96,3,4,1,0,3.5,10.17
10.75,29.25,2,1,1,1,1.5,-0.84
8.43,37.64,1,4,1,0,2.5,10.07
2.62,29.93,1,2,1,0,1.5,14.86
5.25,18.33,3,1,1,0,2.0,-8.9
3.78,26.78,1,2,1,0,1.5,1.59
9.55,21.14,1,2,1,0,1.5,14.16
5.5,47.27,1,4,1,0,2.5,19.32
4.96,7.67,1,4,1,0,2.5,-8.0
12.31,25.61,3,2,1,1,2.5,2.03
3.41,31.92,3,2,1,0,2.5,10.08
4.14,5.75,2,4,1,0,3.0,19.7
3.27,11.24,3,1,1,0,2.0,-6.37
7.04,32.25,1,1,1,0,1.0,-8.39
11.03,38.74,2,1,1,1,1.5,10.63
3.04,24.57,2,1,1,0,1.5,8.53
6.07,5.83,1,1,1,0,1.0,-9.36
10.12,21.19,1,1,1,1,1.0,4.18
13.43,32.36,2,1,1,1,1.5,18.18
11.71,17.69,2,1,1,1,1.5,10.1
13.05,22.89,1,2,1,1,1.5,-2.6
7.35,37.41,1,4,1,0,2.5,15.18
2.93,20.84,1,4,1,0,2.5,6.05
11.43,33.29,1,4,1,1,2.5,3.84
12.1,47.42,3,4,1,1,3.5,13.92
7.59,21.98,1,4,1,0,2.5,-1.71
3.46,14.59,1,2,1,0,1.5,7.94
4.35,14.02,1,1,1,0,1.0,17.71
10.07,25.71,1,4,1,1,2.5,10.53
4.36,14.85,1,2,1,0,1.5,18.91
10.96,44.19,3,4,1,1,3.5,-6.93
12.09,35.77,2,1,1,1,1.5,7.47
5.94,27.32,1,2,1,0,1.5,0.02
12.49,19.87,1,4,1,1,2.5,19.77
14.69,47.5,1,4,1,1,2.5,9.31
9.31,41.09,3,1,1,0,2.0,5.56
14.96,31.27,2,2,1,1,2.0,18.72
9.63,22.1,1,4,1,0,2.5,-9.37
3.61,41.07,2,1,1,0,1.5,11.11
11.42,31.71,1,2,1,1,1.5,8.36
4.46,12.6,2,4,1,0,3.0,14.32
6.04,42.55,3,2,1,0,2.5,-1.62
2.46,19.26,3,4,1,0,3.5,10.03
8.6,30.09,2,2,1,0,2.0,17.66
7.85,38.22,1,4,1,0,2.5,-0.91
13.65,26.67,2,4,1,1,3.0,15.26
5.31,7.86,1,2,1,0,1.5,17.48
9.28,20.59,1,1,1,0,1.0,5.24
8.36,27.85,3,2,1,0,2.5,6.23
4.81,36.0,1,2,1,0,1.5,-4.56
14.72,43.38,2,1,1,1,1.5,13.02
8.1,48.34,3,2,1,0,2.5,8.78
6.94,39.13,2,1,1,0,1.5,4.35
8.96,44.83,3,1,1,0,2.0,19.63
6.3,40.6,3,2,1,0,2.5,18.9
6.57,32.88,2,4,1,0,3.0,7.85
6.27,40.95,3,2,1,0,2.5,10.83
9.19,20.18,3,2,1,0,2.5,9.09
9.79,46.73,1,2,1,0,1.5,9.32
4.11,18.03,2,4,1,0,3.0,-9.08
13.52,40.74,2,2,1,1,2.0,4.81
4.27,38.89,3,4,1,0,3.5,-4.0
4.1,29.01,1,4,1,0,2.5,9.71
7.3,35.67,1,4,1,0,2.5,9.86
2.94,38.56,1,1,1,0,1.0,16.05
9.0,28.11,1,1,1,0,1.0,-3.04
6.64,40.69,2,4,1,0,3.0,16.44
11.36,8.0,1,1,1,1,1.0,4.76
14.17,24.58,1,4,1,1,2.5,10.63
12.35,6.55,3,1,1,1,2.0,8.35
13.31,37.68,2,1,1,1,1.5,5.58
13.13,21.38,3,4,1,1,3.5,15.84
6.78,27.44,2,1,1,0,1.5,7.91
14.64,35.68,1,4,1,1,2.5,18.09
12.22,17.88,3,4,1,1,3.5,14.86
5.79,45.29,3,1,1,0,2.0,16.15
4.0,28.0,1,4,1,0,2.5,1.87
4.57,6.63,1,1,1,0,1.0,3.91
9.76,12.77,3,2,1,0,2.5,13.39
5.48,13.34,2,2,1,0,2.0,15.6
9.24,16.43,3,4,1,0,3.5,14.93
5.24,15.27,2,2,1,0,2.0,-3.13
10.09,7.73,2,4,1,1,3.0,-4.34
5.37,35.93,2,2,1,0,2.0,-0.57
8.55,6.52,1,1,1,0,1.0,18.1
9.85,18.9,2,4,1,0,3.0,-1.94
12.24,10.45,1,1,1,1,1.0,13.25
4.04,41.84,3,2,1,0,2.5,0.22
5.62,39.58,2,4,1,0,3.0,19.65
13.62,38.63,2,4,1,1,3.0,9.3
11.27,45.95,1,4,1,1,2.5,16.19
4.27,18.02,2,4,1,0,3.0,1.48
2.91,44.11,3,1,1,0,2.0,-4.73
8.34,37.11,2,4,1,0,3.0,11.62
11.19,34.29,3,4,1,1,3.5,8.17
6.24,20.89,3,4,1,0,3.5,13.48
3.83,36.41,3,4,1,0,3.5,19.73
7.91,18.38,3,1,1,0,2.0,12.45
10.13,12.34,3,1,1,1,2.0,-1.2
3.03,7.88,1,1,1,0,1.0,-2.87
6.65,40.57,1,4,1,0,2.5,17.61
3.98,43.63,3,4,1,0,3.5,7.56
2.06,19.22,1,2,1,0,1.5,2.45
7.92,24.58,1,4,1,0,2.5,5.23
14.63,13.97,1,4,1,1,2.5,10.54
12.99,41.59,1,1,1,1,1.0,10.23
7.04,43.17,2,2,1,0,2.0,14.74
8.16,47.34,2,1,1,0,1.5,18.14
12.44,31.55,3,1,1,1,2.0,6.36
13.25,49.07,2,2,1,1,2.0,4.76
12.63,15.98,3,2,1,1,2.5,-1.31
5.16,24.61,3,4,1,0,3.5,15.98
10.04,41.09,1,1,1,1,1.0,15.77
14.7,33.15,3,1,1,1,2.0,9.41
14.08,18.77,2,4,1,1,3.0,1.73
3.13,27.01,2,4,1,0,3.0,3.63
10.29,35.49,3,2,1,1,2.5,15.45
3.96,7.39,3,2,1,0,2.5,-8.17
2.23,42.92,3,2,1,0,2.5,0.56
5.84,31.9,3,2,1,0,2.5,-6.58
10.5,35.43,1,2,1,1,1.5,-3.9
9.29,46.3,1,2,1,0,1.5,-3.22
4.11,22.66,1,1,1,0,1.0,-9.7
5.63,48.27,2,4,1,0,3.0,5.86
3.13,11.56,3,4,1,0,3.5,7.43
13.94,14.13,2,2,1,1,2.0,6.67
3.51,43.4,3,4,1,0,3.5,-0.28
7.83,15.1,2,1,1,0,1.5,10.98
7.69,37.74,3,4,1,0,3.5,0.12
4.9,15.26,2,4,1,0,3.0,-6.51
4.59,13.48,1,1,1,0,1.0,11.86
8.78,34.07,2,1,1,0,1.5,-3.57
11.2,37.46,1,4,1,1,2.5,-5.67
8.46,34.35,1,1,1,0,1.0,1.03
5.7,27.89,1,2,1,0,1.5,17.74
6.95,21.69,3,2,1,0,2.5,-6.29
9.93,33.79,2,2,1,0,2.0,-7.18
5.32,38.31,1,2,1,0,1.5,18.82
10.7,38.69,3,4,1,1,3.5,-7.51
12.31,21.53,1,4,1,1,2.5,9.21
12.09,25.49,1,2,1,1,1.5,-2.18
3.16,8.03,3,2,1,0,2.5,-5.57
14.31,5.94,1,2,1,1,1.5,11.72
10.59,48.37,1,1,1,1,1.0,-7.11
9.98,46.2,2,1,1,0,1.5,18.92
4.2,23.48,3,2,1,0,2.5,1.63
4.42,29.69,1,2,1,0,1.5,17.86
4.8,40.68,1,2,1,0,1.5,-1.14
9.61,39.58,3,2,1,0,2.5,-6.45
2.1,7.05,2,2,1,0,2.0,18.12
8.12,18.15,2,2,1,0,2.0,-7.57
4.84,40.26,1,1,1,0,1.0,-0.23
9.28,13.63,2,2,1,0,2.0,11.34
12.93,45.53,1,4,1,1,2.5,7.72
13.06,6.43,1,4,1,1,2.5,14.06
10.75,30.08,1,1,1,1,1.0,10.75
13.76,47.01,3,4,1,1,3.5,-5.08
13.05,9.24,1,2,1,1,1.5,-6.23
4.7,41.54,2,2,1,0,2.0,5.74
6.21,9.93,2,2,1,0,2.0,15.66
7.29,20.17,2,1,1,0,1.5,2.8
2.29,18.98,3,2,1,0,2.5,16.02
13.06,32.87,1,2,1,1,1.5,4.06
2.31,17.75,3,2,1,0,2.5,8.47
6.05,19.36,3,1,1,0,2.0,3.0
2.51,23.09,1,1,1,0,1.0,13.91
3.52,11.04,2,4,1,0,3.0,4.24
3.81,42.32,3,1,1,0,2.0,12.6
14.03,16.79,3,1,1,1,2.0,11.36
13.45,48.24,1,4,1,1,2.5,4.11
3.55,41.16,1,2,1,0,1.5,3.49
13.18,41.15,2,4,1,1,3.0,19.37
12.48,39.4,3,2,1,1,2.5,8.79
8.51,9.25,2,2,1,0,2.0,-6.93
7.93,30.68,1,4,1,0,2.5,17.4
2.82,42.81,2,2,1,0,2.0,12.13
14.82,18.2,2,2,1,1,2.0,-1.14
3.8,17.42,2,4,1,0,3.0,3.47
12.36,45.88,1,2,1,1,1.5,19.88
7.98,22.25,2,1,1,0,1.5,15.29
12.8,9.69,1,2,1,1,1.5,17.27
7.7,9.36,2,1,1,0,1.5,0.09
14.67,32.03,1,1,1,1,1.0,3.48
9.95,36.74,1,4,1,0,2.5,7.37
12.4,11.76,2,1,1,1,1.5,5.81
3.42,10.12,1,1,1,0,1.0,-4.7
10.69,38.22,2,2,1,1,2.0,19.74
2.24,30.34,2,4,1,0,3.0,14.03
11.92,44.86,1,2,1,1,1.5,-6.42
5.25,12.68,1,2,1,0,1.5,-9.81
7.57,32.02,1,2,1,0,1.5,-1.25
10.24,44.88,1,4,1,1,2.5,13.94
8.73,39.17,3,4,1,0,3.5,0.49
12.34,38.9,3,2,1,1,2.5,9.14
5.05,13.19,2,4,1,0,3.0,2.53
4.9,48.23,3,4,1,0,3.5,-1.62
2.68,31.76,2,1,1,0,1.5,11.09
9.09,14.46,1,1,1,0,1.0,17.47
10.63,7.73,1,1,1,1,1.0,5.8
4.7,37.56,3,2,1,0,2.5,5.58
4.03,16.11,2,2,1,0,2.0,-6.15
4.18,19.37,1,2,1,0,1.5,-5.6
5.38,45.34,3,2,1,0,2.5,-2.43
13.36,36.51,1,2,1,1,1.5,0.21
7.18,33.59,1,2,1,0,1.5,0.08
5.04,41.93,2,1,1,0,1.5,19.42
10.04,26.29,1,2,1,1,1.5,14.23
2.15,40.14,1,4,1,0,2.5,13.63
8.57,6.63,3,4,1,0,3.5,16.75
7.34,28.37,3,4,1,0,3.5,-5.73
6.99,17.64,2,1,1,0,1.5,-0.63
4.78,39.86,2,1,1,0,1.5,13.79
6.62,32.98,1,2,1,0,1.5,-0.95
11.06,30.03,3,1,1,1,2.0,-9.08
2.57,16.25,2,2,1,0,2.0,18.71
8.86,30.82,2,2,1,0,2.0,-5.19
4.62,23.12,3,4,1,0,3.5,-3.63
14.28,40.07,3,2,1,1,2.5,19.66
3.46,49.47,2,4,1,0,3.0,16.26
14.37,43.9,1,2,1,1,1.5,8.1
12.45,28.21,1,4,1,1,2.5,-6.78
13.69,43.51,3,2,1,1,2.5,1.84
2.41,28.85,1,4,1,0,2.5,9.28
3.76,19.09,2,1,1,0,1.5,15.83
10.17,14.24,1,1,1,1,1.0,0.42
9.31,35.19,2,1,1,0,1.5,-8.61
6.46,36.39,3,4,1,0,3.5,19.3
2.15,29.22,1,4,1,0,2.5,-7.07
5.96,24.27,1,1,1,0,1.0,16.21
5.97,24.08,3,2,1,0,2.5,-1.67
3.09,9.45,1,1,1,0,1.0,-8.94
10.64,23.96,3,1,1,1,2.0,4.9
9.19,34.56,2,4,1,0,3.0,18.81
7.89,18.04,3,1,1,0,2.0,5.7
14.57,43.92,2,1,1,1,1.5,0.69
14.27,46.38,1,2,1,1,1.5,5.85
5.37,33.52,1,2,1,0,1.5,-2.27
14.06,32.78,2,2,1,1,2.0,1.22
11.07,30.17,2,2,1,1,2.0,11.19
14.51,40.82,1,2,1,1,1.5,16.32
14.05,35.61,2,4,1,1,3.0,15.29
8.22,15.44,2,4,1,0,3.0,10.17
10.59,39.24,2,4,1,1,3.0,-9.07
14.21,45.42,1,1,1,1,1.0,9.01
9.68,24.85,1,2,1,0,1.5,9.3
5.56,15.05,2,2,1,0,2.0,-3.95
13.09,39.21,3,2,1,1,2.5,1.22
9.28,26.46,3,1,1,0,2.0,4.7
10.21,44.93,3,2,1,1,2.5,-1.88
5.68,35.51,3,1,1,0,2.0,3.1
13.48,41.65,3,1,1,1,2.0,9.51
14.64,42.28,1,1,1,1,1.0,-1.11
14.99,39.29,2,1,1,1,1.5,-4.07
11.3,5.44,1,2,1,1,1.5,16.31
14.47,43.8,1,4,1,1,2.5,15.71
13.99,49.63,1,1,1,1,1.0,6.44
14.77,45.48,2,1,1,1,1.5,14.86
10.94,15.61,3,4,1,1,3.5,0.37
2.22,43.0,1,2,1,0,1.5,17.23
9.31,6.6,1,2,1,0,1.5,-5.6
9.69,10.82,1,1,1,0,1.0,19.36
10.36,7.51,3,1,1,1,2.0,1.61
10.02,20.21,3,1,1,1,2.0,17.9
7.21,26.9,2,4,1,0,3.0,17.48
11.11,16.41,3,1,1,1,2.0,-6.85
3.23,30.14,2,2,1,0,2.0,-4.8
9.71,30.42,1,1,1,0,1.0,4.07
8.79,46.01,1,2,1,0,1.5,17.96
5.88,33.8,2,4,1,0,3.0,-0.47
2.34,15.46,1,2,1,0,1.5,6.69
4.27,13.98,3,2,1,0,2.5,-8.56
14.09,37.67,1,4,1,1,2.5,1.25
7.38,32.92,2,4,1,0,3.0,7.8
5.02,36.3,1,2,1,0,1.5,5.73
7.17,41.56,1,2,1,0,1.5,-4.8
13.22,11.04,1,4,1,1,2.5,2.95
6.81,35.43,2,1,1,0,1.5,0.38
2.21,17.31,3,1,1,0,2.0,-2.27
4.79,18.48,3,1,1,0,2.0,18.52
5.31,31.62,3,1,1,0,2.0,-2.31
3.59,47.93,1,4,1,0,2.5,1.52
5.55,16.32,3,1,1,0,2.0,-3.64
2.77,20.05,1,1,1,0,1.0,-5.59
9.03,42.03,3,2,1,0,2.5,-3.48
3.71,5.57,2,2,1,0,2.0,11.66
2.29,33.98,3,4,1,0,3.5,6.46
6.39,22.16,2,2,1,0,2.0,2.91
5.53,22.85,3,2,1,0,2.5,-3.12
9.58,6.56,2,1,1,0,1.5,9.14
11.25,41.18,3,2,1,1,2.5,-2.2
9.89,43.89,2,2,1,0,2.0,-0.43
14.25,7.74,3,2,1,1,2.5,18.48
12.02,9.0,2,2,1,1,2.0,-8.94
6.77,20.8,2,4,1,0,3.0,16.16
7.99,48.04,1,2,1,0,1.5,6.05
9.25,36.97,1,1,1,0,1.0,8.82
14.94,40.96,2,2,1,1,2.0,3.38
3.6,16.58,3,1,1,0,2.0,14.68
8.85,18.05,3,1,1,0,2.0,10.25
4.9,20.12,1,4,1,0,2.5,6.66
6.34,26.71,2,2,1,0,2.0,10.26
8.85,42.55,3,1,1,0,2.0,2.31
6.43,17.46,3,4,1,0,3.5,-2.55
6.33,44.61,1,1,1,0,1.0,-9.44
6.54,29.2,1,2,1,0,1.5,9.21
13.94,42.94,3,4,1,1,3.5,4.44
5.54,43.55,1,2,1,0,1.5,11.92
4.59,25.58,2,2,1,0,2.0,9.25
11.16,42.16,3,2,1,1,2.5,-7.71
9.03,40.2,2,4,1,0,3.0,-9.98
11.43,48.18,3,4,1,1,3.5,5.81
7.87,38.31,3,2,1,0,2.5,-3.65
7.38,32.41,3,2,1,0,2.5,-7.6
10.62,42.91,1,2,1,1,1.5,-6.84
9.58,47.26,1,1,1,0,1.0,2.31
6.32,47.35,2,2,1,0,2.0,5.6
6.36,18.39,1,2,1,0,1.5,10.07
6.83,25.02,1,1,1,0,1.0,-7.64
4.48,14.11,3,2,1,0,2.5,19.55
9.14,31.01,3,1,1,0,2.0,-5.67
11.31,10.62,3,1,1,1,2.0,-1.95
10.47,12.49,1,2,1,1,1.5,1.92
8.22,40.17,1,4,1,0,2.5,-0.78
6.36,32.54,1,4,1,0,2.5,11.57
3.48,18.17,3,1,1,0,2.0,2.45
9.28,37.85,3,1,1,0,2.0,16.59
9.31,31.04,2,2,1,0,2.0,-5.41
14.57,21.7,3,1,1,1,2.0,-6.98
9.62,47.14,2,4,1,0,3.0,-1.64
3.85,34.79,3,2,1,0,2.5,-6.64
2.0,29.48,2,1,1,0,1.5,1.34
11.89,41.67,3,1,1,1,2.0,18.09
3.61,33.25,1,4,1,0,2.5,9.54
12.01,47.52,1,4,1,1,2.5,-8.55
13.78,36.91,3,1,1,1,2.0,12.67
2.73,22.79,2,4,1,0,3.0,1.5
14.38,18.37,2,4,1,1,3.0,18.06
11.8,47.96,3,2,1,1,2.5,14.31
3.77,29.16,3,4,1,0,3.5,10.09
12.75,11.3,1,4,1,1,2.5,9.2
13.04,24.04,3,1,1,1,2.0,-5.54
6.24,32.63,1,1,1,0,1.0,4.93
13.47,47.56,2,2,1,1,2.0,4.0
5.17,14.72,3,4,1,0,3.5,14.95
13.42,36.05,3,4,1,1,3.5,14.34
2.42,12.9,3,1,1,0,2.0,-3.82
7.43,45.31,2,1,1,0,1.5,6.43
3.3,7.13,2,1,1,0,1.5,6.4
13.41,41.37,2,4,1,1,3.0,-8.96
11.07,27.04,1,2,1,1,1.5,11.99
10.43,21.85,2,2,1,1,2.0,-8.35
2.29,25.17,2,4,1,0,3.0,-8.79
3.75,43.53,1,2,1,0,1.5,7.44
13.77,24.86,1,4,1,1,2.5,8.42
9.59,42.06,3,2,1,0,2.5,18.84
12.49,15.24,2,1,1,1,1.5,11.65
8.64,5.4,2,4,1,0,3.0,-8.19
11.54,7.51,2,2,1,1,2.0,12.49
14.76,36.79,1,2,1,1,1.5,19.15
7.61,23.22,1,1,1,0,1.0,11.81
10.72,26.01,2,1,1,1,1.5,5.76
4.48,33.82,3,1,1,0,2.0,-4.73
5.24,29.03,3,2,1,0,2.5,2.4
8.99,20.57,1,1,1,0,1.0,8.82
14.1,28.52,1,4,1,1,2.5,15.86
14.46,10.62,2,4,1,1,3.0,15.08
7.63,33.48,3,2,1,0,2.5,3.99
14.43,23.37,3,1,1,1,2.0,12.46
9.92,30.39,3,1,1,0,2.0,6.81
7.75,41.9,2,4,1,0,3.0,15.72
6.71,40.74,3,4,1,0,3.5,-1.02
7.93,26.82,2,2,1,0,2.0,-2.63
5.71,19.98,1,1,1,0,1.0,-9.55
13.79,6.35,3,4,1,1,3.5,-6.07
6.77,34.32,2,4,1,0,3.0,-5.77
3.71,38.83,3,4,1,0,3.5,11.57
5.1,45.68,1,2,1,0,1.5,-6.41
6.04,25.7,3,2,1,0,2.5,4.67
6.56,27.44,2,2,1,0,2.0,13.29
5.15,46.26,2,2,1,0,2.0,17.91
13.08,37.47,1,4,1,1,2.5,11.03
14.47,49.73,2,2,1,1,2.0,-1.12
2.87,24.56,2,2,1,0,2.0,-1.69
3.24,46.22,2,2,1,0,2.0,-4.17
2.0,21.48,1,1,1,0,1.0,-4.15
8.45,5.82,2,4,1,0,3.0,10.53
5.63,15.02,3,4,1,0,3.5,18.37
13.05,28.58,3,2,1,1,2.5,17.27
5.2,5.83,3,1,1,0,2.0,10.67
12.13,48.7,1,4,1,1,2.5,11.76
11.01,13.42,3,4,1,1,3.5,2.86
11.21,37.85,1,4,1,1,2.5,-0.1
9.01,43.39,3,4,1,0,3.5,13.83
7.04,36.44,1,1,1,0,1.0,12.6
9.06,30.39,1,1,1,0,1.0,-9.4
6.28,25.42,3,1,1,0,2.0,20.0
11.71,42.32,3,2,1,1,2.5,-1.71
6.86,36.57,3,2,1,0,2.5,-9.94
9.92,35.54,3,4,1,0,3.5,-1.4
5.39,49.05,1,1,1,0,1.0,2.91
7.22,29.77,2,2,1,0,2.0,-2.23
10.94,29.93,2,4,1,1,3.0,3.83
9.33,9.86,3,2,1,0,2.5,6.46
8.98,12.17,3,2,1,0,2.5,9.37
10.88,37.64,1,1,1,1,1.0,-6.62
10.69,18.55,1,1,1,1,1.0,-7.77
11.47,5.94,1,4,1,1,2.5,19.93
5.08,9.78,2,2,1,0,2.0,-3.15
2.41,6.27,1,1,1,0,1.0,0.09
13.58,40.16,3,4,1,1,3.5,18.7
11.25,29.96,3,4,1,1,3.5,1.37
13.17,11.47,1,4,1,1,2.5,11.66
9.03,38.16,2,2,1,0,2.0,13.93
2.82,36.83,1,4,1,0,2.5,-5.13
7.57,10.83,1,4,1,0,2.5,-7.5
5.87,27.95,2,1,1,0,1.5,2.56
7.17,12.91,1,1,1,0,1.0,10.01
9.88,41.31,2,2,1,0,2.0,4.47
10.58,22.53,1,4,1,1,2.5,-4.46
9.82,28.8,3,4,1,0,3.5,-0.04
10.86,7.61,3,1,1,1,2.0,-3.0
8.21,16.77,3,1,1,0,2.0,-4.85
4.61,6.86,1,1,1,0,1.0,0.92
9.45,8.71,3,1,1,0,2.0,-3.83
7.16,27.61,2,1,1,0,1.5,-5.98
12.69,32.18,2,1,1,1,1.5,1.55
9.07,48.51,3,4,1,0,3.5,6.89
7.66,39.15,2,2,1,0,2.0,2.0
3.8,39.4,1,4,1,0,2.5,9.24
14.09,25.63,1,2,1,1,1.5,11.25
12.4,16.66,2,1,1,1,1.5,6.34
2.61,8.53,1,4,1,0,2.5,14.62
12.21,22.96,2,1,1,1,1.5,4.17
5.86,21.86,3,2,1,0,2.5,-1.78
6.38,27.86,3,2,1,0,2.5,4.21
6.74,34.49,2,1,1,0,1.5,4.07
13.45,23.1,2,4,1,1,3.0,10.85
10.2,32.08,3,1,1,1,2.0,15.0
11.0,37.43,1,1,1,1,1.0,-2.1
13.27,6.06,2,1,1,1,1.5,19.71
5.08,20.49,3,4,1,0,3.5,-7.16
14.89,38.8,3,2,1,1,2.5,-4.74
2.9,45.29,1,1,1,0,1.0,-0.5
3.92,15.86,2,2,1,0,2.0,-9.92
12.04,36.16,1,2,1,1,1.5,0.17
11.84,28.16,1,1,1,1,1.0,-0.71
4.66,48.83,1,4,1,0,2.5,-7.56
13.09,47.1,3,4,1,1,3.5,5.89
3.96,18.05,2,2,1,0,2.0,2.49
11.77,18.2,3,2,1,1,2.5,1.16
2.91,14.42,3,1,1,0,2.0,14.18
2.0,43.5,1,1,1,0,1.0,-7.37
4.2,15.75,2,4,1,0,3.0,14.98
9.53,49.67,2,4,1,0,3.0,12.72
14.7,29.6,2,4,1,1,3.0,15.66
3.06,13.92,3,4,1,0,3.5,14.03
5.34,36.32,3,1,1,0,2.0,9.29
10.1,44.53,2,2,1,1,2.0,19.04
8.85,32.05,3,1,1,0,2.0,-2.28
5.68,15.16,2,4,1,0,3.0,2.46
4.43,29.28,2,2,1,0,2.0,-0.38
13.62,13.81,1,1,1,1,1.0,-8.96
10.24,14.27,2,1,1,1,1.5,-7.97
7.36,46.95,1,4,1,0,2.5,7.53
8.31,9.63,2,1,1,0,1.5,8.45
5.39,7.37,1,1,1,0,1.0,7.32
5.04,14.26,2,4,1,0,3.0,11.98
4.24,27.26,1,4,1,0,2.5,0.15
9.92,45.09,1,2,1,0,1.5,-4.26
10.52,13.13,2,1,1,1,1.5,14.25
14.8,45.15,3,4,1,1,3.5,-7.76
11.59,17.73,1,4,1,1,2.5,-6.09
12.67,38.04,2,1,1,1,1.5,-2.36
4.88,26.29,2,4,1,0,3.0,2.16
14.91,27.46,2,2,1,1,2.0,11.21
8.08,21.83,2,1,1,0,1.5,11.31
6.92,25.37,2,4,1,0,3.0,2.82
4.3,14.26,3,1,1,0,2.0,16.59
6.79,27.34,1,2,1,0,1.5,2.83
5.75,46.71,2,1,1,0,1.5,1.37
13.25,47.65,1,2,1,1,1.5,5.66
6.82,12.48,2,2,1,0,2.0,11.91
14.9,21.19,2,1,1,1,1.5,18.46
3.26,10.61,2,4,1,0,3.0,-4.97
12.83,45.76,1,2,1,1,1.5,1.66
3.27,37.18,2,4,1,0,3.0,-0.7
4.73,13.69,1,2,1,0,1.5,15.0
12.35,34.98,2,1,1,1,1.5,17.37
6.23,36.31,1,2,1,0,1.5,-1.47
12.23,44.04,3,1,1,1,2.0,4.7
11.44,31.02,3,1,1,1,2.0,5.31
10.11,15.72,1,4,1,1,2.5,19.39
13.8,25.72,1,4,1,1,2.5,1.31
11.69,47.81,2,4,1,1,3.0,-7.77
2.99,42.34,3,1,1,0,2.0,-6.03
8.64,38.41,1,1,1,0,1.0,17.38
11.77,23.2,2,4,1,1,3.0,16.04
14.02,10.09,1,1,1,1,1.0,-8.33
3.89,32.15,2,2,1,0,2.0,3.08
7.45,27.55,2,4,1,0,3.0,13.23
10.75,46.76,3,4,1,1,3.5,12.14
8.47,27.99,1,4,1,0,2.5,-6.95
10.71,12.8,1,4,1,1,2.5,-8.17
3.2,31.11,3,2,1,0,2.5,-2.26
14.78,14.43,2,4,1,1,3.0,-8.43
8.83,24.17,2,4,1,0,3.0,-6.59
9.37,36.85,3,1,1,0,2.0,-7.2
7.19,35.01,1,2,1,0,1.5,14.11
5.29,14.42,2,1,1,0,1.5,4.36
3.12,16.87,2,4,1,0,3.0,6.73
8.75,38.99,2,4,1,0,3.0,9.73
4.79,43.76,2,2,1,0,2.0,2.59
5.22,23.08,3,1,1,0,2.0,11.26
8.12,11.93,1,4,1,0,2.5,13.98
13.1,48.84,2,4,1,1,3.0,7.87
7.05,31.09,3,2,1,0,2.5,19.43
2.58,12.88,3,4,1,0,3.5,1.39
8.71,18.55,1,4,1,0,2.5,17.23
11.33,46.98,1,4,1,1,2.5,-8.99
12.26,45.75,3,1,1,1,2.0,15.62
14.71,36.6,1,4,1,1,2.5,-6.3
14.66,8.65,2,1,1,1,1.5,-0.48
4.11,10.25,2,4,1,0,3.0,5.97
10.19,21.02,1,1,1,1,1.0,14.09
8.87,28.61,2,2,1,0,2.0,0.1
5.36,44.2,3,1,1,0,2.0,6.59
4.7,43.07,2,4,1,0,3.0,11.06
6.42,29.09,2,4,1,0,3.0,17.97
8.92,7.42,1,4,1,0,2.5,16.8
12.02,25.68,1,4,1,1,2.5,19.37
4.46,9.79,1,4,1,0,2.5,13.73
4.7,33.62,3,4,1,0,3.5,-5.58
3.7,46.82,2,2,1,0,2.0,-0.45
9.76,20.86,3,2,1,0,2.5,-8.8
10.31,36.21,2,2,1,1,2.0,-6.81
10.01,8.4,3,1,1,1,2.0,11.09
2.28,17.01,2,4,1,0,3.0,4.01
12.55,8.29,3,2,1,1,2.5,18.06
8.98,9.72,2,2,1,0,2.0,6.16
8.98,35.69,3,4,1,0,3.5,14.95
2.45,44.49,2,1,1,0,1.5,-8.68
13.85,37.82,3,1,1,1,2.0,6.6
7.36,47.86,3,4,1,0,3.5,2.8
3.22,32.34,3,4,1,0,3.5,15.53
2.34,45.57,2,2,1,0,2.0,-1.17
6.85,11.38,2,4,1,0,3.0,8.27
3.45,6.23,1,2,1,0,1.5,17.41
7.5,42.37,1,4,1,0,2.5,-4.03
10.77,15.97,1,2,1,1,1.5,-4.78
9.57,37.14,1,1,1,0,1.0,-5.35
5.93,6.87,1,4,1,0,2.5,15.34
2.61,22.28,3,2,1,0,2.5,-9.78
6.78,9.53,3,2,1,0,2.5,-4.32
11.96,9.54,1,2,1,1,1.5,19.08
6.48,29.21,2,4,1,0,3.0,-6.46
10.41,33.75,1,4,1,1,2.5,5.51
13.74,32.1,1,1,1,1,1.0,9.13
3.55,34.66,3,4,1,0,3.5,6.32
12.07,20.78,3,1,1,1,2.0,1.35
2.16,30.25,3,4,1,0,3.5,11.6
12.31,48.83,1,1,1,1,1.0,4.49
13.73,41.3,1,4,1,1,2.5,5.36
10.38,45.75,1,1,1,1,1.0,10.09
3.65,5.42,3,1,1,0,2.0,1.71
10.83,32.0,3,4,1,1,3.5,14.45
13.18,20.18,3,1,1,1,2.0,1.61
10.85,11.96,1,2,1,1,1.5,2.96
2.07,35.93,3,2,1,0,2.5,17.67
9.37,35.92,2,1,1,0,1.5,-8.73
11.93,20.42,2,4,1,1,3.0,2.38
8.5,46.76,1,2,1,0,1.5,16.25
13.43,10.98,2,1,1,1,1.5,2.75
11.07,18.29,2,4,1,1,3.0,-1.77
2.51,41.89,1,4,1,0,2.5,-6.43
9.43,20.45,1,4,1,0,2.5,-6.34
5.84,30.09,2,4,1,0,3.0,4.33
3.66,37.47,1,1,1,0,1.0,-9.08
7.79,10.94,3,4,1,0,3.5,4.18
5.98,8.18,2,2,1,0,2.0,6.45
3.6,9.66,1,1,1,0,1.0,11.78
5.08,21.74,3,2,1,0,2.5,-8.22
4.9,49.33,1,1,1,0,1.0,-6.35
14.2,40.58,1,2,1,1,1.5,16.82
4.98,47.95,2,4,1,0,3.0,-1.71
12.48,17.97,1,2,1,1,1.5,-0.02
10.74,42.44,1,4,1,1,2.5,6.42
4.76,48.37,1,1,1,0,1.0,1.57
14.41,30.26,3,4,1,1,3.5,-8.31
6.1,7.06,1,4,1,0,2.5,17.09
2.93,9.28,1,1,1,0,1.0,-8.96
2.68,40.19,1,4,1,0,2.5,0.61
8.42,10.0,2,4,1,0,3.0,-5.75
13.55,12.21,1,4,1,1,2.5,7.17
2.74,30.81,1,4,1,0,2.5,10.79
2.88,10.24,1,1,1,0,1.0,-3.21
5.64,37.69,3,1,1,0,2.0,7.9
14.18,15.73,3,4,1,1,3.5,11.92
11.56,41.87,3,4,1,1,3.5,4.59
14.49,19.41,2,2,1,1,2.0,6.95
3.04,5.13,1,4,1,0,2.5,-8.33
4.88,46.18,1,1,1,0,1.0,16.18
12.5,9.06,3,2,1,1,2.5,8.99
5.17,37.78,3,4,1,0,3.5,11.26
5.68,47.09,3,2,1,0,2.5,-6.64
9.46,24.76,2,4,1,0,3.0,-9.04
11.37,29.49,2,1,1,1,1.5,4.73
2.22,24.36,3,4,1,0,3.5,-5.08
14.33,48.47,3,1,1,1,2.0,-4.98
6.84,45.19,3,4,1,0,3.5,-2.22
10.69,30.1,2,2,1,1,2.0,1.9
6.5,17.72,2,4,1,0,3.0,15.44
9.67,7.07,2,2,1,0,2.0,9.33
5.85,26.13,1,2,1,0,1.5,-6.29
7.1,22.5,1,1,1,0,1.0,18.45
11.37,34.09,3,2,1,1,2.5,-7.39
2.66,40.73,3,4,1,0,3.5,13.46
6.02,12.27,3,2,1,0,2.5,14.21
7.32,22.34,2,1,1,0,1.5,19.86
9.88,48.86,2,2,1,0,2.0,-3.19
8.41,35.32,3,4,1,0,3.5,-6.63
14.64,10.14,3,4,1,1,3.5,-8.8
14.45,45.69,2,4,1,1,3.0,9.57
7.18,45.19,1,1,1,0,1.0,7.36
2.81,46.84,1,4,1,0,2.5,-3.24
10.01,24.94,2,2,1,1,2.0,-9.36
12.79,9.75,3,1,1,1,2.0,-0.77
13.19,8.7,2,2,1,1,2.0,19.24
6.15,48.41,1,1,1,0,1.0,5.69
6.53,22.28,2,4,1,0,3.0,15.32
2.01,48.26,3,4,1,0,3.5,-7.76
10.74,49.8,1,1,1,1,1.0,1.06
6.1,44.49,2,2,1,0,2.0,7.93
12.09,24.2,2,4,1,1,3.0,5.1
8.33,7.65,3,1,1,0,2.0,0.64
11.02,12.77,3,2,1,1,2.5,13.17
10.63,16.94,2,1,1,1,1.5,17.45
5.67,11.24,2,4,1,0,3.0,-4.84
12.43,41.78,2,4,1,1,3.0,2.04
2.23,6.82,1,1,1,0,1.0,-3.41
3.27,36.07,1,1,1,0,1.0,3.68
10.58,9.71,1,1,1,1,1.0,14.39
13.18,40.49,1,1,1,1,1.0,10.66
9.27,8.52,2,1,1,0,1.5,2.16
2.11,8.81,1,1,1,0,1.0,-3.48
4.0,24.34,2,2,1,0,2.0,-2.03
4.28,19.09,2,4,1,0,3.0,16.28
11.3,28.78,3,4,1,1,3.5,-3.16
5.65,35.36,1,4,1,0,2.5,8.04
11.15,29.24,1,4,1,1,2.5,17.63
3.45,14.45,3,1,1,0,2.0,10.95
9.5,7.77,3,4,1,0,3.5,6.52
8.91,26.94,1,4,1,0,2.5,2.15
14.84,34.76,2,2,1,1,2.0,17.77
9.46,45.9,2,4,1,0,3.0,0.29
2.77,14.74,2,4,1,0,3.0,0.94
6.3,32.16,1,4,1,0,2.5,-0.55
9.79,13.41,1,4,1,0,2.5,4.82
5.51,11.66,3,2,1,0,2.5,9.54
12.48,11.97,1,4,1,1,2.5,-7.9
7.36,24.04,2,2,1,0,2.0,-3.29
8.31,34.96,1,1,1,0,1.0,13.3
3.37,36.12,1,1,1,0,1.0,4.92
11.44,43.9,1,4,1,1,2.5,10.7
4.63,49.35,2,2,1,0,2.0,19.04
4.89,13.37,1,1,1,0,1.0,7.35
13.25,8.19,1,4,1,1,2.5,-8.09
3.27,11.97,2,1,1,0,1.5,-0.03
10.01,29.09,1,1,1,1,1.0,13.8
8.13,12.96,3,1,1,0,2.0,-5.38
13.52,8.9,1,1,1,1,1.0,-7.71
6.2,21.68,2,1,1,0,1.5,-4.8
9.84,40.58,1,1,1,0,1.0,1.49
6.59,7.96,3,4,1,0,3.5,13.88
6.69,44.52,1,4,1,0,2.5,3.51
8.71,17.36,2,4,1,0,3.0,13.9
10.68,47.59,3,1,1,1,2.0,-9.6
4.21,18.41,1,1,1,0,1.0,10.46
8.22,10.27,3,1,1,0,2.0,-6.4
6.08,14.95,3,4,1,0,3.5,10.14
5.92,16.08,1,4,1,0,2.5,6.61
9.76,48.11,2,4,1,0,3.0,6.89
11.55,9.21,2,2,1,1,2.0,1.13
3.87,42.51,3,2,1,0,2.5,-7.92
5.39,23.36,2,4,1,0,3.0,3.05
12.91,18.5,2,1,1,1,1.5,-5.77
2.5,48.86,1,2,1,0,1.5,-5.08
12.94,33.35,2,4,1,1,3.0,-3.04
7.3,26.52,1,1,1,0,1.0,1.7
11.44,28.62,3,2,1,1,2.5,17.37
9.56,6.5,2,4,1,0,3.0,17.87
9.24,37.17,3,4,1,0,3.5,6.02
7.37,48.71,3,2,1,0,2.5,15.34
7.29,20.86,2,4,1,0,3.0,-6.29
11.0,11.32,2,4,1,1,3.0,12.28
10.31,26.42,1,4,1,1,2.5,14.75
9.01,38.88,2,1,1,0,1.5,0.65
3.97,21.75,2,2,1,0,2.0,18.98
13.71,47.33,1,1,1,1,1.0,15.43
6.33,23.72,2,2,1,0,2.0,-5.59
5.89,13.14,3,1,1,0,2.0,3.26
10.17,37.46,2,1,1,1,1.5,-3.61
3.47,34.89,2,1,1,0,1.5,-7.39
13.87,23.25,3,2,1,1,2.5,5.3
7.14,35.81,1,2,1,0,1.5,9.07
14.44,29.72,3,2,1,1,2.5,6.91
7.94,19.26,3,1,1,0,2.0,15.37
4.79,9.77,1,4,1,0,2.5,10.69
3.11,28.56,2,2,1,0,2.0,3.24
12.87,15.54,1,1,1,1,1.0,-2.91
10.89,43.12,3,2,1,1,2.5,11.02
13.87,35.96,3,1,1,1,2.0,4.0
11.91,19.19,2,2,1,1,2.0,15.09
12.06,43.65,3,2,1,1,2.5,-9.39
13.09,7.74,1,1,1,1,1.0,-8.55
6.36,38.77,2,1,1,0,1.5,10.3
10.84,18.46,1,1,1,1,1.0,-9.93
9.56,23.87,1,2,1,0,1.5,18.94
8.56,30.29,2,1,1,0,1.5,19.56
2.21,13.74,1,1,1,0,1.0,12.61
12.02,35.09,1,4,1,1,2.5,-1.98
6.57,22.61,1,1,1,0,1.0,-4.34
3.55,29.11,2,2,1,0,2.0,-7.6
6.94,45.0,3,1,1,0,2.0,-8.35
10.17,38.43,2,4,1,1,3.0,-3.02
5.66,44.04,3,2,1,0,2.5,6.88
5.37,47.96,1,4,1,0,2.5,13.03
9.32,36.47,2,2,1,0,2.0,10.8
14.12,10.69,2,4,1,1,3.0,-4.82
8.88,5.0,2,4,1,0,3.0,11.62
14.44,38.95,2,2,1,1,2.0,-1.32
4.59,38.62,1,1,1,0,1.0,18.35
3.14,26.24,3,4,1,0,3.5,-1.46
7.36,30.05,3,1,1,0,2.0,6.44
6.57,11.44,2,2,1,0,2.0,3.72
12.64,48.34,1,1,1,1,1.0,13.76
10.66,46.12,3,2,1,1,2.5,-9.92
4.05,40.99,3,2,1,0,2.5,9.37
14.63,33.4,1,1,1,1,1.0,4.37
2.28,10.35,2,2,1,0,2.0,7.64
6.19,41.03,3,4,1,0,3.5,0.58
3.34,6.84,1,4,1,0,2.5,15.18
9.17,20.01,3,4,1,0,3.5,3.33
11.79,8.35,1,2,1,1,1.5,9.33
11.98,22.51,3,2,1,1,2.5,-1.32
13.75,5.57,1,4,1,1,2.5,12.33
7.35,18.31,1,4,1,0,2.5,19.4
10.9,31.88,3,4,1,1,3.5,5.52
7.01,23.88,2,4,1,0,3.0,13.69
12.9,34.35,1,2,1,1,1.5,18.93
12.43,7.86,3,4,1,1,3.5,-5.49
12.83,42.09,2,2,1,1,2.0,-4.68
6.81,20.91,3,1,1,0,2.0,-7.9
4.26,5.55,1,2,1,0,1.5,-0.94
8.28,25.03,3,2,1,0,2.5,-4.73
11.01,29.48,3,4,1,1,3.5,-5.71
4.13,16.66,2,2,1,0,2.0,8.68
3.82,37.56,3,2,1,0,2.5,8.38
13.51,32.5,3,2,1,1,2.5,3.13
5.28,20.04,2,1,1,0,1.5,12.0
4.54,24.39,2,2,1,0,2.0,1.98
5.11,5.0,1,4,1,0,2.5,-5.64
7.27,32.64,2,4,1,0,3.0,12.86
5.06,40.28,1,2,1,0,1.5,5.73
5.45,19.72,3,2,1,0,2.5,0.27
3.77,46.29,3,1,1,0,2.0,-6.25
7.18,42.95,3,2,1,0,2.5,16.78
3.77,40.0,3,4,1,0,3.5,13.14
7.05,47.87,3,2,1,0,2.5,10.52
12.36,23.19,1,1,1,1,1.0,9.05
13.41,16.58,3,2,1,1,2.5,19.12
13.31,18.63,1,4,1,1,2.5,15.29
3.23,14.09,1,2,1,0,1.5,-5.76
12.39,15.37,2,4,1,1,3.0,1.43
3.12,48.44,1,1,1,0,1.0,11.62
14.31,32.95,1,2,1,1,1.5,5.41
9.17,25.15,2,1,1,0,1.5,19.45
8.35,18.68,3,1,1,0,2.0,7.0
12.25,8.39,3,4,1,1,3.5,1.76
11.34,16.9,1,2,1,1,1.5,17.79
4.98,28.6,2,4,1,0,3.0,2.18
7.48,49.44,3,2,1,0,2.5,-7.51
10.55,14.16,3,1,1,1,2.0,6.18
3.56,41.12,3,1,1,0,2.0,1.24
7.65,11.85,2,1,1,0,1.5,18.85
7.8,24.08,2,2,1,0,2.0,2.35
3.69,26.22,2,2,1,0,2.0,10.09
13.63,26.36,3,4,1,1,3.5,-1.93
2.35,40.53,3,2,1,0,2.5,19.09
14.65,15.83,2,1,1,1,1.5,-3.82
9.27,22.41,3,4,1,0,3.5,15.86
11.58,13.2,1,1,1,1,1.0,1.36
9.14,48.26,2,1,1,0,1.5,12.65
14.28,26.76,3,2,1,1,2.5,6.23
6.25,38.5,1,1,1,0,1.0,-9.28
4.54,26.57,2,2,1,0,2.0,5.2
7.25,13.71,1,1,1,0,1.0,10.14
6.89,10.55,2,4,1,0,3.0,5.19
4.4,42.56,1,4,1,0,2.5,1.19
3.05,40.93,2,2,1,0,2.0,-2.33
4.4,38.2,2,1,1,0,1.5,14.49
2.65,32.4,2,1,1,0,1.5,14.6
11.42,44.25,1,2,1,1,1.5,6.74
5.07,16.0,2,2,1,0,2.0,15.74
6.74,22.39,2,4,1,0,3.0,0.46
3.82,23.86,2,1,1,0,1.5,4.52
9.86,16.76,1,1,1,0,1.0,-9.6
3.7,5.68,1,2,1,0,1.5,10.72
2.72,8.29,1,4,1,0,2.5,-2.45
2.83,17.38,2,1,1,0,1.5,-2.66
13.84,14.2,2,1,1,1,1.5,-3.59
13.29,17.48,2,4,1,1,3.0,4.52
5.37,6.58,2,1,1,0,1.5,14.4
6.85,5.25,1,2,1,0,1.5,2.5
3.02,38.62,1,4,1,0,2.5,-5.97
6.44,29.22,3,1,1,0,2.0,-1.58
8.63,22.0,2,2,1,0,2.0,-8.5
9.39,10.72,3,4,1,0,3.5,8.62
11.35,5.34,2,1,1,1,1.5,13.99
3.84,23.13,3,2,1,0,2.5,-2.16
7.0,34.35,2,2,1,0,2.0,-4.75
14.13,13.93,1,4,1,1,2.5,8.24
7.63,29.58,3,4,1,0,3.5,11.52
10.11,21.92,3,2,1,1,2.5,8.22
8.07,12.14,2,2,1,0,2.0,-0.64
12.23,32.95,2,4,1,1,3.0,10.86
10.83,47.33,2,4,1,1,3.0,8.81
10.14,44.76,2,1,1,1,1.5,0.62
14.81,24.42,1,2,1,1,1.5,-5.44
11.62,17.3,2,1,1,1,1.5,-5.68
10.1,27.01,1,4,1,1,2.5,15.71
10.26,32.43,3,4,1,1,3.5,-1.81
9.75,41.37,2,1,1,0,1.5,-2.45
7.16,49.4,2,2,1,0,2.0,-2.92
7.84,12.15,2,2,1,0,2.0,8.77
9.23,49.11,1,4,1,0,2.5,2.08
7.91,6.65,1,4,1,0,2.5,13.73
5.44,28.1,1,1,1,0,1.0,17.04
8.34,29.65,3,1,1,0,2.0,0.59
3.48,28.49,2,2,1,0,2.0,1.29
11.61,12.67,3,4,1,1,3.5,13.16
11.39,45.81,2,1,1,1,1.5,-9.39
11.1,9.67,1,2,1,1,1.5,8.23
9.12,35.75,1,4,1,0,2.5,17.07
7.83,18.61,1,2,1,0,1.5,-2.54
6.47,22.83,2,2,1,0,2.0,12.69
7.68,32.76,3,4,1,0,3.5,5.83
12.99,27.99,2,4,1,1,3.0,18.91
11.43,38.64,1,4,1,1,2.5,3.63
9.59,39.69,3,2,1,0,2.5,11.85
9.57,28.28,2,4,1,0,3.0,11.14
13.85,47.88,3,1,1,1,2.0,11.34
5.1,8.1,3,1,1,0,2.0,-6.73
7.05,24.68,3,1,1,0,2.0,1.52
3.59,36.11,1,4,1,0,2.5,-5.53
5.76,40.41,2,4,1,0,3.0,-1.97
9.28,45.01,2,1,1,0,1.5,7.12
3.99,39.55,1,1,1,0,1.0,1.66
14.17,27.04,3,4,1,1,3.5,8.75
11.09,20.63,1,4,1,1,2.5,-9.37
3.26,49.04,1,1,1,0,1.0,19.22
9.71,44.62,1,2,1,0,1.5,17.28
12.47,9.84,2,4,1,1,3.0,-7.94
4.51,19.21,1,4,1,0,2.5,11.96
7.35,44.54,3,1,1,0,2.0,12.65
10.5,31.47,1,2,1,1,1.5,-4.22
11.04,15.53,3,1,1,1,2.0,11.23
10.08,29.56,1,2,1,1,1.5,13.64
12.32,39.22,1,4,1,1,2.5,15.81
9.04,36.29,3,2,1,0,2.5,-6.57
11.45,16.94,1,2,1,1,1.5,2.79
14.34,24.68,1,1,1,1,1.0,0.49
14.79,24.49,2,4,1,1,3.0,15.16
10.61,37.26,1,4,1,1,2.5,7.04
9.65,20.17,3,4,1,0,3.5,16.82
6.0,11.86,3,2,1,0,2.5,8.68
4.4,12.97,2,1,1,0,1.5,-1.39
9.81,15.04,3,1,1,0,2.0,18.85
6.31,43.61,2,1,1,0,1.5,6.11
3.31,7.52,3,4,1,0,3.5,16.03
14.54,15.57,2,1,1,1,1.5,12.24
2.86,6.02,3,2,1,0,2.5,1.88
14.75,38.28,3,2,1,1,2.5,14.94
6.99,48.78,3,2,1,0,2.5,-8.45
5.91,25.96,3,2,1,0,2.5,-5.63
7.9,8.15,1,2,1,0,1.5,0.56
5.37,8.36,1,4,1,0,2.5,0.33
2.87,17.13,2,2,1,0,2.0,-3.54
10.88,21.09,3,2,1,1,2.5,1.22
4.45,44.18,1,1,1,0,1.0,17.93
7.49,11.17,3,2,1,0,2.5,9.62
13.71,25.49,1,2,1,1,1.5,-6.27
14.64,17.11,1,2,1,1,1.5,4.05
13.65,45.72,2,1,1,1,1.5,11.37
2.79,9.74,3,1,1,0,2.0,11.29
12.29,30.14,1,1,1,1,1.0,0.82
2.54,48.88,2,2,1,0,2.0,15.94
3.38,18.16,2,4,1,0,3.0,-1.2
6.12,5.0,2,4,1,0,3.0,2.6
2.81,22.82,3,2,1,0,2.5,9.05
7.78,7.22,2,4,1,0,3.0,0.5
12.67,29.8,1,2,1,1,1.5,5.16
8.88,48.03,1,1,1,0,1.0,9.71
14.9,43.04,2,4,1,1,3.0,1.55
11.09,18.07,2,4,1,1,3.0,2.07
14.58,23.64,1,4,1,1,2.5,17.73
7.53,8.21,3,4,1,0,3.5,19.67
5.46,29.32,3,1,1,0,2.0,5.76
8.94,38.35,3,2,1,0,2.5,9.94
3.0,10.97,2,1,1,0,1.5,10.68
12.09,11.74,3,1,1,1,2.0,-2.43
14.2,42.56,1,1,1,1,1.0,12.5
7.82,26.15,1,4,1,0,2.5,15.09
2.51,36.85,2,1,1,0,1.5,6.92
2.31,38.22,3,4,1,0,3.5,-8.94
13.82,49.83,2,1,1,1,1.5,5.02
3.13,45.04,1,2,1,0,1.5,4.59
5.27,12.04,3,1,1,0,2.0,13.04
6.07,9.44,1,1,1,0,1.0,10.97
13.52,10.97,2,2,1,1,2.0,15.63
8.31,18.01,3,1,1,0,2.0,-3.77
8.26,20.5,2,1,1,0,1.5,7.23
14.52,37.24,3,4,1,1,3.5,16.66
6.32,42.5,3,4,1,0,3.5,-6.47
11.46,19.54,2,4,1,1,3.0,5.86
9.91,21.23,2,4,1,0,3.0,1.81
3.31,13.09,3,4,1,0,3.5,-8.65
5.57,18.56,2,1,1,0,1.5,15.33
4.26,36.03,2,4,1,0,3.0,0.83
14.64,18.61,1,1,1,1,1.0,17.48
14.07,12.24,2,1,1,1,1.5,8.13
7.54,17.87,2,2,1,0,2.0,14.27
9.02,29.86,3,2,1,0,2.5,10.4
8.0,47.2,2,4,1,0,3.0,-0.57
8.1,28.85,2,1,1,0,1.5,15.23
2.99,6.28,2,4,1,0,3.0,4.23
11.07,31.45,1,4,1,1,2.5,14.41
2.24,16.69,1,4,1,0,2.5,6.02
7.53,28.25,1,2,1,0,1.5,8.08
9.04,37.94,2,2,1,0,2.0,-4.65
13.8,39.56,1,2,1,1,1.5,6.39
11.68,16.25,3,4,1,1,3.5,-8.3
7.52,13.02,1,1,1,0,1.0,-3.28
11.77,30.52,2,4,1,1,3.0,19.67
7.0,5.72,2,1,1,0,1.5,-5.07
3.02,21.35,2,2,1,0,2.0,9.86
14.05,41.54,1,4,1,1,2.5,11.25
10.92,49.99,1,2,1,1,1.5,18.13
5.52,16.49,3,4,1,0,3.5,15.35
10.08,12.48,1,2,1,1,1.5,17.87
6.73,33.53,2,1,1,0,1.5,-9.82
9.75,43.0,2,2,1,0,2.0,-5.11
7.13,11.79,3,4,1,0,3.5,3.0
6.57,24.16,2,2,1,0,2.0,12.26
11.82,42.97,2,4,1,1,3.0,19.33
9.86,34.51,2,1,1,0,1.5,8.2
10.62,45.07,1,2,1,1,1.5,4.38
9.66,25.26,1,1,1,0,1.0,-4.7
14.47,44.52,3,4,1,1,3.5,-1.07
6.43,31.6,2,1,1,0,1.5,5.13
6.28,33.75,2,4,1,0,3.0,1.42
6.05,39.36,2,4,1,0,3.0,19.49
11.66,19.35,3,2,1,1,2.5,-9.09
4.44,41.48,2,1,1,0,1.5,14.53
9.69,21.76,2,4,1,0,3.0,14.26
4.04,23.19,2,1,1,0,1.5,18.11
4.5,36.82,1,4,1,0,2.5,1.82
13.27,49.07,2,4,1,1,3.0,2.84
5.91,25.43,2,1,1,0,1.5,1.76
12.22,26.13,3,4,1,1,3.5,15.13
6.01,17.67,3,2,1,0,2.5,-5.24
13.52,25.05,1,4,1,1,2.5,-0.14
7.09,13.11,1,4,1,0,2.5,-1.06
13.44,48.55,2,1,1,1,1.5,11.28
7.03,22.17,2,2,1,0,2.0,3.93
12.6,30.01,2,4,1,1,3.0,1.13
4.45,45.16,2,2,1,0,2.0,13.5
4.18,10.17,3,2,1,0,2.5,-1.35
7.63,27.2,3,1,1,0,2.0,-7.4
9.42,41.42,2,2,1,0,2.0,-7.01
2.89,48.62,3,2,1,0,2.5,4.31
2.48,19.3,2,2,1,0,2.0,-2.71
3.38,47.48,1,4,1,0,2.5,-9.81
12.75,8.29,3,4,1,1,3.5,-9.89
8.23,25.69,1,4,1,0,2.5,0.09
13.57,48.93,2,4,1,1,3.0,16.55
7.86,30.52,1,2,1,0,1.5,-9.82
14.57,15.11,3,1,1,1,2.0,3.72
9.42,26.56,1,2,1,0,1.5,-5.55
8.08,21.37,2,2,1,0,2.0,-1.46
11.44,46.92,2,4,1,1,3.0,-7.52
3.85,5.82,2,2,1,0,2.0,-3.87
6.0,31.26,2,2,1,0,2.0,7.86
2.33,21.35,3,1,1,0,2.0,1.22
11.96,24.07,3,2,1,1,2.5,-8.58
12.94,12.73,2,4,1,1,3.0,5.9
11.6,18.99,2,1,1,1,1.5,-3.48
11.56,11.79,2,2,1,1,2.0,15.81
7.09,20.59,2,4,1,0,3.0,9.22
2.03,25.63,1,2,1,0,1.5,-0.42
5.27,46.53,3,1,1,0,2.0,11.57
7.72,40.36,2,2,1,0,2.0,-5.61
3.25,12.47,3,4,1,0,3.5,15.34
13.06,49.17,2,1,1,1,1.5,9.47
4.41,48.48,1,4,1,0,2.5,-6.59
7.68,32.24,3,1,1,0,2.0,0.56
10.77,36.33,3,1,1,1,2.0,6.26
7.57,39.98,1,4,1,0,2.5,-6.43
5.49,24.56,3,2,1,0,2.5,10.37
12.3,38.8,3,1,1,1,2.0,-9.87
5.33,5.99,3,4,1,0,3.5,18.13
3.67,47.02,3,4,1,0,3.5,9.61
6.43,45.35,2,4,1,0,3.0,1.5
6.66,38.84,1,2,1,0,1.5,6.63
3.5,10.54,1,4,1,0,2.5,-4.07
2.01,49.12,3,1,1,0,2.0,14.4
9.88,32.59,1,4,1,0,2.5,8.81
4.04,31.28,2,2,1,0,2.0,-6.55
10.34,37.52,1,4,1,1,2.5,2.92
3.59,26.48,2,2,1,0,2.0,-7.76
11.48,46.75,3,2,1,1,2.5,-2.64
3.82,38.38,3,2,1,0,2.5,-5.54
7.15,6.08,2,2,1,0,2.0,19.01
14.87,33.89,1,1,1,1,1.0,-3.1
10.19,24.08,2,4,1,1,3.0,4.91
13.99,40.3,2,2,1,1,2.0,-3.66
11.39,22.57,2,1,1,1,1.5,-9.06
14.86,11.9,3,4,1,1,3.5,8.59
13.96,9.12,3,2,1,1,2.5,-9.55
2.81,48.94,3,1,1,0,2.0,-8.56
12.7,41.21,1,1,1,1,1.0,6.88
14.13,17.38,1,2,1,1,1.5,-6.39
9.91,30.59,1,1,1,0,1.0,-6.1
10.26,40.21,3,2,1,1,2.5,8.1
10.19,32.23,1,4,1,1,2.5,-8.82
4.94,17.5,2,1,1,0,1.5,2.16
2.21,24.18,3,1,1,0,2.0,18.19
2.31,48.69,2,2,1,0,2.0,1.68
12.7,38.78,2,1,1,1,1.5,-8.11
11.46,18.91,2,2,1,1,2.0,3.42
7.28,31.38,1,2,1,0,1.5,14.05
9.5,6.94,1,2,1,0,1.5,2.57
2.75,14.63,2,2,1,0,2.0,-7.44
4.46,46.55,2,2,1,0,2.0,1.21
14.95,32.33,2,1,1,1,1.5,-6.7
13.23,20.98,1,2,1,1,1.5,9.56
13.7,34.02,2,1,1,1,1.5,-7.02
6.53,30.97,1,2,1,0,1.5,8.11
6.89,27.8,1,1,1,0,1.0,7.12
8.88,18.44,1,1,1,0,1.0,-0.4
10.89,15.14,2,1,1,1,1.5,3.15
13.51,24.19,2,1,1,1,1.5,2.22
2.51,29.66,3,2,1,0,2.5,-6.64
13.16,30.37,1,2,1,1,1.5,-9.55
6.41,29.66,2,1,1,0,1.5,13.81
13.69,32.39,3,2,1,1,2.5,-1.49
14.06,40.21,2,4,1,1,3.0,6.56
10.76,10.74,1,4,1,1,2.5,-5.84
13.25,49.0,1,4,1,1,2.5,-9.07
12.62,18.07,1,1,1,1,1.0,-7.44
3.58,14.8,1,2,1,0,1.5,12.58
10.58,30.98,1,4,1,1,2.5,10.9
5.09,26.29,3,4,1,0,3.5,5.53
6.75,5.01,2,2,1,0,2.0,6.49
12.85,34.02,2,1,1,1,1.5,-6.61
2.44,5.38,2,1,1,0,1.5,10.76
3.16,18.19,1,4,1,0,2.5,11.21
9.54,40.38,2,1,1,0,1.5,-2.22
10.95,38.81,1,4,1,1,2.5,12.41
9.83,29.12,3,4,1,0,3.5,0.43
2.53,5.5,1,1,1,0,1.0,-1.73
10.46,34.61,1,4,1,1,2.5,-5.94
2.12,46.81,3,2,1,0,2.5,8.04
8.8,30.08,3,1,1,0,2.0,5.42
6.0,26.68,3,1,1,0,2.0,12.24
7.01,32.23,2,1,1,0,1.5,-8.17
5.09,45.41,1,2,1,0,1.5,-3.73
14.39,46.26,2,4,1,1,3.0,18.63
14.59,15.48,1,1,1,1,1.0,9.27
13.38,40.47,2,1,1,1,1.5,1.28
14.86,6.26,2,1,1,1,1.5,-6.14
2.72,34.05,2,1,1,0,1.5,-3.82
10.58,19.81,1,2,1,1,1.5,1.67
9.8,27.06,1,4,1,0,2.5,-6.39
9.0,35.48,2,4,1,0,3.0,6.15
11.44,40.34,2,1,1,1,1.5,-3.53
14.76,21.21,3,1,1,1,2.0,12.31
9.13,10.0,2,4,1,0,3.0,8.81
8.09,7.31,1,4,1,0,2.5,-6.76
10.42,26.0,3,4,1,1,3.5,-7.21
9.17,5.42,1,1,1,0,1.0,1.56
12.87,17.35,3,4,1,1,3.5,-7.81
11.78,35.87,3,2,1,1,2.5,12.74
3.27,49.21,3,2,1,0,2.5,0.3
13.53,21.01,1,2,1,1,1.5,1.86
4.54,38.6,3,4,1,0,3.5,19.47
9.28,39.55,3,1,1,0,2.0,-7.8
9.71,43.39,3,4,1,0,3.5,10.4
12.82,20.55,1,2,1,1,1.5,-5.99
6.54,7.24,2,1,1,0,1.5,1.67
11.25,7.33,1,4,1,1,2.5,7.14
9.14,32.47,2,4,1,0,3.0,-4.25
3.39,12.68,3,4,1,0,3.5,19.84
2.91,30.73,1,4,1,0,2.5,0.98
10.5,46.98,1,4,1,1,2.5,2.4
8.06,35.89,2,2,1,0,2.0,8.68
6.83,15.16,3,2,1,0,2.5,3.2
5.15,22.65,1,4,1,0,2.5,-7.96
13.11,20.72,1,4,1,1,2.5,-4.15
6.19,6.87,2,4,1,0,3.0,-2.07
2.24,16.7,3,2,1,0,2.5,6.81
2.05,27.17,2,4,1,0,3.0,-4.67
2.02,9.65,2,1,1,0,1.5,19.7
7.44,22.39,1,2,1,0,1.5,18.22
11.55,6.39,2,1,1,1,1.5,3.73
6.11,48.68,3,2,1,0,2.5,7.77
5.52,16.62,3,2,1,0,2.5,2.35
11.94,32.21,3,1,1,1,2.0,-3.42
4.18,40.28,1,2,1,0,1.5,16.69
5.36,16.14,3,1,1,0,2.0,-8.93
4.41,43.53,1,2,1,0,1.5,13.43
11.15,7.8,3,1,1,1,2.0,0.74
11.52,20.45,1,2,1,1,1.5,4.61
6.78,28.82,2,4,1,0,3.0,16.92
2.88,44.17,2,4,1,0,3.0,-9.42
10.17,43.8,1,1,1,1,1.0,-4.38
6.98,5.24,2,2,1,0,2.0,17.62
14.23,42.51,2,4,1,1,3.0,14.17
14.18,21.37,2,4,1,1,3.0,14.03
11.66,8.4,3,2,1,1,2.5,-2.8
12.71,18.02,1,1,1,1,1.0,-5.53
11.66,42.81,1,2,1,1,1.5,8.21
5.64,24.88,2,4,1,0,3.0,4.3
12.92,33.99,3,4,1,1,3.5,-0.81
14.61,26.18,1,1,1,1,1.0,-1.74
11.85,29.62,3,4,1,1,3.5,1.13
12.5,19.8,2,2,1,1,2.0,2.37
11.78,30.56,3,4,1,1,3.5,7.3
8.59,14.88,2,2,1,0,2.0,-1.52
6.53,42.2,1,1,1,0,1.0,14.06
11.45,16.14,2,4,1,1,3.0,9.51
13.74,22.8,2,4,1,1,3.0,0.69
3.27,29.86,3,2,1,0,2.5,-3.14
8.55,30.19,2,2,1,0,2.0,-2.12
14.0,32.43,1,4,1,1,2.5,-2.15
14.79,29.1,1,1,1,1,1.0,10.51
14.68,46.69,3,1,1,1,2.0,-9.11
6.07,6.07,1,2,1,0,1.5,9.4
14.29,13.05,1,4,1,1,2.5,-4.0
8.64,26.51,2,4,1,0,3.0,2.32
6.62,34.51,2,4,1,0,3.0,11.55
4.13,24.28,1,1,1,0,1.0,4.97
13.81,19.71,2,1,1,1,1.5,3.66
7.01,16.45,3,1,1,0,2.0,2.29
11.17,33.81,1,1,1,1,1.0,13.19
4.23,48.92,1,4,1,0,2.5,12.53
9.75,46.08,1,4,1,0,2.5,5.85
3.88,35.32,3,2,1,0,2.5,-6.04
10.44,16.13,3,4,1,1,3.5,-1.73
12.19,8.44,1,4,1,1,2.5,1.23
4.01,5.56,2,4,1,0,3.0,-3.87
11.0,18.98,3,4,1,1,3.5,2.25
4.16,38.01,1,1,1,0,1.0,-6.43
12.3,42.49,2,4,1,1,3.0,-5.85
13.24,24.5,1,2,1,1,1.5,-9.63
10.86,47.18,1,1,1,1,1.0,-1.55
12.09,23.82,3,1,1,1,2.0,3.15
5.52,20.82,3,2,1,0,2.5,18.31
7.01,26.39,1,1,1,0,1.0,11.46
7.88,5.79,1,4,1,0,2.5,2.41
13.69,16.16,2,4,1,1,3.0,16.68
10.13,32.88,2,1,1,1,1.5,-0.66
14.03,39.39,3,4,1,1,3.5,-5.44
11.33,15.14,1,2,1,1,1.5,2.99
3.52,47.2,3,1,1,0,2.0,12.49
9.83,26.8,3,1,1,0,2.0,13.99
14.36,47.03,2,2,1,1,2.0,19.21
9.57,49.93,1,1,1,0,1.0,9.89
8.86,22.96,1,2,1,0,1.5,18.28
14.67,20.74,3,4,1,1,3.5,18.31
3.24,28.12,1,2,1,0,1.5,12.54
9.08,43.56,1,2,1,0,1.5,1.75
8.97,45.08,1,2,1,0,1.5,-1.34
8.28,30.49,1,2,1,0,1.5,-0.87
6.79,8.67,3,4,1,0,3.5,-0.75
7.38,23.51,1,2,1,0,1.5,-8.78
2.09,15.04,1,2,1,0,1.5,4.58
12.67,6.89,1,1,1,1,1.0,16.98
12.91,37.35,3,1,1,1,2.0,-5.24
2.67,7.16,1,4,1,0,2.5,1.37
6.47,37.79,2,4,1,0,3.0,6.4
8.95,15.8,3,4,1,0,3.5,-3.17
5.21,49.0,1,4,1,0,2.5,3.15
11.42,10.89,3,4,1,1,3.5,17.42
5.33,18.29,3,1,1,0,2.0,-0.05
12.49,17.29,1,1,1,1,1.0,17.54
5.64,46.95,1,4,1,0,2.5,11.72
14.09,30.19,1,2,1,1,1.5,0.56
5.64,18.77,3,2,1,0,2.5,6.94
3.71,39.48,3,2,1,0,2.5,19.47
12.76,40.59,2,1,1,1,1.5,14.4
2.45,40.4,1,1,1,0,1.0,12.15
7.86,10.69,2,2,1,0,2.0,0.81
7.43,36.78,3,2,1,0,2.5,-6.28
4.58,15.42,2,2,1,0,2.0,9.33
7.78,32.05,1,2,1,0,1.5,18.15
12.64,28.74,1,1,1,1,1.0,-5.05
5.13,26.53,2,1,1,0,1.5,14.58
5.23,46.05,1,4,1,0,2.5,13.75
6.89,25.96,2,4,1,0,3.0,13.77
13.2,11.16,3,1,1,1,2.0,-2.98
9.02,29.34,1,4,1,0,2.5,8.14
3.53,30.53,3,2,1,0,2.5,4.54
2.44,18.8,2,1,1,0,1.5,-7.91
11.83,33.65,1,2,1,1,1.5,18.38
11.87,18.39,2,1,1,1,1.5,17.48
12.4,19.11,1,4,1,1,2.5,0.52
11.56,5.28,2,1,1,1,1.5,12.68
3.36,11.08,2,2,1,0,2.0,-1.17
3.7,9.01,2,1,1,0,1.5,1.37
9.75,46.57,3,4,1,0,3.5,3.33
6.74,42.4,3,2,1,0,2.5,-9.4
5.15,29.09,2,2,1,0,2.0,0.04
8.08,33.49,3,4,1,0,3.5,15.6
9.88,19.4,2,4,1,0,3.0,-6.12
11.72,7.6,1,1,1,1,1.0,-0.19
4.58,49.58,3,1,1,0,2.0,5.86
4.89,16.76,3,2,1,0,2.5,4.01
12.52,46.12,1,2,1,1,1.5,2.51
9.73,9.14,2,2,1,0,2.0,-1.24
2.4,31.91,2,4,1,0,3.0,-4.72
5.58,36.74,2,1,1,0,1.5,6.7
6.93,47.49,3,2,1,0,2.5,-4.88
3.53,41.61,3,2,1,0,2.5,10.32
5.41,5.42,2,2,1,0,2.0,9.25
13.74,14.02,2,1,1,1,1.5,18.88
7.47,14.02,2,2,1,0,2.0,17.62
11.03,43.79,1,4,1,1,2.5,2.37
11.27,17.59,3,1,1,1,2.0,15.17
11.82,48.79,2,2,1,1,2.0,13.84
5.63,6.57,2,4,1,0,3.0,17.73
7.52,33.9,2,4,1,0,3.0,-2.52
4.11,12.62,3,4,1,0,3.5,5.82
13.19,7.23,3,2,1,1,2.5,13.06
12.9,44.6,3,4,1,1,3.5,16.1
11.9,15.88,3,2,1,1,2.5,-2.6
8.96,36.47,2,4,1,0,3.0,-6.61
4.52,11.89,2,1,1,0,1.5,13.99
13.91,19.44,3,2,1,1,2.5,1.51
11.47,43.6,2,1,1,1,1.5,-7.95
9.14,24.82,1,2,1,0,1.5,-0.62
10.6,6.19,1,2,1,1,1.5,16.87
12.15,20.23,3,4,1,1,3.5,-0.93
6.57,18.68,1,2,1,0,1.5,15.24
12.68,13.7,1,2,1,1,1.5,-2.45
7.52,5.23,3,2,1,0,2.5,-9.84
2.61,35.87,1,2,1,0,1.5,4.81
12.88,24.93,2,4,1,1,3.0,-8.47
4.93,45.02,1,1,1,0,1.0,-3.21
12.35,38.28,2,1,1,1,1.5,-3.01
6.17,13.88,1,1,1,0,1.0,17.56
8.59,30.07,1,2,1,0,1.5,0.71
12.15,16.06,2,4,1,1,3.0,-1.45
13.45,26.91,1,4,1,1,2.5,5.19
2.72,40.58,2,4,1,0,3.0,-9.23
11.58,14.6,1,4,1,1,2.5,2.56
7.78,23.72,1,4,1,0,2.5,-7.19
3.74,31.11,3,1,1,0,2.0,5.95
2.88,20.81,1,2,1,0,1.5,16.61
2.93,6.12,2,2,1,0,2.0,5.67
13.37,13.3,3,2,1,1,2.5,4.0
9.46,9.07,3,2,1,0,2.5,-2.62
5.3,44.16,3,1,1,0,2.0,-8.22
9.99,12.1,3,1,1,0,2.0,4.41
10.57,10.93,2,2,1,1,2.0,10.99
3.45,9.24,3,4,1,0,3.5,-2.99
7.33,14.68,1,4,1,0,2.5,18.43
4.91,18.11,3,4,1,0,3.5,0.57
6.3,16.43,3,1,1,0,2.0,-2.16
13.21,49.45,1,4,1,1,2.5,-8.2
11.43,36.48,1,1,1,1,1.0,6.78
14.67,44.68,1,1,1,1,1.0,0.64
11.22,10.1,3,1,1,1,2.0,12.64
8.35,19.64,3,1,1,0,2.0,19.71
6.92,39.72,3,2,1,0,2.5,12.6
10.88,34.66,3,2,1,1,2.5,9.97
2.79,28.89,1,1,1,0,1.0,9.53
6.53,30.95,2,2,1,0,2.0,18.38
11.21,42.66,2,4,1,1,3.0,6.72
12.24,36.46,2,2,1,1,2.0,-3.43
13.07,7.28,3,4,1,1,3.5,-0.65
9.7,18.73,2,2,1,0,2.0,2.77
6.1,15.53,1,4,1,0,2.5,8.82
8.76,29.0,1,1,1,0,1.0,14.05
10.85,7.38,2,1,1,1,1.5,5.71
4.41,10.29,1,4,1,0,2.5,18.24
7.89,31.26,3,2,1,0,2.5,5.57
6.29,45.82,3,4,1,0,3.5,17.86
9.35,39.23,1,1,1,0,1.0,-3.67
6.4,14.05,3,2,1,0,2.5,12.73
11.06,7.48,3,4,1,1,3.5,10.45
9.37,13.85,3,4,1,0,3.5,5.9
9.84,39.8,1,4,1,0,2.5,14.42
9.61,6.12,2,4,1,0,3.0,2.78
9.65,25.86,2,2,1,0,2.0,-0.81
4.29,45.14,2,4,1,0,3.0,-9.62
3.55,35.08,1,4,1,0,2.5,7.21
6.9,7.7,3,2,1,0,2.5,1.15
9.5,11.52,2,4,1,0,3.0,-5.35
9.22,37.38,1,2,1,0,1.5,8.43
6.37,20.96,1,2,1,0,1.5,19.56
8.71,38.22,3,1,1,0,2.0,7.84
13.67,24.86,2,1,1,1,1.5,3.36
11.73,42.26,3,1,1,1,2.0,-8.64
9.7,28.98,1,4,1,0,2.5,14.08
11.08,18.03,1,2,1,1,1.5,-0.92
7.7,20.96,3,2,1,0,2.5,-0.21
7.29,26.58,1,4,1,0,2.5,3.8
13.75,43.36,3,1,1,1,2.0,-2.26
4.42,14.6,2,1,1,0,1.5,9.25
11.64,10.96,2,1,1,1,1.5,16.75
7.55,41.23,2,1,1,0,1.5,17.79
14.6,45.79,1,2,1,1,1.5,12.61
8.82,21.23,2,2,1,0,2.0,2.17
11.17,30.34,2,2,1,1,2.0,-7.98
10.4,48.11,2,1,1,1,1.5,-7.75
8.42,37.36,1,2,1,0,1.5,0.04
12.76,44.81,1,4,1,1,2.5,-7.68
2.44,10.13,1,1,1,0,1.0,14.08
11.39,5.35,2,2,1,1,2.0,7.83
13.57,24.25,3,2,1,1,2.5,3.81
7.18,27.46,3,2,1,0,2.5,6.46
7.72,17.33,2,2,1,0,2.0,-6.4
10.06,5.59,2,2,1,1,2.0,17.65
2.83,33.01,2,1,1,0,1.5,14.11
11.63,18.26,1,2,1,1,1.5,6.23
10.91,28.51,1,2,1,1,1.5,-2.47
2.44,42.67,1,2,1,0,1.5,1.28
7.66,32.42,3,4,1,0,3.5,16.19
7.09,32.75,3,2,1,0,2.5,-5.26
6.35,42.84,2,4,1,0,3.0,-2.41
5.88,30.28,2,4,1,0,3.0,13.14
14.82,40.54,2,2,1,1,2.0,-0.97
7.69,32.84,2,1,1,0,1.5,-7.29
8.99,27.43,3,4,1,0,3.5,16.51
13.07,47.9,2,2,1,1,2.0,9.68
8.78,28.7,3,2,1,0,2.5,-4.15
4.07,18.13,2,4,1,0,3.0,7.81
5.53,17.65,1,4,1,0,2.5,-3.67
2.09,28.23,2,4,1,0,3.0,4.56
4.29,12.18,3,4,1,0,3.5,-5.4
6.41,42.07,2,1,1,0,1.5,-7.5
13.15,14.81,3,2,1,1,2.5,0.95
13.12,25.13,3,4,1,1,3.5,4.02
13.08,28.22,2,4,1,1,3.0,8.49
12.0,15.81,1,2,1,1,1.5,13.12
10.2,34.19,1,4,1,1,2.5,-2.39
6.33,35.39,2,4,1,0,3.0,7.63
11.92,11.58,3,2,1,1,2.5,5.64
14.48,48.19,3,1,1,1,2.0,3.71
7.13,19.41,3,4,1,0,3.5,-6.82
8.78,10.83,3,2,1,0,2.5,-9.87
3.71,19.11,3,1,1,0,2.0,-4.07
14.16,15.72,2,4,1,1,3.0,-7.83
6.07,15.68,3,2,1,0,2.5,-4.86
10.6,39.35,3,4,1,1,3.5,0.93
4.59,48.05,1,4,1,0,2.5,5.58
7.84,8.57,1,2,1,0,1.5,9.14
11.88,14.93,2,2,1,1,2.0,18.84
6.84,41.44,3,4,1,0,3.5,-4.26
13.9,10.36,2,2,1,1,2.0,5.1
10.17,18.61,1,1,1,1,1.0,8.55
9.38,47.99,1,4,1,0,2.5,10.9
11.35,21.71,3,4,1,1,3.5,18.48
12.12,5.32,3,1,1,1,2.0,14.98
11.49,6.05,3,2,1,1,2.5,11.29
10.62,18.05,1,1,1,1,1.0,19.83
12.14,27.59,2,2,1,1,2.0,-8.79
8.6,41.69,2,4,1,0,3.0,1.44
12.61,48.97,3,4,1,1,3.5,-5.69
10.17,29.9,1,1,1,1,1.0,-6.63
3.85,16.97,2,1,1,0,1.5,18.83
12.82,43.17,1,2,1,1,1.5,17.78
14.17,28.82,1,4,1,1,2.5,4.43
10.66,13.01,3,4,1,1,3.5,11.92
9.63,47.61,3,1,1,0,2.0,-0.41
4.84,9.38,1,1,1,0,1.0,-6.07
7.21,25.45,1,2,1,0,1.5,2.16
13.84,13.38,2,1,1,1,1.5,19.99
14.21,36.21,3,4,1,1,3.5,3.45
4.42,19.87,3,2,1,0,2.5,6.35
2.9,13.29,3,1,1,0,2.0,11.68
5.66,14.18,2,4,1,0,3.0,14.13
7.7,38.65,1,2,1,0,1.5,7.83
10.55,39.57,1,4,1,1,2.5,-1.54
13.05,23.45,1,2,1,1,1.5,-4.09
9.89,12.72,1,1,1,0,1.0,-2.4
14.34,26.03,1,4,1,1,2.5,0.08
7.96,34.79,2,4,1,0,3.0,15.97
12.3,30.26,1,2,1,1,1.5,10.98
13.96,19.22,1,4,1,1,2.5,-1.01
10.47,32.17,1,2,1,1,1.5,-5.1
13.02,25.2,3,4,1,1,3.5,14.88
10.7,7.45,2,4,1,1,3.0,2.35
4.74,26.96,2,1,1,0,1.5,-1.23
9.76,45.3,1,2,1,0,1.5,7.42
5.87,36.03,2,4,1,0,3.0,16.11
5.77,49.77,3,2,1,0,2.5,2.14
4.57,49.27,3,1,1,0,2.0,10.9
2.01,14.98,2,2,1,0,2.0,6.42
8.68,44.44,1,1,1,0,1.0,7.49
4.3,15.62,3,1,1,0,2.0,15.63
12.69,29.13,3,2,1,1,2.5,15.91
6.55,44.09,2,2,1,0,2.0,10.88
7.36,22.09,1,2,1,0,1.5,19.04
2.72,32.49,3,2,1,0,2.5,-3.48
2.76,40.16,3,4,1,0,3.5,8.8
6.89,38.89,3,1,1,0,2.0,-9.44
12.68,25.55,2,4,1,1,3.0,-1.75
14.72,30.42,3,4,1,1,3.5,16.76
9.95,33.37,2,1,1,0,1.5,0.75
13.29,38.93,2,4,1,1,3.0,-9.38
7.65,17.78,1,2,1,0,1.5,19.51
7.17,23.46,2,1,1,0,1.5,19.38
9.49,46.75,1,1,1,0,1.0,8.23
7.04,23.54,1,4,1,0,2.5,-3.71
4.67,41.18,1,2,1,0,1.5,6.11
12.7,14.65,1,1,1,1,1.0,0.94
12.67,30.64,2,2,1,1,2.0,-1.73
14.62,21.64,1,2,1,1,1.5,12.96
2.06,34.22,2,1,1,0,1.5,7.07
4.99,10.86,1,1,1,0,1.0,-1.93
10.91,15.65,3,1,1,1,2.0,12.68
9.8,11.23,2,1,1,0,1.5,-8.55
8.78,38.94,2,1,1,0,1.5,2.49
9.55,25.5,3,4,1,0,3.5,11.62
5.05,36.6,1,4,1,0,2.5,18.52
13.76,26.48,2,1,1,1,1.5,18.27
11.7,45.76,1,2,1,1,1.5,-5.45
9.56,49.27,1,4,1,0,2.5,-3.94
9.16,38.56,2,4,1,0,3.0,-7.12
14.1,31.36,3,1,1,1,2.0,6.07
14.14,46.01,1,1,1,1,1.0,-0.72
3.95,9.93,2,4,1,0,3.0,-8.49
11.29,36.98,3,2,1,1,2.5,9.95
9.13,12.18,2,4,1,0,3.0,10.94
3.76,7.44,2,4,1,0,3.0,5.98
10.06,44.19,2,1,1,1,1.5,-1.48
10.78,22.64,1,2,1,1,1.5,4.95
5.9,10.52,2,2,1,0,2.0,-1.79
12.69,29.6,1,1,1,1,1.0,8.07
5.63,44.39,2,4,1,0,3.0,3.8
5.7,47.66,1,2,1,0,1.5,10.02
14.64,27.05,1,4,1,1,2.5,-7.47
2.46,33.04,2,1,1,0,1.5,-7.02
7.37,28.76,2,4,1,0,3.0,17.24
10.57,32.81,1,2,1,1,1.5,2.03
2.86,27.18,2,4,1,0,3.0,17.72
2.89,15.0,3,2,1,0,2.5,0.71
9.38,7.56,1,4,1,0,2.5,9.12
5.01,23.16,1,4,1,0,2.5,-3.8
11.64,11.4,2,2,1,1,2.0,-4.46
8.48,15.37,2,2,1,0,2.0,3.57
4.99,26.44,1,2,1,0,1.5,1.71
6.85,21.5,2,4,1,0,3.0,-5.75
10.93,42.94,1,1,1,1,1.0,-9.87
9.65,49.11,3,1,1,0,2.0,-1.23
9.54,18.27,2,2,1,0,2.0,0.75
3.95,47.18,2,4,1,0,3.0,-0.6
4.65,27.4,2,2,1,0,2.0,3.56
10.31,46.38,2,4,1,1,3.0,-0.8
5.27,37.99,2,1,1,0,1.5,18.62
2.58,13.51,3,4,1,0,3.5,10.21
10.73,39.06,2,1,1,1,1.5,18.21
12.14,25.5,2,2,1,1,2.0,-3.87
5.5,15.03,2,4,1,0,3.0,15.59
7.64,45.91,2,2,1,0,2.0,9.2
7.5,8.73,2,2,1,0,2.0,-4.34
9.57,8.25,3,2,1,0,2.5,-8.15
14.39,42.67,3,1,1,1,2.0,-6.45
6.92,26.66,2,2,1,0,2.0,12.6
2.03,11.18,3,2,1,0,2.5,-9.37
7.97,12.65,2,4,1,0,3.0,9.25
3.66,5.39,2,2,1,0,2.0,3.3
10.46,46.21,1,4,1,1,2.5,18.84
2.16,41.98,3,2,1,0,2.5,0.89
12.71,35.35,2,1,1,1,1.5,6.58
4.9,14.68,1,1,1,0,1.0,-0.34
7.17,43.04,2,2,1,0,2.0,8.09
11.78,48.4,3,1,1,1,2.0,17.27
2.51,19.32,3,2,1,0,2.5,5.97
12.76,28.85,3,2,1,1,2.5,-7.83
5.93,34.43,1,2,1,0,1.5,6.08
10.13,7.69,2,2,1,1,2.0,-2.48
14.75,46.41,3,2,1,1,2.5,5.96
4.48,17.43,1,4,1,0,2.5,-8.76
14.28,28.18,1,2,1,1,1.5,18.87
6.74,41.44,1,1,1,0,1.0,6.32
10.14,20.19,3,2,1,1,2.5,8.24
2.13,6.5,1,2,1,0,1.5,0.99
7.51,22.42,2,4,1,0,3.0,-1.09
12.39,9.93,2,2,1,1,2.0,0.18
10.67,23.45,3,2,1,1,2.5,16.43
11.97,40.23,3,4,1,1,3.5,1.29
13.59,13.0,1,1,1,1,1.0,-5.73
11.61,45.35,1,2,1,1,1.5,9.29
7.21,24.76,3,1,1,0,2.0,8.83
10.8,49.03,2,4,1,1,3.0,1.98
5.14,39.59,1,2,1,0,1.5,12.88
5.13,12.35,3,4,1,0,3.5,12.83
10.21,19.34,2,2,1,1,2.0,2.23
12.4,47.99,2,2,1,1,2.0,-3.56
7.39,41.99,3,1,1,0,2.0,12.0
13.57,9.47,2,4,1,1,3.0,17.91
14.73,29.09,3,1,1,1,2.0,7.01
11.62,8.82,2,2,1,1,2.0,0.82
13.2,48.44,2,2,1,1,2.0,-6.86
7.88,16.82,2,4,1,0,3.0,6.34
11.12,26.63,3,1,1,1,2.0,0.2
5.47,29.88,3,2,1,0,2.5,9.87
7.68,25.11,1,1,1,0,1.0,2.19
5.63,28.12,2,4,1,0,3.0,12.03
13.93,36.97,2,1,1,1,1.5,5.64
11.22,43.66,1,4,1,1,2.5,-6.88
9.85,19.44,1,4,1,0,2.5,-3.46
8.52,12.1,3,4,1,0,3.5,0.85
13.33,11.12,3,1,1,1,2.0,-1.61
2.24,15.27,3,2,1,0,2.5,19.02
7.35,28.28,1,4,1,0,2.5,5.02
12.17,31.03,1,1,1,1,1.0,-1.27
13.08,36.52,2,4,1,1,3.0,-1.99
6.62,26.69,3,1,1,0,2.0,6.95
12.2,33.4,3,4,1,1,3.5,16.21
11.83,37.8,1,1,1,1,1.0,19.23
4.96,46.06,2,1,1,0,1.5,11.21
14.92,10.62,1,4,1,1,2.5,6.23
5.44,9.38,2,1,1,0,1.5,5.06
2.23,30.94,2,2,1,0,2.0,0.24
13.6,9.88,2,1,1,1,1.5,12.75
14.91,11.71,3,1,1,1,2.0,14.67
3.2,26.48,2,2,1,0,2.0,-8.46
14.2,29.99,3,4,1,1,3.5,10.9
4.75,9.56,2,4,1,0,3.0,-2.11
7.48,40.97,1,1,1,0,1.0,10.42
5.54,13.14,3,1,1,0,2.0,18.62
3.01,26.75,3,1,1,0,2.0,15.84
2.74,28.65,1,2,1,0,1.5,-5.85
10.66,13.58,3,4,1,1,3.5,13.97
7.02,21.38,3,2,1,0,2.5,-5.14
10.75,15.68,3,1,1,1,2.0,-7.8
5.87,21.53,3,4,1,0,3.5,2.03
2.8,18.88,1,2,1,0,1.5,9.38
12.07,24.75,3,4,1,1,3.5,14.04
10.46,29.21,3,1,1,1,2.0,11.32
5.26,18.22,2,2,1,0,2.0,-1.9
3.2,46.37,2,4,1,0,3.0,17.51
13.77,12.54,2,1,1,1,1.5,-6.93
3.24,44.27,2,4,1,0,3.0,5.63
5.86,44.36,1,1,1,0,1.0,0.75
7.42,34.18,1,1,1,0,1.0,-9.5
13.51,24.76,3,4,1,1,3.5,10.49
2.52,40.08,1,1,1,0,1.0,-6.6
8.39,12.98,2,2,1,0,2.0,15.73
11.84,46.06,2,1,1,1,1.5,0.18
14.84,18.27,1,1,1,1,1.0,18.18
12.68,46.7,3,4,1,1,3.5,1.72
7.18,45.81,1,2,1,0,1.5,17.51
14.13,43.37,2,1,1,1,1.5,3.3
14.49,8.45,2,2,1,1,2.0,-8.61
3.69,30.72,1,2,1,0,1.5,-4.09
3.22,29.78,1,4,1,0,2.5,5.09
8.91,18.42,2,2,1,0,2.0,15.91
13.12,29.73,1,2,1,1,1.5,10.65
8.99,15.89,3,1,1,0,2.0,-2.6
7.26,13.76,1,4,1,0,2.5,-5.87
5.36,5.14,2,1,1,0,1.5,17.79
6.9,17.12,3,4,1,0,3.5,-0.73
3.18,15.34,1,1,1,0,1.0,-2.33
2.95,26.81,2,4,1,0,3.0,-9.64
8.53,39.88,3,4,1,0,3.5,-0.79
12.25,32.43,2,2,1,1,2.0,2.19
11.08,8.59,3,2,1,1,2.5,-1.85
3.15,49.49,2,1,1,0,1.5,-0.26
11.07,29.23,2,4,1,1,3.0,18.61
5.12,17.75,1,4,1,0,2.5,6.39
9.24,24.29,3,1,1,0,2.0,18.84
11.39,32.71,1,4,1,1,2.5,7.87
10.11,33.73,1,2,1,1,1.5,-8.31
3.37,44.46,3,1,1,0,2.0,18.7
2.88,23.1,1,4,1,0,2.5,12.72
4.69,9.5,1,1,1,0,1.0,-4.25
10.88,23.92,1,1,1,1,1.0,0.38
12.15,39.94,2,2,1,1,2.0,-7.02
7.53,39.78,3,2,1,0,2.5,-9.86
7.39,22.08,1,1,1,0,1.0,5.63
11.29,18.44,2,1,1,1,1.5,12.43
10.06,20.87,1,4,1,1,2.5,10.65
10.56,32.46,3,4,1,1,3.5,12.59
13.88,23.9,1,2,1,1,1.5,2.66
4.36,19.32,1,2,1,0,1.5,18.11
14.1,47.23,2,1,1,1,1.5,8.84
7.73,24.0,3,4,1,0,3.5,17.77
5.25,47.72,3,1,1,0,2.0,-3.72
7.41,43.03,2,1,1,0,1.5,-4.29
8.87,16.89,3,4,1,0,3.5,-0.9
9.9,25.04,3,2,1,0,2.5,-8.07
13.1,45.23,3,4,1,1,3.5,4.78
4.85,23.96,3,1,1,0,2.0,-1.21
5.57,32.63,3,1,1,0,2.0,2.77
11.81,38.87,2,4,1,1,3.0,6.75
13.76,39.13,1,2,1,1,1.5,17.31
10.24,17.62,3,4,1,1,3.5,4.84
5.64,46.91,3,1,1,0,2.0,-9.44
5.5,6.72,3,4,1,0,3.5,6.31
10.29,9.02,1,2,1,1,1.5,-0.66
11.83,27.92,3,4,1,1,3.5,11.63
4.48,31.69,2,2,1,0,2.0,-2.48
10.51,7.14,2,4,1,1,3.0,2.13
6.09,28.35,3,1,1,0,2.0,-7.72
5.68,48.24,3,4,1,0,3.5,1.18
9.26,16.08,2,1,1,0,1.5,9.59
3.46,31.43,1,2,1,0,1.5,-0.33
5.96,19.17,2,2,1,0,2.0,6.23
4.11,8.54,2,4,1,0,3.0,11.01
2.58,31.68,1,2,1,0,1.5,8.36
4.05,11.49,2,1,1,0,1.5,0.81
14.21,40.68,2,2,1,1,2.0,6.03
4.07,29.86,3,2,1,0,2.5,14.48
11.19,41.54,1,4,1,1,2.5,1.89
7.83,37.92,3,4,1,0,3.5,-0.48
6.15,6.76,3,4,1,0,3.5,15.07
4.22,48.63,1,1,1,0,1.0,-7.7
6.19,10.52,2,1,1,0,1.5,1.0
7.88,18.54,3,2,1,0,2.5,6.06
6.3,38.25,2,2,1,0,2.0,14.44
14.72,7.97,2,2,1,1,2.0,15.02
11.09,43.77,1,1,1,1,1.0,7.05
6.48,27.3,1,1,1,0,1.0,8.65
10.6,13.27,3,1,1,1,2.0,13.89
6.78,14.25,1,1,1,0,1.0,16.35
3.87,39.71,2,4,1,0,3.0,19.43
5.93,39.0,3,4,1,0,3.5,-9.26
2.13,25.17,3,4,1,0,3.5,15.28
2.34,9.66,2,1,1,0,1.5,-8.66
5.28,40.98,2,2,1,0,2.0,12.4
7.29,23.59,2,2,1,0,2.0,-4.1
6.56,25.91,1,2,1,0,1.5,-2.46
5.13,17.24,2,4,1,0,3.0,-0.89
8.81,26.12,3,4,1,0,3.5,-1.57
3.77,49.06,1,2,1,0,1.5,-2.53
4.17,34.88,1,4,1,0,2.5,18.72
7.93,13.91,3,4,1,0,3.5,9.37
10.79,23.99,3,4,1,1,3.5,-3.39
2.83,14.84,1,1,1,0,1.0,-7.97
10.16,6.74,3,4,1,1,3.5,6.36
8.25,27.46,2,1,1,0,1.5,5.17
11.25,43.69,1,4,1,1,2.5,-6.65
9.91,23.7,1,2,1,0,1.5,12.62
13.29,48.25,2,4,1,1,3.0,14.3
6.53,20.81,2,2,1,0,2.0,9.86
2.63,37.4,2,4,1,0,3.0,-5.12
10.56,39.88,1,2,1,1,1.5,3.08
8.45,23.53,2,1,1,0,1.5,-3.79
8.43,48.27,2,4,1,0,3.0,10.64
6.77,38.09,3,1,1,0,2.0,9.63
13.73,15.78,3,4,1,1,3.5,-6.63
9.97,32.41,1,1,1,0,1.0,-3.21
4.16,41.07,2,1,1,0,1.5,7.85
2.39,11.35,3,2,1,0,2.5,-3.84
2.88,15.18,1,1,1,0,1.0,16.33
9.96,42.33,1,2,1,0,1.5,0.9
4.21,31.14,1,4,1,0,2.5,12.36
8.78,41.39,2,1,1,0,1.5,19.37
6.05,42.35,2,1,1,0,1.5,-7.56
14.37,5.37,1,4,1,1,2.5,13.32
8.94,5.19,1,2,1,0,1.5,11.82
7.15,48.12,2,1,1,0,1.5,15.46
4.39,48.11,2,4,1,0,3.0,5.67
5.17,47.66,3,1,1,0,2.0,-6.91
13.78,24.21,1,4,1,1,2.5,14.59
4.83,11.88,1,4,1,0,2.5,2.64
9.94,38.36,2,4,1,0,3.0,11.96
5.42,18.5,2,1,1,0,1.5,-3.19
14.35,38.19,3,2,1,1,2.5,-3.83
6.67,41.61,2,4,1,0,3.0,13.0
6.4,48.78,2,2,1,0,2.0,-9.2
14.69,25.42,2,1,1,1,1.5,-3.7
4.12,26.31,3,1,1,0,2.0,6.65
5.72,44.51,3,4,1,0,3.5,3.8
13.69,37.06,3,2,1,1,2.5,15.22
4.91,41.44,2,2,1,0,2.0,12.76
6.42,44.41,1,4,1,0,2.5,-2.95
6.08,28.83,1,2,1,0,1.5,-9.47
2.69,39.29,1,2,1,0,1.5,-8.92
4.84,7.92,3,1,1,0,2.0,-8.92
2.48,38.26,3,2,1,0,2.5,12.81
4.53,46.84,2,2,1,0,2.0,-9.36
11.81,16.7,1,1,1,1,1.0,4.73
11.76,32.66,2,1,1,1,1.5,4.02
6.44,43.28,3,1,1,0,2.0,12.92
10.02,23.31,1,2,1,1,1.5,8.16
13.21,6.4,1,2,1,1,1.5,3.01
10.09,13.44,2,1,1,1,1.5,6.13
13.36,48.49,2,4,1,1,3.0,18.5
8.98,23.06,1,4,1,0,2.5,-3.53
9.69,28.41,2,2,1,0,2.0,3.01
14.25,36.34,1,2,1,1,1.5,11.19
5.56,46.08,3,2,1,0,2.5,14.11
13.8,12.12,2,1,1,1,1.5,-9.93
11.48,49.97,2,1,1,1,1.5,3.85
9.67,23.07,3,1,1,0,2.0,4.03
11.68,19.69,2,2,1,1,2.0,2.61
4.68,34.37,2,2,1,0,2.0,-1.53
5.9,13.37,3,1,1,0,2.0,8.41
8.8,12.07,2,4,1,0,3.0,-7.32
8.47,46.3,2,4,1,0,3.0,11.08
4.36,48.54,2,2,1,0,2.0,-3.64
9.57,20.28,2,1,1,0,1.5,16.43
12.02,27.52,2,4,1,1,3.0,5.08
5.9,27.95,3,2,1,0,2.5,-9.99
14.36,23.64,3,1,1,1,2.0,3.91
11.16,11.19,1,2,1,1,1.5,8.59
14.42,39.17,1,1,1,1,1.0,3.7
11.33,39.27,2,1,1,1,1.5,10.67
13.61,11.44,2,2,1,1,2.0,2.57
12.97,12.62,3,4,1,1,3.5,4.41
6.74,24.26,1,1,1,0,1.0,19.54
8.62,19.56,3,4,1,0,3.5,-3.78
6.76,14.0,2,2,1,0,2.0,14.71
11.22,30.49,2,1,1,1,1.5,9.87
13.68,15.92,1,1,1,1,1.0,-8.25
9.29,42.15,2,4,1,0,3.0,13.56
4.99,37.81,2,1,1,0,1.5,17.21
11.78,12.93,2,2,1,1,2.0,12.94
10.54,37.69,1,1,1,1,1.0,16.65
9.49,15.23,1,4,1,0,2.5,14.8
7.04,40.51,3,1,1,0,2.0,17.86
4.89,20.4,3,2,1,0,2.5,8.92
7.68,19.28,2,4,1,0,3.0,-5.25
4.78,16.06,3,4,1,0,3.5,5.93
9.06,45.57,1,1,1,0,1.0,3.26
6.15,33.16,3,2,1,0,2.5,-3.92
7.2,26.24,1,1,1,0,1.0,5.62
7.1,26.45,1,2,1,0,1.5,7.33
2.29,29.02,3,1,1,0,2.0,18.28
2.7,17.89,2,1,1,0,1.5,18.77
9.09,32.99,1,2,1,0,1.5,-6.28
4.5,23.04,3,2,1,0,2.5,5.72
12.53,16.24,2,1,1,1,1.5,-6.46
12.02,6.82,3,1,1,1,2.0,-9.03
3.46,32.45,3,4,1,0,3.5,-0.5
5.05,25.71,2,4,1,0,3.0,6.27
10.55,42.16,2,1,1,1,1.5,-1.9
14.66,35.6,2,1,1,1,1.5,18.82
14.27,40.4,2,2,1,1,2.0,-2.55
3.16,25.53,1,1,1,0,1.0,15.52
3.35,28.51,3,2,1,0,2.5,10.75
8.14,21.29,1,1,1,0,1.0,10.01
12.06,17.76,2,1,1,1,1.5,-4.8
11.84,5.8,1,1,1,1,1.0,-9.67
5.94,38.25,3,4,1,0,3.5,10.78
13.38,16.61,3,2,1,1,2.5,2.25
12.96,35.22,1,1,1,1,1.0,19.15
6.87,29.5,3,4,1,0,3.5,7.35
14.88,32.16,3,1,1,1,2.0,-1.48
7.85,33.11,3,1,1,0,2.0,19.99
8.72,40.6,1,1,1,0,1.0,18.12
11.8,21.96,1,4,1,1,2.5,6.59
7.58,46.55,2,4,1,0,3.0,5.95
13.33,7.59,2,2,1,1,2.0,4.3
12.23,7.39,3,1,1,1,2.0,1.72
13.54,40.77,1,1,1,1,1.0,-9.97
10.55,49.51,2,1,1,1,1.5,10.91
11.22,16.02,3,4,1,1,3.5,2.81
4.24,42.35,2,1,1,0,1.5,10.66
7.94,47.68,1,4,1,0,2.5,15.55
5.05,23.36,1,2,1,0,1.5,9.83
12.81,27.69,1,1,1,1,1.0,-7.59
8.8,6.32,2,4,1,0,3.0,18.35
12.75,38.27,2,2,1,1,2.0,8.15
5.42,13.41,2,4,1,0,3.0,15.8
14.58,28.62,3,4,1,1,3.5,12.11
11.47,14.37,3,1,1,1,2.0,-6.44
2.17,32.17,3,4,1,0,3.5,11.51
2.74,30.54,3,1,1,0,2.0,6.04
13.3,45.07,3,2,1,1,2.5,1.37
2.77,31.0,3,4,1,0,3.5,17.08
5.9,37.95,3,4,1,0,3.5,0.84
14.64,16.7,2,2,1,1,2.0,1.63
9.76,18.96,2,2,1,0,2.0,-4.57
11.74,25.09,1,1,1,1,1.0,18.66
5.57,35.62,2,2,1,0,2.0,1.1
3.13,9.94,1,2,1,0,1.5,-3.22
13.22,6.21,1,1,1,1,1.0,-5.86
6.33,29.91,2,4,1,0,3.0,11.33
9.81,39.82,1,4,1,0,2.5,5.88
13.48,48.31,3,1,1,1,2.0,16.21
11.98,27.58,3,1,1,1,2.0,13.14
6.88,29.53,3,2,1,0,2.5,19.28
5.62,21.22,1,1,1,0,1.0,13.22
11.34,10.05,3,2,1,1,2.5,15.63
14.73,49.71,2,2,1,1,2.0,-2.08
5.59,30.62,2,4,1,0,3.0,-4.98
13.62,23.14,2,1,1,1,1.5,-8.65
10.54,31.01,3,1,1,1,2.0,7.91
9.97,22.74,1,2,1,0,1.5,2.94
11.45,7.02,1,1,1,1,1.0,8.29
13.79,18.58,3,4,1,1,3.5,5.12
12.07,20.05,3,1,1,1,2.0,9.76
14.71,35.31,3,4,1,1,3.5,-1.79
14.51,8.56,1,4,1,1,2.5,-7.83
13.5,10.15,3,4,1,1,3.5,-6.99
12.82,17.6,1,1,1,1,1.0,1.49
7.75,20.99,1,2,1,0,1.5,13.47
4.95,39.71,1,4,1,0,2.5,-7.61
8.05,19.45,3,4,1,0,3.5,17.96
13.61,27.37,2,2,1,1,2.0,7.16
13.87,49.37,3,2,1,1,2.5,19.81
3.41,39.43,3,4,1,0,3.5,17.5
9.96,34.63,2,2,1,0,2.0,13.67
10.79,29.68,1,1,1,1,1.0,11.59
4.9,21.61,2,1,1,0,1.5,12.68
11.79,15.27,2,1,1,1,1.5,2.76
9.5,13.9,3,2,1,0,2.5,8.84
10.4,14.13,2,1,1,1,1.5,9.48
8.95,41.9,3,4,1,0,3.5,13.36
5.44,9.41,1,2,1,0,1.5,0.61
6.81,12.14,2,1,1,0,1.5,16.91
12.47,32.4,3,4,1,1,3.5,-8.45
5.75,5.02,2,1,1,0,1.5,11.99
11.81,43.36,3,1,1,1,2.0,7.59
9.59,42.06,3,4,1,0,3.5,-2.18
4.31,14.65,1,4,1,0,2.5,5.02
11.11,34.02,3,2,1,1,2.5,-9.59
3.46,45.43,1,1,1,0,1.0,-7.9
8.82,38.58,2,2,1,0,2.0,6.16
11.36,46.99,3,2,1,1,2.5,2.37
2.18,28.92,1,1,1,0,1.0,19.47
13.56,36.75,1,4,1,1,2.5,4.97
5.39,22.99,2,1,1,0,1.5,12.14
9.13,19.59,2,4,1,0,3.0,-8.09
9.85,48.64,2,2,1,0,2.0,8.99
4.03,32.55,2,1,1,0,1.5,14.84
2.22,35.08,2,4,1,0,3.0,12.54
10.51,47.29,2,4,1,1,3.0,-0.84
6.73,16.12,2,4,1,0,3.0,13.37
6.83,24.62,1,4,1,0,2.5,4.19
11.73,35.02,3,4,1,1,3.5,3.53
8.57,49.46,3,4,1,0,3.5,6.82
7.98,15.84,3,2,1,0,2.5,19.13
2.73,6.69,3,4,1,0,3.5,0.48
10.31,22.46,2,2,1,1,2.0,6.14
13.68,47.25,2,2,1,1,2.0,-3.83
10.49,20.3,2,4,1,1,3.0,-9.2
7.84,44.47,2,4,1,0,3.0,4.75
8.55,6.69,3,4,1,0,3.5,7.95
12.54,31.17,2,4,1,1,3.0,19.5
14.85,36.67,2,2,1,1,2.0,15.14
2.26,11.29,2,1,1,0,1.5,-8.23
5.61,26.78,2,1,1,0,1.5,10.46
8.36,43.63,1,4,1,0,2.5,4.64
2.34,41.32,1,1,1,0,1.0,9.74
8.92,19.68,3,2,1,0,2.5,17.18
14.49,49.09,3,1,1,1,2.0,2.52
13.09,29.74,2,4,1,1,3.0,17.75
11.13,14.51,1,4,1,1,2.5,-9.74
11.87,48.25,3,4,1,1,3.5,-8.18
10.67,14.7,1,4,1,1,2.5,0.23
14.65,25.15,3,1,1,1,2.0,18.67
4.31,49.47,1,2,1,0,1.5,-5.97
8.91,25.92,1,1,1,0,1.0,8.23
4.87,44.39,3,1,1,0,2.0,17.78
12.9,31.85,2,4,1,1,3.0,11.62
3.4,44.76,2,1,1,0,1.5,-4.33
8.48,24.12,1,4,1,0,2.5,15.95
3.31,40.25,2,2,1,0,2.0,8.33
10.04,40.61,2,1,1,1,1.5,11.12
13.51,14.93,3,1,1,1,2.0,11.28
9.75,36.5,2,2,1,0,2.0,-8.59
3.35,5.18,2,1,1,0,1.5,1.33
4.95,18.91,1,4,1,0,2.5,14.68
10.44,30.27,2,1,1,1,1.5,0.26
12.18,38.52,3,4,1,1,3.5,7.84
11.79,10.54,3,1,1,1,2.0,-5.56
8.98,21.43,3,2,1,0,2.5,4.48
6.15,15.08,2,4,1,0,3.0,11.71
5.21,41.64,1,4,1,0,2.5,8.18
9.3,29.78,2,2,1,0,2.0,12.08
7.84,27.0,1,4,1,0,2.5,2.0
5.89,7.5,3,4,1,0,3.5,18.39
9.21,40.73,1,4,1,0,2.5,4.99
9.63,29.16,2,1,1,0,1.5,3.09
14.71,18.48,3,2,1,1,2.5,-0.02
10.85,41.94,3,4,1,1,3.5,14.0
6.78,45.38,2,1,1,0,1.5,9.96
3.09,8.97,1,4,1,0,2.5,14.55
12.45,43.04,2,4,1,1,3.0,17.64
10.19,40.78,3,4,1,1,3.5,13.38
10.69,25.49,1,2,1,1,1.5,9.8
9.34,42.08,3,1,1,0,2.0,-1.14
8.34,20.48,1,1,1,0,1.0,19.55
2.1,11.96,1,2,1,0,1.5,-1.4
10.83,8.57,3,2,1,1,2.5,-3.44
3.81,20.4,3,2,1,0,2.5,5.21
10.12,22.04,2,1,1,1,1.5,7.73
8.17,26.48,2,4,1,0,3.0,5.1
8.14,10.59,2,1,1,0,1.5,-2.89
2.03,10.98,1,4,1,0,2.5,18.76
3.39,27.66,1,1,1,0,1.0,-5.76
14.63,27.87,2,4,1,1,3.0,-0.89
9.8,8.26,1,2,1,0,1.5,18.2
3.25,38.23,2,2,1,0,2.0,3.58
14.08,28.78,3,4,1,1,3.5,-3.68
13.78,45.33,2,4,1,1,3.0,8.1
9.0,8.63,3,1,1,0,2.0,-9.1
12.12,32.94,3,2,1,1,2.5,15.12
12.69,33.28,3,4,1,1,3.5,5.42
12.95,14.82,3,2,1,1,2.5,4.74
10.76,17.98,2,1,1,1,1.5,12.34
9.18,41.53,3,4,1,0,3.5,-9.31
10.72,14.44,1,2,1,1,1.5,13.81
9.36,43.7,1,2,1,0,1.5,4.48
13.1,37.81,1,4,1,1,2.5,15.05
13.8,31.69,1,4,1,1,2.5,-1.4
13.53,45.92,3,4,1,1,3.5,6.78
6.25,26.24,1,2,1,0,1.5,17.98
14.08,47.64,1,1,1,1,1.0,-2.48
7.3,12.08,1,4,1,0,2.5,7.89
3.31,11.08,1,2,1,0,1.5,9.83
7.28,10.55,2,4,1,0,3.0,3.21
5.72,45.65,2,4,1,0,3.0,15.6
12.76,12.25,3,4,1,1,3.5,0.53
8.38,29.29,3,2,1,0,2.5,8.44
5.46,44.63,3,2,1,0,2.5,10.34
11.64,40.54,2,2,1,1,2.0,6.07
10.39,38.91,2,4,1,1,3.0,8.63
8.38,19.91,3,1,1,0,2.0,6.54
6.11,16.84,2,1,1,0,1.5,-2.42
9.61,23.93,3,4,1,0,3.5,5.92
3.72,26.62,3,2,1,0,2.5,8.68
11.82,15.28,1,2,1,1,1.5,-5.22
9.96,28.94,3,2,1,0,2.5,13.19
12.4,11.27,3,1,1,1,2.0,-8.74
11.56,31.55,2,4,1,1,3.0,7.23
6.02,34.0,2,1,1,0,1.5,-1.47
12.51,40.95,1,4,1,1,2.5,10.9
4.73,16.72,1,2,1,0,1.5,3.03
9.72,38.62,2,2,1,0,2.0,11.41
10.61,37.25,3,4,1,1,3.5,2.34
13.72,49.38,3,1,1,1,2.0,11.51
8.34,28.91,1,1,1,0,1.0,-9.4
8.03,36.54,1,2,1,0,1.5,-4.55
14.21,20.17,3,1,1,1,2.0,-6.63
9.74,11.53,2,1,1,0,1.5,11.09
4.27,33.99,3,1,1,0,2.0,15.17
12.75,23.19,1,2,1,1,1.5,9.14
3.39,42.18,3,1,1,0,2.0,15.57
11.05,38.22,2,4,1,1,3.0,12.47
9.99,39.31,1,1,1,0,1.0,12.05
7.28,27.72,1,2,1,0,1.5,8.03
7.47,45.55,2,1,1,0,1.5,-4.11
6.81,30.46,1,1,1,0,1.0,17.39
7.65,9.84,1,4,1,0,2.5,2.24
4.61,47.95,2,1,1,0,1.5,-8.25
3.57,49.63,3,1,1,0,2.0,4.25
11.62,21.66,3,2,1,1,2.5,-5.21
2.87,24.98,2,1,1,0,1.5,9.61
9.22,31.07,2,1,1,0,1.5,12.65
2.82,40.69,1,4,1,0,2.5,16.25
8.58,22.38,2,1,1,0,1.5,4.0
8.45,32.2,3,4,1,0,3.5,-8.62
10.11,39.81,2,1,1,1,1.5,-8.63
8.27,20.23,1,2,1,0,1.5,6.04
14.61,33.11,3,2,1,1,2.5,5.77
7.64,9.57,3,2,1,0,2.5,8.47
4.31,17.88,1,4,1,0,2.5,-7.72
13.41,29.39,3,4,1,1,3.5,14.55
7.67,12.19,1,2,1,0,1.5,9.25
12.8,11.13,3,2,1,1,2.5,-2.18
6.6,6.71,2,4,1,0,3.0,10.47
14.83,44.13,2,1,1,1,1.5,10.19
7.71,14.37,1,4,1,0,2.5,0.3
7.14,12.78,1,2,1,0,1.5,-6.76
14.04,18.14,1,1,1,1,1.0,-5.56
7.61,9.19,2,1,1,0,1.5,-9.98
13.53,47.81,1,4,1,1,2.5,-8.95
12.76,36.26,1,1,1,1,1.0,2.06
4.72,13.82,1,4,1,0,2.5,10.6
6.47,20.08,3,2,1,0,2.5,2.4
4.5,28.44,3,2,1,0,2.5,3.03
14.57,10.84,2,1,1,1,1.5,3.92
2.99,24.35,1,4,1,0,2.5,12.38
11.34,40.13,1,4,1,1,2.5,15.55
12.77,10.73,2,4,1,1,3.0,17.9
2.53,47.66,2,1,1,0,1.5,15.2
9.37,35.56,3,4,1,0,3.5,6.69
14.3,49.57,2,1,1,1,1.5,11.22
3.34,47.52,3,4,1,0,3.5,14.04
11.12,28.06,3,2,1,1,2.5,6.07
4.12,39.43,3,4,1,0,3.5,4.58
2.55,10.87,1,1,1,0,1.0,4.08
3.25,5.23,1,1,1,0,1.0,-1.02
13.53,32.08,1,2,1,1,1.5,3.27
6.29,31.7,2,1,1,0,1.5,-1.94
2.45,7.77,3,1,1,0,2.0,4.39
8.98,9.86,3,4,1,0,3.5,-7.47
8.23,19.81,3,2,1,0,2.5,-6.96
8.68,18.53,1,2,1,0,1.5,6.06
4.43,7.03,3,1,1,0,2.0,1.49
7.0,11.68,2,1,1,0,1.5,4.09
6.34,10.8,1,1,1,0,1.0,2.46
13.58,43.83,3,1,1,1,2.0,-9.12
3.97,5.21,1,4,1,0,2.5,-1.26
7.85,45.51,1,1,1,0,1.0,12.3
11.1,31.12,1,2,1,1,1.5,12.64
13.8,26.13,3,2,1,1,2.5,4.69
7.32,46.07,3,2,1,0,2.5,12.0
13.26,29.78,3,2,1,1,2.5,-5.93
8.74,11.9,1,2,1,0,1.5,11.37
7.19,33.0,2,4,1,0,3.0,5.76
11.99,47.48,1,2,1,1,1.5,3.65
2.31,39.16,2,2,1,0,2.0,18.55
9.34,39.91,1,2,1,0,1.5,9.52
14.68,29.33,2,2,1,1,2.0,-8.26
8.59,6.42,2,4,1,0,3.0,7.89
11.59,42.21,2,2,1,1,2.0,-8.65
6.93,45.73,3,2,1,0,2.5,2.4
9.54,36.48,1,1,1,0,1.0,6.48
3.3,22.58,3,1,1,0,2.0,-1.5
8.07,26.69,3,4,1,0,3.5,16.09
6.42,26.31,2,2,1,0,2.0,16.1
7.41,26.58,2,4,1,0,3.0,7.1
7.86,42.6,3,2,1,0,2.5,-2.43
7.85,34.87,1,4,1,0,2.5,7.54
7.04,15.25,2,4,1,0,3.0,-8.29
14.43,26.94,3,2,1,1,2.5,10.5
10.01,40.0,3,4,1,1,3.5,-6.47
5.57,42.79,1,2,1,0,1.5,-3.39
14.79,31.1,2,4,1,1,3.0,2.79
13.73,10.04,2,2,1,1,2.0,-2.84
7.92,24.53,3,2,1,0,2.5,16.98
9.81,41.85,2,2,1,0,2.0,6.05
10.31,49.11,3,1,1,1,2.0,-7.02
10.0,38.03,2,1,1,0,1.5,18.5
8.56,35.68,1,4,1,0,2.5,3.77
13.58,27.0,2,4,1,1,3.0,7.31
12.25,38.33,2,2,1,1,2.0,15.28
12.22,44.61,1,4,1,1,2.5,-4.27
12.96,39.43,2,2,1,1,2.0,-9.05
6.87,11.39,3,2,1,0,2.5,19.32
2.67,17.29,1,4,1,0,2.5,14.41
3.27,26.64,3,2,1,0,2.5,15.77
13.69,29.41,2,4,1,1,3.0,-1.52
11.39,42.55,2,2,1,1,2.0,1.27
3.45,38.57,2,4,1,0,3.0,-6.62
11.08,20.03,1,2,1,1,1.5,12.76
11.56,29.98,1,2,1,1,1.5,14.11
6.48,34.38,1,4,1,0,2.5,-0.53
6.15,10.56,2,1,1,0,1.5,13.57
5.71,15.76,1,1,1,0,1.0,10.58
11.66,28.61,3,2,1,1,2.5,17.98
12.58,21.7,1,1,1,1,1.0,-4.12
8.54,15.13,1,2,1,0,1.5,0.4
8.01,47.45,3,1,1,0,2.0,-9.94
11.78,9.88,2,4,1,1,3.0,10.92
7.18,47.46,3,4,1,0,3.5,11.16
14.48,42.75,3,1,1,1,2.0,-8.89
3.36,48.65,1,2,1,0,1.5,8.74
5.44,9.72,3,1,1,0,2.0,4.23
6.89,32.9,2,1,1,0,1.5,17.18
12.17,13.22,1,4,1,1,2.5,-6.07
14.08,16.84,1,2,1,1,1.5,6.55
3.63,47.09,3,1,1,0,2.0,5.08
4.24,25.33,1,1,1,0,1.0,5.09
4.05,49.16,3,1,1,0,2.0,14.14
7.38,8.41,1,2,1,0,1.5,18.56
10.02,27.93,3,4,1,1,3.5,14.76
3.45,39.71,3,4,1,0,3.5,-0.83
3.76,31.03,1,2,1,0,1.5,17.16
10.01,49.62,2,2,1,1,2.0,-6.55
11.27,21.54,1,2,1,1,1.5,1.28
4.13,36.95,1,2,1,0,1.5,14.28
12.95,7.9,1,1,1,1,1.0,-4.27
7.13,41.3,3,1,1,0,2.0,0.34
7.47,45.53,1,4,1,0,2.5,3.8
3.01,21.1,2,2,1,0,2.0,12.36
6.1,23.41,3,1,1,0,2.0,16.92
14.02,17.76,2,1,1,1,1.5,13.74
13.74,6.01,2,2,1,1,2.0,13.06
5.21,21.6,3,2,1,0,2.5,-6.58
14.34,35.18,3,4,1,1,3.5,12.65
7.88,46.76,1,2,1,0,1.5,6.5
12.78,33.96,3,2,1,1,2.5,0.82
7.14,48.68,1,4,1,0,2.5,18.83
9.07,11.53,3,1,1,0,2.0,-5.08
10.06,38.84,1,4,1,1,2.5,9.28
5.24,10.67,2,2,1,0,2.0,-1.87
8.67,38.93,1,4,1,0,2.5,15.08
3.86,31.63,3,4,1,0,3.5,0.03
5.66,27.78,3,2,1,0,2.5,-2.65
7.11,39.76,3,2,1,0,2.5,13.07
4.23,30.55,2,4,1,0,3.0,15.57
7.48,26.78,3,2,1,0,2.5,15.04
8.17,17.35,3,2,1,0,2.5,17.16
14.01,24.87,2,4,1,1,3.0,6.26
4.87,7.42,2,2,1,0,2.0,13.79
14.78,48.16,1,1,1,1,1.0,-3.57
8.06,5.99,1,2,1,0,1.5,-8.98
2.38,20.41,2,1,1,0,1.5,6.71
11.18,28.04,1,1,1,1,1.0,9.63
3.8,18.25,1,1,1,0,1.0,6.94
8.42,45.84,1,4,1,0,2.5,-4.38
9.84,16.68,1,2,1,0,1.5,-4.57
3.15,22.74,1,2,1,0,1.5,9.61
5.01,6.43,3,1,1,0,2.0,13.82
5.39,46.81,1,2,1,0,1.5,6.84
11.92,21.81,2,4,1,1,3.0,1.66
13.08,34.12,1,4,1,1,2.5,15.49
8.16,21.44,2,4,1,0,3.0,11.68
4.38,49.83,3,2,1,0,2.5,15.21
7.59,30.52,2,1,1,0,1.5,-1.0
12.19,12.56,2,2,1,1,2.0,8.11
14.43,15.39,2,1,1,1,1.5,3.87
4.53,15.9,3,4,1,0,3.5,4.06
5.28,25.1,2,1,1,0,1.5,-8.61
9.83,37.54,3,4,1,0,3.5,17.49
4.61,27.92,3,1,1,0,2.0,0.41
13.94,41.26,1,4,1,1,2.5,-9.07
12.79,18.73,1,1,1,1,1.0,-4.53
6.88,30.92,3,2,1,0,2.5,-0.67
13.64,44.37,2,1,1,1,1.5,-0.11
11.2,19.0,1,4,1,1,2.5,-7.31
12.33,44.02,1,2,1,1,1.5,4.26
14.06,24.62,3,2,1,1,2.5,7.62
5.5,22.37,3,2,1,0,2.5,12.87
13.26,10.13,3,2,1,1,2.5,7.9
6.46,32.67,1,4,1,0,2.5,-3.44
9.22,12.1,1,1,1,0,1.0,1.18
12.69,9.41,1,2,1,1,1.5,-6.95
5.68,36.9,2,2,1,0,2.0,-4.64
4.29,38.1,2,4,1,0,3.0,5.83
8.71,38.46,2,1,1,0,1.5,17.2
7.14,7.52,3,1,1,0,2.0,10.21
13.4,19.52,2,1,1,1,1.5,7.32
3.76,23.87,2,4,1,0,3.0,2.37
6.39,49.31,3,1,1,0,2.0,6.53
2.85,28.42,1,4,1,0,2.5,14.12
4.16,23.21,1,4,1,0,2.5,-5.12
4.1,20.2,3,2,1,0,2.5,-4.6
8.45,24.49,1,1,1,0,1.0,17.54
8.07,47.57,1,2,1,0,1.5,-9.61
11.31,25.0,1,2,1,1,1.5,-8.82
8.25,28.74,3,1,1,0,2.0,8.94
11.28,32.56,1,2,1,1,1.5,4.65
6.57,15.97,1,2,1,0,1.5,-6.22
3.32,43.79,3,2,1,0,2.5,14.86
9.87,16.16,3,2,1,0,2.5,12.28
11.47,19.86,1,4,1,1,2.5,-7.86
5.11,25.43,1,1,1,0,1.0,7.78
6.08,16.18,2,4,1,0,3.0,15.49
9.93,13.72,2,2,1,0,2.0,-4.13
8.71,15.03,1,2,1,0,1.5,12.27
7.45,34.42,1,1,1,0,1.0,-5.69
3.89,47.15,1,1,1,0,1.0,-5.24
13.84,31.12,2,1,1,1,1.5,17.82
8.38,29.91,2,1,1,0,1.5,-7.6
13.97,46.23,3,4,1,1,3.5,18.29
5.42,14.74,1,1,1,0,1.0,6.94
4.67,42.47,2,4,1,0,3.0,5.64
14.23,39.75,2,1,1,1,1.5,8.74
10.22,35.67,1,1,1,1,1.0,-9.33
8.84,48.79,1,2,1,0,1.5,-4.4
13.85,33.02,3,4,1,1,3.5,-5.51
3.42,48.26,3,4,1,0,3.5,13.4
11.12,6.41,3,2,1,1,2.5,1.79
2.88,41.9,3,1,1,0,2.0,2.5
11.23,5.43,3,1,1,1,2.0,9.93
10.19,45.25,2,1,1,1,1.5,-2.3
7.31,35.84,2,2,1,0,2.0,14.88
10.19,15.7,3,4,1,1,3.5,12.15
5.92,27.33,2,2,1,0,2.0,-0.37
4.35,35.12,3,2,1,0,2.5,8.66
12.3,31.59,1,1,1,1,1.0,10.44
3.23,45.12,1,4,1,0,2.5,-9.24
6.19,46.56,1,1,1,0,1.0,9.08
11.29,46.19,2,2,1,1,2.0,-6.79
2.29,12.25,3,4,1,0,3.5,-1.67
3.71,27.02,1,2,1,0,1.5,-2.63
5.21,40.92,3,1,1,0,2.0,6.88
4.69,25.68,2,2,1,0,2.0,8.97
11.92,30.32,1,2,1,1,1.5,-5.65
3.94,10.65,1,2,1,0,1.5,3.66
3.47,26.23,1,2,1,0,1.5,-2.49
10.81,22.73,1,2,1,1,1.5,-0.84
4.38,49.8,3,4,1,0,3.5,-9.47
7.03,32.04,2,2,1,0,2.0,13.66
9.71,35.46,1,4,1,0,2.5,16.0
12.55,39.31,3,2,1,1,2.5,7.63
14.48,32.37,1,2,1,1,1.5,12.28
4.91,27.86,1,1,1,0,1.0,7.02
10.29,19.31,3,2,1,1,2.5,-1.25
7.23,7.8,2,4,1,0,3.0,6.76
9.55,8.09,2,1,1,0,1.5,7.82
6.48,23.66,3,2,1,0,2.5,-7.53
8.81,21.58,1,2,1,0,1.5,18.41
3.85,36.1,3,4,1,0,3.5,-8.07
8.94,31.07,3,4,1,0,3.5,7.68
3.31,40.22,3,2,1,0,2.5,-4.79
14.64,28.04,1,1,1,1,1.0,-4.05
3.46,30.65,3,4,1,0,3.5,17.01
13.4,19.15,3,1,1,1,2.0,11.43
7.92,37.68,1,2,1,0,1.5,9.66
3.42,20.99,2,1,1,0,1.5,9.73
10.8,18.31,3,2,1,1,2.5,10.56
10.15,34.82,2,4,1,1,3.0,16.99
2.18,28.07,2,2,1,0,2.0,5.65
10.27,22.96,3,2,1,1,2.5,9.92
11.31,26.46,3,1,1,1,2.0,11.79
8.64,44.63,1,2,1,0,1.5,2.04
3.19,24.26,2,2,1,0,2.0,4.29
8.31,29.46,3,1,1,0,2.0,9.28
11.49,28.78,3,1,1,1,2.0,9.39
14.14,28.13,3,1,1,1,2.0,15.32
14.04,30.63,3,2,1,1,2.5,3.09
13.3,10.6,2,1,1,1,1.5,-2.38
2.49,9.77,2,1,1,0,1.5,-5.85
10.36,25.95,3,4,1,1,3.5,16.71
7.82,35.92,2,4,1,0,3.0,15.57
12.41,18.95,3,2,1,1,2.5,-3.07
10.34,39.75,1,4,1,1,2.5,-8.32
14.88,25.38,3,2,1,1,2.5,15.41
3.2,17.81,2,4,1,0,3.0,17.0
11.42,27.99,1,4,1,1,2.5,-4.46
2.32,11.7,2,1,1,0,1.5,-3.82
13.34,10.7,1,4,1,1,2.5,15.19
14.45,45.77,2,1,1,1,1.5,-8.26
10.73,13.66,2,1,1,1,1.5,-9.8
9.95,48.31,1,2,1,0,1.5,2.99
11.02,19.87,1,4,1,1,2.5,-0.05
10.32,40.84,3,2,1,1,2.5,-0.12
11.84,23.35,1,4,1,1,2.5,-5.4
13.19,33.53,2,1,1,1,1.5,-0.33
6.0,22.35,2,1,1,0,1.5,0.49
11.98,8.95,2,1,1,1,1.5,5.64
6.21,42.6,3,4,1,0,3.5,4.71
12.98,46.47,2,1,1,1,1.5,-9.33
7.22,49.69,3,4,1,0,3.5,-8.56
11.28,10.6,1,4,1,1,2.5,5.52
10.07,26.32,3,1,1,1,2.0,-5.75
9.36,13.74,3,1,1,0,2.0,-0.91
9.92,14.11,3,4,1,0,3.5,-1.48
14.44,31.34,3,4,1,1,3.5,11.4
2.5,41.57,2,4,1,0,3.0,-8.51
2.13,22.0,1,1,1,0,1.0,-4.76
6.62,21.58,3,1,1,0,2.0,3.61
4.96,46.61,2,4,1,0,3.0,2.63
7.76,38.84,1,4,1,0,2.5,-3.08
14.06,31.06,1,2,1,1,1.5,-1.64
11.03,22.84,2,1,1,1,1.5,2.43
13.66,12.38,3,4,1,1,3.5,-6.82
5.32,43.23,3,1,1,0,2.0,-5.3
13.86,6.74,1,4,1,1,2.5,19.78
2.53,24.21,1,1,1,0,1.0,-0.9
4.15,18.24,3,2,1,0,2.5,-2.44
4.53,12.32,3,4,1,0,3.5,6.47
7.8,42.79,2,1,1,0,1.5,19.41
4.74,22.66,2,2,1,0,2.0,15.73
6.68,33.68,2,2,1,0,2.0,6.05
9.92,13.41,3,4,1,0,3.5,-7.57
3.08,13.61,3,2,1,0,2.5,8.33
12.16,16.87,2,1,1,1,1.5,15.57
9.95,22.37,3,4,1,0,3.5,7.28
14.57,12.76,2,2,1,1,2.0,12.13
4.13,29.74,1,4,1,0,2.5,-5.66
4.19,7.39,1,2,1,0,1.5,-4.98
14.91,35.79,1,4,1,1,2.5,-3.52
12.62,7.64,2,4,1,1,3.0,-3.78
12.27,9.92,2,2,1,1,2.0,18.18
14.2,8.37,3,1,1,1,2.0,-9.16
6.43,39.56,1,2,1,0,1.5,1.01
2.03,8.62,3,2,1,0,2.5,3.63
5.07,45.57,2,1,1,0,1.5,14.81
4.79,32.65,1,2,1,0,1.5,10.95
5.4,36.15,1,1,1,0,1.0,8.22
7.46,27.63,1,2,1,0,1.5,0.45
12.82,22.68,3,1,1,1,2.0,11.35
5.1,5.78,1,1,1,0,1.0,9.8
3.1,47.96,2,2,1,0,2.0,-6.09
5.17,33.57,2,4,1,0,3.0,4.95
10.75,41.89,2,1,1,1,1.5,14.15
7.52,13.82,3,1,1,0,2.0,6.12
7.88,8.19,3,2,1,0,2.5,15.77
5.95,7.26,2,2,1,0,2.0,0.92
14.66,5.35,1,2,1,1,1.5,-1.29
10.08,46.59,1,1,1,1,1.0,-5.79
8.83,10.54,1,1,1,0,1.0,13.72
6.26,18.0,1,4,1,0,2.5,11.41
9.27,15.01,3,4,1,0,3.5,-6.59
12.72,17.75,1,1,1,1,1.0,-2.95
12.6,27.19,2,1,1,1,1.5,14.7
4.75,23.67,2,1,1,0,1.5,13.68
5.74,41.39,3,2,1,0,2.5,12.49
14.19,30.39,2,2,1,1,2.0,16.97
8.77,13.86,1,2,1,0,1.5,18.51
10.43,9.91,3,2,1,1,2.5,15.65
14.58,40.8,3,4,1,1,3.5,8.42
10.3,41.66,1,2,1,1,1.5,0.87
8.0,23.88,1,4,1,0,2.5,18.96
9.9,42.38,3,4,1,0,3.5,15.72
8.51,49.75,3,4,1,0,3.5,16.37
6.63,12.73,3,2,1,0,2.5,7.33
7.76,13.46,2,4,1,0,3.0,19.31
13.75,47.92,2,4,1,1,3.0,17.49
5.23,41.67,2,2,1,0,2.0,-2.08
10.9,7.78,2,4,1,1,3.0,-0.41
9.11,18.29,1,2,1,0,1.5,16.54
8.63,26.7,1,2,1,0,1.5,-4.84
7.96,35.41,3,4,1,0,3.5,-1.27
10.11,29.6,1,4,1,1,2.5,-0.37
12.16,8.68,3,1,1,1,2.0,3.06
14.86,9.16,2,1,1,1,1.5,15.73
6.23,37.52,3,2,1,0,2.5,-2.74
2.17,42.41,3,4,1,0,3.5,5.2
7.0,31.74,3,1,1,0,2.0,7.32
12.33,24.39,2,2,1,1,2.0,15.64
6.27,33.45,1,2,1,0,1.5,-5.48
2.05,13.03,1,1,1,0,1.0,0.67
14.71,35.8,2,4,1,1,3.0,0.92
9.66,42.97,3,1,1,0,2.0,2.56
9.74,30.54,3,4,1,0,3.5,1.56
10.48,49.61,2,1,1,1,1.5,-5.45
5.2,31.89,3,4,1,0,3.5,14.44
9.61,48.97,2,1,1,0,1.5,16.67
4.94,47.88,1,4,1,0,2.5,16.83
9.62,45.51,2,2,1,0,2.0,19.97
10.5,32.04,2,2,1,1,2.0,13.79
12.13,43.06,3,1,1,1,2.0,-7.28
5.09,9.06,2,2,1,0,2.0,8.17
10.18,36.65,3,1,1,1,2.0,-1.92
9.76,46.8,1,1,1,0,1.0,3.35
9.69,42.08,1,4,1,0,2.5,-5.28
12.73,44.8,3,2,1,1,2.5,15.14
5.3,12.21,1,4,1,0,2.5,1.63
7.18,25.83,2,4,1,0,3.0,-9.81
14.0,40.91,2,2,1,1,2.0,2.49
13.94,23.62,2,1,1,1,1.5,10.63
6.28,24.91,3,4,1,0,3.5,2.87
2.29,18.33,3,4,1,0,3.5,-6.74
5.87,43.55,1,2,1,0,1.5,12.84
9.7,35.43,3,4,1,0,3.5,7.11
13.47,35.96,2,2,1,1,2.0,18.86
4.65,41.1,3,1,1,0,2.0,-8.94
3.9,16.25,3,1,1,0,2.0,-6.12
9.57,23.24,2,2,1,0,2.0,-8.43
6.96,45.41,2,1,1,0,1.5,8.77
13.37,15.12,3,2,1,1,2.5,10.23
3.41,40.88,1,4,1,0,2.5,-9.23
2.49,49.61,2,1,1,0,1.5,9.25
6.17,20.48,3,1,1,0,2.0,17.81
8.21,9.43,2,4,1,0,3.0,3.35
12.32,13.54,3,1,1,1,2.0,19.27
7.88,43.21,3,1,1,0,2.0,10.26
2.57,31.75,1,1,1,0,1.0,4.9
6.36,29.96,1,2,1,0,1.5,4.89
13.65,37.76,2,1,1,1,1.5,-3.89
14.17,29.45,2,4,1,1,3.0,6.48
7.0,18.65,1,2,1,0,1.5,-2.64
2.08,17.58,3,4,1,0,3.5,15.34
12.58,34.36,1,1,1,1,1.0,-1.31
14.9,49.33,2,2,1,1,2.0,-0.56
14.42,24.14,1,2,1,1,1.5,1.54
3.72,6.28,3,1,1,0,2.0,8.09
14.9,32.38,2,4,1,1,3.0,-9.78
4.62,44.89,1,1,1,0,1.0,14.99
14.67,12.17,2,2,1,1,2.0,-4.41
11.94,33.78,3,1,1,1,2.0,12.04
8.57,11.65,1,4,1,0,2.5,-9.41
10.7,31.63,1,1,1,1,1.0,-0.22
8.89,24.18,1,4,1,0,2.5,8.85
6.99,6.28,1,4,1,0,2.5,11.03
2.07,14.47,2,1,1,0,1.5,19.61
14.29,5.32,2,1,1,1,1.5,6.23
2.66,43.16,3,4,1,0,3.5,-3.74
9.07,26.53,1,4,1,0,2.5,17.55
8.17,14.6,1,4,1,0,2.5,5.21
13.57,47.9,1,4,1,1,2.5,-6.67
12.67,47.73,2,2,1,1,2.0,-6.15
4.11,47.73,2,4,1,0,3.0,4.59
2.03,21.23,1,4,1,0,2.5,9.19
7.96,33.19,1,2,1,0,1.5,-9.37
5.5,13.36,3,4,1,0,3.5,4.84
4.12,20.81,3,2,1,0,2.5,6.27
6.93,18.78,3,1,1,0,2.0,13.64
13.24,21.75,1,4,1,1,2.5,4.95
3.36,15.68,3,2,1,0,2.5,0.13
3.68,9.89,2,2,1,0,2.0,6.45
8.01,36.44,2,4,1,0,3.0,-9.59
6.87,29.18,1,1,1,0,1.0,4.42
4.02,29.89,2,2,1,0,2.0,6.79
12.15,36.67,1,2,1,1,1.5,14.57
7.16,25.47,1,1,1,0,1.0,9.67
11.87,39.75,1,2,1,1,1.5,19.43
14.79,23.32,1,1,1,1,1.0,-4.14
8.85,17.02,3,2,1,0,2.5,9.78
7.65,39.98,2,1,1,0,1.5,3.97
3.22,10.81,1,4,1,0,2.5,-1.21
10.17,12.75,2,4,1,1,3.0,-5.89
11.02,9.99,1,2,1,1,1.5,10.62
2.71,26.1,2,4,1,0,3.0,-1.11
6.09,5.33,3,4,1,0,3.5,18.09
9.9,37.18,3,1,1,0,2.0,7.92
8.98,13.45,1,2,1,0,1.5,14.56
9.08,38.77,1,4,1,0,2.5,7.91
13.9,35.27,3,4,1,1,3.5,-4.06
11.24,8.04,2,1,1,1,1.5,2.59
11.97,32.54,1,2,1,1,1.5,-3.38
14.16,45.68,3,1,1,1,2.0,-2.55
14.42,14.03,1,4,1,1,2.5,12.02
7.26,21.39,2,2,1,0,2.0,11.98
2.58,37.78,1,2,1,0,1.5,-8.07
7.91,11.58,3,4,1,0,3.5,18.79
5.17,16.52,1,1,1,0,1.0,-3.55
2.17,29.14,1,4,1,0,2.5,2.33
6.77,14.89,3,4,1,0,3.5,-3.52
12.43,13.69,3,4,1,1,3.5,-1.29
12.54,39.34,3,1,1,1,2.0,9.44
14.36,7.98,1,1,1,1,1.0,8.49
14.85,46.17,2,2,1,1,2.0,16.08
12.97,38.78,1,1,1,1,1.0,19.41
11.47,32.65,2,4,1,1,3.0,8.12
14.73,7.37,3,4,1,1,3.5,-8.72
4.21,5.49,1,2,1,0,1.5,19.2
9.98,26.5,2,2,1,0,2.0,5.63
5.27,34.74,3,2,1,0,2.5,-7.72
7.94,21.73,3,1,1,0,2.0,-4.82
9.85,21.09,2,1,1,0,1.5,-8.41
11.77,13.16,2,1,1,1,1.5,7.97
7.45,49.74,3,4,1,0,3.5,4.23
5.99,11.27,1,2,1,0,1.5,6.26
4.69,40.39,3,1,1,0,2.0,9.12
6.43,45.37,1,1,1,0,1.0,17.18
14.33,47.62,2,2,1,1,2.0,-6.74
14.11,42.36,2,4,1,1,3.0,-8.49
13.22,14.83,1,2,1,1,1.5,19.38
12.09,43.08,3,1,1,1,2.0,13.64
4.48,12.45,2,4,1,0,3.0,-4.9
10.06,18.95,2,4,1,1,3.0,-1.19
11.39,40.28,1,1,1,1,1.0,4.52
11.1,48.77,1,4,1,1,2.5,0.23
9.47,44.68,2,1,1,0,1.5,5.1
13.6,7.63,2,1,1,1,1.5,6.34
6.9,17.61,1,2,1,0,1.5,19.25
14.14,11.21,1,1,1,1,1.0,-3.39
5.49,11.41,1,2,1,0,1.5,0.74
11.82,42.43,2,2,1,1,2.0,10.16
3.11,31.77,2,4,1,0,3.0,19.35
12.37,19.34,2,1,1,1,1.5,2.64
2.91,21.5,2,4,1,0,3.0,10.21
10.79,31.66,1,2,1,1,1.5,0.34
4.45,15.41,2,2,1,0,2.0,19.65
14.92,21.06,2,2,1,1,2.0,2.55
4.08,16.91,2,4,1,0,3.0,10.34
4.83,21.23,2,4,1,0,3.0,-7.06
2.33,14.07,2,1,1,0,1.5,-0.45
14.78,43.94,3,1,1,1,2.0,1.39
11.96,7.59,3,1,1,1,2.0,11.09
8.63,45.49,3,2,1,0,2.5,-3.57
2.25,49.64,1,1,1,0,1.0,8.99
11.56,23.47,1,2,1,1,1.5,14.06
4.86,24.2,2,2,1,0,2.0,-5.89
13.83,38.41,3,4,1,1,3.5,-3.39
7.19,22.0,3,1,1,0,2.0,9.1
6.82,25.48,1,4,1,0,2.5,16.43
10.89,22.24,2,1,1,1,1.5,11.17
5.43,29.28,2,1,1,0,1.5,-3.67
9.1,12.97,1,1,1,0,1.0,7.27
7.41,33.94,3,1,1,0,2.0,2.0
2.15,48.86,1,4,1,0,2.5,-0.52
5.72,12.98,1,2,1,0,1.5,-7.66
8.83,14.81,1,2,1,0,1.5,2.13
8.27,46.74,3,2,1,0,2.5,-0.91
12.96,8.06,1,2,1,1,1.5,18.31
4.34,8.27,3,4,1,0,3.5,-5.08
13.81,10.48,1,2,1,1,1.5,1.45
2.43,47.75,2,2,1,0,2.0,2.75
3.64,34.16,1,2,1,0,1.5,10.31
10.88,19.43,1,1,1,1,1.0,-2.94
11.63,23.09,2,2,1,1,2.0,19.32
13.8,21.62,3,1,1,1,2.0,10.84
14.93,26.92,1,1,1,1,1.0,-4.23
6.11,28.5,1,4,1,0,2.5,3.31
7.29,37.38,3,2,1,0,2.5,-7.29
6.82,7.58,1,2,1,0,1.5,-7.78
11.13,45.02,1,4,1,1,2.5,-6.61
5.16,37.89,2,2,1,0,2.0,-8.21
9.82,46.6,3,4,1,0,3.5,3.6
12.85,39.45,2,2,1,1,2.0,-9.24
11.64,9.34,1,2,1,1,1.5,10.34
10.66,33.9,3,4,1,1,3.5,14.46
7.23,45.42,3,1,1,0,2.0,4.86
10.48,30.98,3,2,1,1,2.5,6.84
3.17,35.96,3,1,1,0,2.0,4.23
13.06,31.15,1,2,1,1,1.5,-0.71
12.32,42.26,3,1,1,1,2.0,13.54
5.69,33.78,2,2,1,0,2.0,8.19
3.58,36.81,2,1,1,0,1.5,3.14
3.99,26.05,3,2,1,0,2.5,6.28
6.75,27.24,1,1,1,0,1.0,-8.87
12.82,24.53,1,4,1,1,2.5,-4.03
13.13,17.53,2,4,1,1,3.0,-7.9
3.43,46.36,2,2,1,0,2.0,12.73
7.51,43.5,3,2,1,0,2.5,16.5
5.0,47.41,3,1,1,0,2.0,3.08
2.5,25.53,1,4,1,0,2.5,-0.06
4.8,46.65,2,4,1,0,3.0,5.96
5.1,8.53,3,1,1,0,2.0,17.71
12.72,12.64,1,1,1,1,1.0,-0.51
6.49,16.13,1,4,1,0,2.5,15.93
3.56,11.68,2,2,1,0,2.0,4.19
10.6,42.83,2,4,1,1,3.0,-5.87
2.97,16.5,2,1,1,0,1.5,15.9
5.49,38.11,2,2,1,0,2.0,-1.8
12.53,38.48,3,1,1,1,2.0,-5.77
4.94,37.69,3,1,1,0,2.0,-8.36
14.01,28.96,2,4,1,1,3.0,10.42
14.52,46.7,2,1,1,1,1.5,-0.82
4.63,5.53,2,1,1,0,1.5,-8.28
5.21,26.25,2,1,1,0,1.5,-9.58
3.73,19.01,1,1,1,0,1.0,0.62
3.27,24.76,1,1,1,0,1.0,8.84
13.68,37.82,3,4,1,1,3.5,5.49
14.45,12.32,2,2,1,1,2.0,-8.06
14.07,6.31,3,1,1,1,2.0,0.35
14.95,41.99,2,2,1,1,2.0,7.95
8.85,5.91,1,4,1,0,2.5,-9.14
11.9,34.05,3,2,1,1,2.5,-9.49
14.08,47.93,2,2,1,1,2.0,-6.77
8.07,38.96,2,4,1,0,3.0,8.65
13.32,45.57,3,1,1,1,2.0,4.49
10.38,12.72,3,1,1,1,2.0,1.02
6.21,45.74,1,4,1,0,2.5,6.93
5.21,41.34,3,4,1,0,3.5,12.63
4.81,36.35,1,2,1,0,1.5,8.39
3.66,30.53,1,1,1,0,1.0,10.45
5.87,5.1,1,4,1,0,2.5,11.42
4.29,26.86,1,1,1,0,1.0,13.8
7.44,15.6,1,4,1,0,2.5,-5.4
10.25,28.81,2,4,1,1,3.0,-1.37
5.64,49.52,3,2,1,0,2.5,-1.49
13.16,23.07,2,4,1,1,3.0,-1.66
7.08,10.76,1,4,1,0,2.5,6.22
10.43,35.02,3,4,1,1,3.5,16.95
8.36,28.15,1,4,1,0,2.5,-5.46
7.69,13.56,1,1,1,0,1.0,-6.68
8.24,48.97,3,2,1,0,2.5,-3.04
6.99,16.14,2,2,1,0,2.0,3.15
14.52,13.65,3,1,1,1,2.0,18.41
9.1,25.54,2,4,1,0,3.0,10.16
11.45,9.9,1,4,1,1,2.5,3.94
13.9,26.84,3,1,1,1,2.0,5.33
13.02,15.52,1,2,1,1,1.5,4.61
10.09,10.02,2,4,1,1,3.0,-6.68
8.31,11.69,2,2,1,0,2.0,7.56
11.93,23.13,1,4,1,1,2.5,9.6
13.82,40.29,3,2,1,1,2.5,-8.2
14.19,22.78,3,2,1,1,2.5,3.07
14.59,39.69,2,1,1,1,1.5,-5.67
13.17,40.32,1,2,1,1,1.5,13.62
12.99,29.3,2,1,1,1,1.5,1.89
7.13,26.34,2,1,1,0,1.5,-9.87
4.05,34.2,3,4,1,0,3.5,-6.49
8.84,40.99,3,2,1,0,2.5,18.86
14.0,21.56,1,2,1,1,1.5,-5.26
7.69,45.13,2,1,1,0,1.5,-2.48
10.13,5.53,1,4,1,1,2.5,9.77
13.43,14.64,2,1,1,1,1.5,-2.59
3.74,23.05,2,1,1,0,1.5,16.94
13.75,44.64,3,1,1,1,2.0,15.78
2.47,35.98,3,1,1,0,2.0,10.88
7.25,37.21,3,2,1,0,2.5,-0.32
14.1,14.98,1,1,1,1,1.0,17.57
5.25,35.94,2,1,1,0,1.5,11.07
11.99,22.01,1,4,1,1,2.5,-8.86
7.49,30.37,3,4,1,0,3.5,-0.56
11.1,20.22,2,1,1,1,1.5,8.61
6.03,48.79,2,4,1,0,3.0,-3.3
6.54,37.6,3,4,1,0,3.5,-0.38
13.3,13.04,1,1,1,1,1.0,3.85
11.66,24.16,3,4,1,1,3.5,12.33
5.39,34.57,1,2,1,0,1.5,16.02
5.14,34.71,3,1,1,0,2.0,17.52
11.8,42.68,1,4,1,1,2.5,-8.47
11.62,19.93,2,2,1,1,2.0,3.15
8.72,8.1,1,2,1,0,1.5,10.36
4.48,16.27,1,2,1,0,1.5,10.93
6.62,28.11,3,4,1,0,3.5,18.33
10.69,20.17,1,4,1,1,2.5,-5.09
11.59,14.09,1,4,1,1,2.5,3.1
2.93,37.21,3,4,1,0,3.5,1.25
12.14,40.79,1,1,1,1,1.0,-2.18
3.22,40.45,3,1,1,0,2.0,8.49
10.5,15.31,2,1,1,1,1.5,19.0
11.94,35.37,3,2,1,1,2.5,5.4
4.2,31.34,2,1,1,0,1.5,-9.15
12.0,20.95,3,1,1,1,2.0,3.71
14.27,24.81,1,4,1,1,2.5,-0.06
2.09,5.13,2,4,1,0,3.0,18.3
4.03,13.59,2,2,1,0,2.0,-1.15
4.61,22.09,3,1,1,0,2.0,16.69
7.42,46.64,2,4,1,0,3.0,-6.25
13.62,39.1,2,2,1,1,2.0,7.77
5.93,16.22,2,2,1,0,2.0,-2.3
10.42,18.95,3,1,1,1,2.0,-9.19
4.42,23.79,2,4,1,0,3.0,8.38
7.8,14.07,1,4,1,0,2.5,-0.08
8.31,5.64,3,4,1,0,3.5,9.02
14.55,34.9,3,1,1,1,2.0,10.34
9.31,22.4,3,4,1,0,3.5,1.45
6.93,15.53,3,1,1,0,2.0,4.81
11.67,36.14,1,1,1,1,1.0,6.32
3.93,40.64,1,2,1,0,1.5,4.34
9.83,14.42,2,2,1,0,2.0,9.56
13.97,15.63,3,4,1,1,3.5,7.26
5.39,32.17,1,1,1,0,1.0,-6.98
14.36,28.64,1,2,1,1,1.5,-2.19
2.81,39.09,3,4,1,0,3.5,6.89
2.85,31.55,3,1,1,0,2.0,-5.8
13.6,37.46,1,1,1,1,1.0,-1.32
11.94,37.09,1,4,1,1,2.5,1.3
5.98,34.73,3,2,1,0,2.5,-7.41
6.91,48.0,1,2,1,0,1.5,-5.5
14.12,14.3,3,2,1,1,2.5,13.82
3.99,12.07,3,2,1,0,2.5,-2.27
4.79,18.83,3,2,1,0,2.5,19.92
11.09,37.72,2,1,1,1,1.5,11.27
7.86,49.71,3,4,1,0,3.5,12.32
3.35,48.76,3,1,1,0,2.0,1.03
3.71,31.76,2,4,1,0,3.0,2.81
13.84,7.62,3,2,1,1,2.5,13.66
9.38,30.46,3,2,1,0,2.5,10.57
2.96,8.51,3,1,1,0,2.0,2.63
8.92,45.25,1,4,1,0,2.5,-8.57
11.7,36.91,2,1,1,1,1.5,-9.13
14.0,28.46,1,4,1,1,2.5,-3.63
7.75,36.94,2,1,1,0,1.5,13.8
9.42,33.95,2,1,1,0,1.5,4.58
14.15,15.2,1,4,1,1,2.5,-2.34
8.42,48.35,3,4,1,0,3.5,7.93
5.75,27.58,3,4,1,0,3.5,-9.54
14.53,14.73,1,1,1,1,1.0,19.65
7.46,32.54,2,2,1,0,2.0,10.38
8.99,13.13,1,4,1,0,2.5,0.73
6.07,28.61,2,1,1,0,1.5,10.95
12.46,10.8,2,4,1,1,3.0,-8.52
9.49,34.14,1,4,1,0,2.5,17.72
5.03,42.25,2,2,1,0,2.0,15.94
3.22,37.67,3,4,1,0,3.5,-8.64
11.62,22.08,1,1,1,1,1.0,0.79
11.76,40.98,1,2,1,1,1.5,3.17
12.11,31.88,2,4,1,1,3.0,16.07
3.16,28.77,2,2,1,0,2.0,16.01
3.31,7.78,2,4,1,0,3.0,-7.37
4.75,48.96,1,4,1,0,2.5,11.13
8.24,31.74,2,2,1,0,2.0,-1.13
6.06,42.44,1,1,1,0,1.0,19.02
13.49,22.11,3,2,1,1,2.5,6.87
13.19,11.51,2,2,1,1,2.0,9.88
14.89,47.73,3,1,1,1,2.0,12.95
14.97,19.32,2,2,1,1,2.0,10.78
5.43,21.5,2,1,1,0,1.5,-0.57
2.02,12.35,3,1,1,0,2.0,16.74
11.81,7.4,1,4,1,1,2.5,-2.72
5.19,40.93,2,1,1,0,1.5,15.85
9.02,32.07,3,4,1,0,3.5,6.28
3.2,15.05,3,2,1,0,2.5,1.09
8.42,6.51,3,4,1,0,3.5,6.89
14.05,28.22,3,2,1,1,2.5,2.62
12.27,6.54,2,4,1,1,3.0,16.53
6.4,34.47,2,1,1,0,1.5,-6.31
10.11,27.85,1,2,1,1,1.5,2.5
9.39,35.13,2,2,1,0,2.0,-7.62
3.47,5.75,2,1,1,0,1.5,0.4
10.62,44.19,2,4,1,1,3.0,12.89
5.57,18.85,1,1,1,0,1.0,12.08
2.35,39.66,3,1,1,0,2.0,8.71
2.79,16.95,1,1,1,0,1.0,16.44
4.16,30.0,2,1,1,0,1.5,-8.35
6.62,12.36,1,1,1,0,1.0,11.1
4.67,26.06,3,1,1,0,2.0,0.11
4.21,40.05,1,4,1,0,2.5,5.2
8.93,19.62,1,4,1,0,2.5,-7.04
9.96,7.65,3,2,1,0,2.5,13.57
12.82,46.38,2,1,1,1,1.5,-8.68
9.85,31.48,3,2,1,0,2.5,6.39
4.5,19.98,2,2,1,0,2.0,14.37
12.92,17.45,3,2,1,1,2.5,2.0
8.61,17.56,2,4,1,0,3.0,0.8
13.16,24.18,1,4,1,1,2.5,1.79
13.51,15.19,1,2,1,1,1.5,0.22
9.75,38.27,1,4,1,0,2.5,11.09
14.27,45.82,3,2,1,1,2.5,-8.89
14.68,37.59,2,4,1,1,3.0,16.65
5.58,27.66,2,4,1,0,3.0,-3.85
12.53,13.74,2,4,1,1,3.0,0.69
8.43,15.99,2,4,1,0,3.0,-2.07
5.33,36.83,1,1,1,0,1.0,15.09
8.67,29.71,2,1,1,0,1.5,-9.89
3.75,16.06,1,2,1,0,1.5,-8.23
14.54,15.78,1,2,1,1,1.5,-3.83
7.37,33.5,3,4,1,0,3.5,8.3
14.97,27.19,1,4,1,1,2.5,-5.77
8.48,39.37,1,2,1,0,1.5,-6.4
13.62,13.24,1,1,1,1,1.0,12.18
4.92,34.17,1,4,1,0,2.5,7.24
4.94,27.13,3,4,1,0,3.5,19.38
13.41,13.1,1,1,1,1,1.0,4.96
2.44,6.94,1,4,1,0,2.5,2.16
2.36,17.17,1,4,1,0,2.5,11.02
5.03,29.83,2,4,1,0,3.0,-7.84
3.5,38.3,2,2,1,0,2.0,8.61
5.2,23.04,3,4,1,0,3.5,13.43
9.27,23.43,3,2,1,0,2.5,-5.85
13.96,23.59,2,2,1,1,2.0,17.09
13.25,49.93,3,1,1,1,2.0,19.96
9.14,36.37,2,2,1,0,2.0,2.1
4.81,25.1,1,1,1,0,1.0,2.98
8.61,15.39,2,2,1,0,2.0,15.41
14.83,30.46,3,2,1,1,2.5,-2.08
9.94,49.5,1,2,1,0,1.5,18.96
8.15,7.48,1,2,1,0,1.5,-5.85
6.53,32.98,3,2,1,0,2.5,8.47
11.62,47.81,3,2,1,1,2.5,18.07
8.5,16.11,3,2,1,0,2.5,9.93
7.07,32.76,3,2,1,0,2.5,16.97
14.69,8.63,3,2,1,1,2.5,-3.1
6.65,28.25,2,1,1,0,1.5,9.97
14.94,36.48,3,4,1,1,3.5,-6.49
12.97,33.93,1,1,1,1,1.0,1.62
11.39,5.94,3,4,1,1,3.5,8.83
4.45,29.2,1,4,1,0,2.5,16.45
13.92,21.78,1,2,1,1,1.5,2.68
11.4,39.87,1,2,1,1,1.5,15.91
4.25,11.65,1,1,1,0,1.0,15.31
14.6,29.03,1,2,1,1,1.5,-5.46
2.0,27.83,2,2,1,0,2.0,-6.87
5.04,18.64,1,1,1,0,1.0,11.14
2.88,20.72,1,1,1,0,1.0,-1.37
9.49,20.67,3,2,1,0,2.5,5.31
8.96,19.79,1,1,1,0,1.0,5.34
2.21,26.12,3,1,1,0,2.0,-6.54
4.06,36.5,3,2,1,0,2.5,9.45
7.67,19.96,2,1,1,0,1.5,9.86
3.87,5.49,1,4,1,0,2.5,6.8
7.33,21.53,1,1,1,0,1.0,19.1
8.23,47.45,2,2,1,0,2.0,7.03
2.21,21.71,1,4,1,0,2.5,-3.23
7.0,29.12,1,1,1,0,1.0,14.57
8.35,15.67,1,4,1,0,2.5,10.42
8.86,28.76,1,2,1,0,1.5,14.28
9.83,46.99,1,4,1,0,2.5,12.09
7.48,18.22,1,1,1,0,1.0,14.94
10.29,48.9,2,2,1,1,2.0,10.39
4.09,24.62,2,2,1,0,2.0,-8.96
4.73,16.29,2,4,1,0,3.0,15.92
5.33,28.74,1,4,1,0,2.5,-6.26
12.57,22.88,2,1,1,1,1.5,-5.35
6.92,11.96,2,2,1,0,2.0,15.31
8.98,43.28,2,4,1,0,3.0,3.3
10.15,11.45,3,4,1,1,3.5,6.87
6.52,12.38,1,4,1,0,2.5,10.02
6.75,23.83,1,1,1,0,1.0,14.91
6.6,49.82,3,1,1,0,2.0,13.62
14.37,31.8,1,2,1,1,1.5,-6.72
5.09,11.47,2,4,1,0,3.0,8.23
13.05,22.81,3,2,1,1,2.5,4.23
3.53,28.13,2,2,1,0,2.0,0.01
11.71,25.28,1,1,1,1,1.0,4.84
10.35,9.04,1,2,1,1,1.5,14.93
8.07,9.52,3,2,1,0,2.5,-9.57
7.54,32.78,1,4,1,0,2.5,16.39
10.76,12.12,2,4,1,1,3.0,3.86
13.87,30.19,2,1,1,1,1.5,13.89
10.48,28.04,2,2,1,1,2.0,11.03
7.25,20.29,3,2,1,0,2.5,19.6
13.07,15.26,3,2,1,1,2.5,17.24
13.03,44.65,2,4,1,1,3.0,17.78
9.89,21.27,3,2,1,0,2.5,-5.64
7.26,49.72,2,1,1,0,1.5,0.69
5.3,37.15,3,1,1,0,2.0,9.33
8.26,34.16,1,2,1,0,1.5,-0.51
12.64,13.52,1,4,1,1,2.5,14.44
7.88,30.13,3,4,1,0,3.5,-2.69
11.34,47.11,2,4,1,1,3.0,7.4
7.7,44.04,1,2,1,0,1.5,13.97
15.0,29.61,2,1,1,1,1.5,16.2
8.83,39.4,3,1,1,0,2.0,19.83
11.4,17.34,2,1,1,1,1.5,12.47
12.43,28.5,3,2,1,1,2.5,6.13
14.19,33.76,2,1,1,1,1.5,7.37
6.28,8.71,3,2,1,0,2.5,15.05
13.33,13.43,3,1,1,1,2.0,-4.04
2.86,31.15,3,2,1,0,2.5,13.86
10.79,37.85,1,1,1,1,1.0,7.01
14.88,43.56,1,1,1,1,1.0,18.87
7.58,7.54,2,1,1,0,1.5,6.75
6.18,15.37,3,2,1,0,2.5,16.55
12.48,13.47,3,4,1,1,3.5,6.57
8.76,18.43,2,1,1,0,1.5,-6.57
12.69,31.33,1,4,1,1,2.5,12.27
7.34,9.57,2,1,1,0,1.5,-3.98
7.44,36.85,1,4,1,0,2.5,11.57
13.72,35.19,1,4,1,1,2.5,-4.39
13.99,5.93,1,1,1,1,1.0,-4.25
4.52,45.67,2,1,1,0,1.5,-4.28
8.32,17.11,3,2,1,0,2.5,-6.03
4.6,11.65,3,4,1,0,3.5,-5.12
2.74,33.95,2,4,1,0,3.0,8.61
13.35,38.16,1,1,1,1,1.0,18.7
8.36,11.28,2,4,1,0,3.0,4.5
11.67,42.74,2,2,1,1,2.0,-3.5
11.29,36.27,1,1,1,1,1.0,15.21
5.37,37.62,1,4,1,0,2.5,14.55
2.19,34.21,1,1,1,0,1.0,5.52
5.04,17.63,3,2,1,0,2.5,9.43
3.86,21.13,2,2,1,0,2.0,0.92
14.28,7.26,2,4,1,1,3.0,4.48
8.74,29.47,3,1,1,0,2.0,3.28
6.71,11.04,3,4,1,0,3.5,2.01
4.03,48.5,2,4,1,0,3.0,-6.71
6.35,7.57,3,2,1,0,2.5,-4.21
8.94,44.75,3,2,1,0,2.5,1.75
9.96,36.71,2,1,1,0,1.5,2.72
2.99,22.36,2,2,1,0,2.0,-8.9
10.59,40.85,3,4,1,1,3.5,-1.0
9.2,43.1,1,2,1,0,1.5,-7.45
5.15,17.73,1,1,1,0,1.0,3.49
13.87,28.28,1,1,1,1,1.0,11.36
13.19,20.31,2,1,1,1,1.5,9.59
3.71,43.32,1,1,1,0,1.0,12.38
7.17,21.25,3,1,1,0,2.0,-5.76
9.01,19.38,1,1,1,0,1.0,11.48
14.22,38.97,2,2,1,1,2.0,5.23
11.15,42.6,3,1,1,1,2.0,3.97
14.55,46.82,2,4,1,1,3.0,1.75
3.59,32.93,1,1,1,0,1.0,-3.7
14.37,28.86,2,2,1,1,2.0,-8.4
2.06,17.03,1,2,1,0,1.5,-4.66
4.84,6.66,1,2,1,0,1.5,-8.53
12.11,6.04,2,4,1,1,3.0,11.86
8.86,8.98,1,4,1,0,2.5,9.3
10.57,31.45,3,2,1,1,2.5,6.62
4.88,13.33,2,1,1,0,1.5,4.92
10.98,33.05,2,1,1,1,1.5,-7.14
13.15,28.26,1,2,1,1,1.5,6.24
3.67,15.36,1,2,1,0,1.5,0.87
2.1,12.65,2,4,1,0,3.0,6.81
11.88,34.77,3,2,1,1,2.5,16.09
6.3,38.65,3,1,1,0,2.0,-0.72
14.61,33.78,2,1,1,1,1.5,10.41
11.0,36.89,1,4,1,1,2.5,8.98
4.49,28.36,1,2,1,0,1.5,-2.07
7.25,18.74,3,4,1,0,3.5,5.38
3.97,33.63,3,1,1,0,2.0,-3.65
4.99,36.26,2,4,1,0,3.0,-0.09
12.82,14.79,1,2,1,1,1.5,-7.1
12.43,38.78,1,2,1,1,1.5,-6.45
11.91,11.23,3,4,1,1,3.5,14.46
6.55,41.56,3,1,1,0,2.0,-2.12
9.1,13.64,1,4,1,0,2.5,19.85
7.18,8.25,2,4,1,0,3.0,9.27
5.49,40.79,3,4,1,0,3.5,7.56
6.56,45.95,3,4,1,0,3.5,5.78
12.87,13.51,2,2,1,1,2.0,-3.21
7.74,37.76,1,4,1,0,2.5,-2.94
8.86,46.61,2,4,1,0,3.0,-2.02
10.42,17.63,1,1,1,1,1.0,11.17
2.04,17.4,2,2,1,0,2.0,-3.49
8.39,35.48,3,2,1,0,2.5,14.98
7.83,16.38,1,4,1,0,2.5,3.66
3.59,9.99,3,4,1,0,3.5,16.14
13.5,31.88,2,4,1,1,3.0,3.84
10.13,48.34,2,1,1,1,1.5,6.63
2.72,26.42,2,4,1,0,3.0,3.68
7.04,6.48,2,2,1,0,2.0,3.77
2.69,17.97,1,4,1,0,2.5,-1.51
2.92,6.26,2,2,1,0,2.0,-9.44
13.84,8.65,2,2,1,1,2.0,-8.33
3.45,20.91,1,1,1,0,1.0,1.73
5.79,11.32,3,1,1,0,2.0,-1.44
10.62,30.7,1,4,1,1,2.5,3.25
10.11,14.77,2,1,1,1,1.5,-4.49
7.93,12.45,2,2,1,0,2.0,-5.65
7.64,11.45,2,1,1,0,1.5,16.27
5.24,17.04,3,1,1,0,2.0,5.32
4.04,41.05,3,2,1,0,2.5,-0.59
9.02,45.27,3,1,1,0,2.0,8.79
10.93,33.08,1,4,1,1,2.5,-3.31
7.36,13.62,1,4,1,0,2.5,-6.17
5.09,45.06,2,1,1,0,1.5,7.43
4.88,44.52,3,1,1,0,2.0,19.48
9.5,10.73,3,2,1,0,2.5,4.31
14.62,11.92,3,4,1,1,3.5,5.49
14.24,6.55,2,1,1,1,1.5,19.15
6.22,45.73,1,4,1,0,2.5,-5.64
13.56,14.68,2,2,1,1,2.0,-1.95
14.44,21.63,2,4,1,1,3.0,-1.26
3.99,6.0,3,2,1,0,2.5,18.49
2.34,22.4,2,2,1,0,2.0,1.65
6.02,29.65,1,1,1,0,1.0,16.88
7.72,20.24,3,1,1,0,2.0,4.33
12.82,44.44,3,1,1,1,2.0,-1.96
12.91,10.06,1,2,1,1,1.5,17.2
2.58,23.46,3,2,1,0,2.5,4.14
6.93,6.28,1,1,1,0,1.0,1.1
10.81,15.99,3,2,1,1,2.5,13.74
8.16,37.73,2,2,1,0,2.0,19.97
7.04,30.73,3,4,1,0,3.5,6.18
9.48,23.93,3,4,1,0,3.5,5.4
9.34,19.18,3,1,1,0,2.0,-9.97
5.64,40.65,3,1,1,0,2.0,11.98
6.18,41.88,1,2,1,0,1.5,-2.34
11.36,12.84,3,1,1,1,2.0,4.75
6.76,41.42,1,1,1,0,1.0,-5.23
12.62,48.47,1,4,1,1,2.5,-7.85
5.56,46.37,2,1,1,0,1.5,-7.82
13.33,25.71,3,2,1,1,2.5,-2.97
11.91,36.84,2,2,1,1,2.0,-8.1
3.53,43.03,2,2,1,0,2.0,18.46
6.68,39.55,2,1,1,0,1.5,-2.89
9.17,16.14,3,1,1,0,2.0,-4.6
11.05,35.23,2,4,1,1,3.0,-3.04
5.25,10.85,1,2,1,0,1.5,-6.82
10.38,8.53,3,2,1,1,2.5,-3.5
13.1,12.24,2,4,1,1,3.0,1.65
10.23,46.49,2,2,1,1,2.0,8.7
6.09,8.47,2,2,1,0,2.0,11.96
4.47,31.3,3,2,1,0,2.5,19.76
3.05,6.66,1,1,1,0,1.0,9.05
9.4,19.49,2,2,1,0,2.0,17.84
3.82,37.35,2,4,1,0,3.0,19.87
14.6,28.38,3,2,1,1,2.5,9.34
7.59,23.49,3,1,1,0,2.0,9.38
10.17,10.28,1,1,1,1,1.0,-2.03
5.06,25.78,1,1,1,0,1.0,8.72
7.3,45.41,2,1,1,0,1.5,-7.27
3.11,23.55,2,4,1,0,3.0,11.33
11.75,20.51,2,4,1,1,3.0,-4.77
7.27,29.17,1,1,1,0,1.0,-3.07
7.36,37.77,2,4,1,0,3.0,5.8
14.58,48.88,3,4,1,1,3.5,1.8
10.98,30.98,1,2,1,1,1.5,7.92
12.68,27.93,2,1,1,1,1.5,0.25
7.63,21.51,1,4,1,0,2.5,-4.55
12.32,19.76,3,2,1,1,2.5,8.25
13.44,38.74,3,4,1,1,3.5,5.99
7.5,9.79,3,2,1,0,2.5,9.71
12.14,8.74,1,2,1,1,1.5,12.44
6.66,22.31,3,4,1,0,3.5,13.79
9.81,18.51,3,4,1,0,3.5,8.56
3.89,46.5,1,2,1,0,1.5,-7.9
12.7,32.37,1,2,1,1,1.5,7.2
9.55,29.97,1,1,1,0,1.0,0.93
3.91,17.62,1,4,1,0,2.5,19.92
10.83,11.32,3,4,1,1,3.5,16.38
12.57,44.14,2,2,1,1,2.0,0.62
11.72,45.9,1,4,1,1,2.5,6.33
10.27,8.89,1,1,1,1,1.0,10.82
2.57,47.86,2,1,1,0,1.5,17.44
9.25,12.45,2,2,1,0,2.0,-8.52
4.24,31.24,1,1,1,0,1.0,8.16
3.86,36.28,2,2,1,0,2.0,16.99
9.78,18.32,3,4,1,0,3.5,-8.69
8.55,37.7,1,1,1,0,1.0,13.29
10.03,41.14,2,4,1,1,3.0,15.68
3.84,18.32,1,2,1,0,1.5,-3.66
11.24,33.33,2,2,1,1,2.0,9.39
10.86,42.36,1,2,1,1,1.5,1.48
4.28,43.22,2,1,1,0,1.5,11.36
6.8,27.09,3,2,1,0,2.5,13.55
11.3,13.28,1,4,1,1,2.5,12.41
11.06,24.44,1,4,1,1,2.5,-1.38
8.39,33.04,2,2,1,0,2.0,-8.43
4.58,44.46,3,2,1,0,2.5,18.68
13.63,44.65,2,1,1,1,1.5,3.49
4.86,8.39,1,2,1,0,1.5,0.08
7.66,21.83,1,2,1,0,1.5,10.41
9.0,19.22,1,2,1,0,1.5,-0.32
2.29,19.33,1,4,1,0,2.5,15.21
14.99,37.31,1,2,1,1,1.5,8.81
14.59,37.84,1,4,1,1,2.5,2.76
12.37,24.34,3,4,1,1,3.5,7.0
2.11,29.91,3,1,1,0,2.0,7.36
4.95,18.69,1,2,1,0,1.5,8.66
14.3,8.65,1,1,1,1,1.0,1.06
14.03,40.95,3,1,1,1,2.0,12.03
11.46,49.48,2,2,1,1,2.0,6.02
10.0,43.61,1,4,1,0,2.5,0.98
2.04,30.92,1,1,1,0,1.0,-5.42
14.89,35.64,3,2,1,1,2.5,1.62
5.25,16.75,3,2,1,0,2.5,-4.84
13.45,30.04,1,2,1,1,1.5,-4.29
13.49,43.7,2,2,1,1,2.0,-6.93
4.57,6.83,1,4,1,0,2.5,0.63
12.38,26.58,3,2,1,1,2.5,-8.49
13.61,24.6,2,1,1,1,1.5,-1.08
6.72,11.22,1,4,1,0,2.5,-2.67
10.67,39.49,1,1,1,1,1.0,-6.89
6.47,7.95,3,4,1,0,3.5,-9.11
13.71,17.24,3,2,1,1,2.5,6.21
9.9,13.03,2,1,1,0,1.5,15.36
5.29,17.78,2,2,1,0,2.0,12.78
2.96,26.78,1,2,1,0,1.5,2.0
3.95,42.5,3,1,1,0,2.0,18.16
8.69,21.38,1,2,1,0,1.5,-3.28
4.4,18.51,3,2,1,0,2.5,14.09
3.35,39.76,3,2,1,0,2.5,16.12
5.17,33.74,1,1,1,0,1.0,12.95
5.06,33.94,3,2,1,0,2.5,-6.6
7.67,16.2,3,1,1,0,2.0,5.16
10.15,43.94,2,1,1,1,1.5,-1.35
11.57,34.11,3,1,1,1,2.0,4.12
8.52,23.77,2,1,1,0,1.5,14.21
10.94,30.0,3,1,1,1,2.0,17.04
5.74,46.68,3,2,1,0,2.5,13.74
5.5,24.44,3,4,1,0,3.5,15.37
13.24,38.02,3,1,1,1,2.0,-7.16
6.29,43.19,3,2,1,0,2.5,-5.02
10.6,9.41,1,2,1,1,1.5,18.4
11.61,20.84,1,2,1,1,1.5,-8.16
13.45,26.6,3,2,1,1,2.5,-8.54
8.11,18.64,2,2,1,0,2.0,-3.66
8.83,25.34,1,4,1,0,2.5,5.73
4.64,33.87,2,2,1,0,2.0,16.99
11.01,38.14,2,1,1,1,1.5,16.03
6.78,22.83,3,2,1,0,2.5,5.87
5.25,18.65,2,4,1,0,3.0,19.84
8.11,21.9,3,4,1,0,3.5,16.19
7.43,6.34,3,4,1,0,3.5,-1.48
7.27,44.09,3,1,1,0,2.0,14.67
14.01,39.96,3,1,1,1,2.0,8.84
14.85,23.31,3,1,1,1,2.0,16.05
12.55,25.33,3,4,1,1,3.5,-6.1
3.32,29.04,2,1,1,0,1.5,-8.31
10.26,45.88,1,1,1,1,1.0,12.98
9.27,41.49,2,2,1,0,2.0,-0.48
3.97,48.04,1,1,1,0,1.0,3.86
11.38,37.25,1,2,1,1,1.5,4.83
8.09,12.25,3,2,1,0,2.5,16.31
13.28,14.15,1,1,1,1,1.0,14.51
3.92,33.48,3,1,1,0,2.0,-5.1
10.22,12.57,1,2,1,1,1.5,12.36
4.87,24.97,3,4,1,0,3.5,0.75
2.66,10.25,2,2,1,0,2.0,-1.13
2.97,22.34,2,2,1,0,2.0,-4.06
13.05,7.84,3,2,1,1,2.5,15.03
9.12,29.9,1,2,1,0,1.5,5.82
3.43,22.46,3,4,1,0,3.5,2.34
6.94,17.51,2,1,1,0,1.5,6.98
13.04,29.68,2,4,1,1,3.0,-2.4
3.96,21.76,3,2,1,0,2.5,-5.59
2.99,28.13,3,2,1,0,2.5,14.43
4.16,8.44,2,2,1,0,2.0,-0.8
14.23,25.59,3,4,1,1,3.5,13.05
9.5,16.04,2,4,1,0,3.0,3.21
4.5,28.75,2,4,1,0,3.0,1.42
6.78,35.33,3,2,1,0,2.5,5.19
6.26,5.25,2,4,1,0,3.0,-2.0
9.06,30.11,3,1,1,0,2.0,11.41
6.67,16.07,1,4,1,0,2.5,-8.53
12.62,8.9,1,4,1,1,2.5,-2.84
2.01,31.99,1,2,1,0,1.5,0.71
3.89,33.39,2,4,1,0,3.0,1.13
2.47,27.48,1,1,1,0,1.0,3.58
14.28,36.59,1,4,1,1,2.5,7.65
13.51,16.09,1,4,1,1,2.5,14.31
8.68,8.83,3,4,1,0,3.5,14.5
5.91,16.23,1,1,1,0,1.0,10.7
8.3,34.45,2,4,1,0,3.0,-2.03
4.06,11.85,2,4,1,0,3.0,18.31
4.43,30.91,3,4,1,0,3.5,17.96
12.29,34.44,2,1,1,1,1.5,-6.93
6.44,43.14,3,1,1,0,2.0,2.51
6.74,15.89,2,2,1,0,2.0,3.29
3.06,47.29,3,4,1,0,3.5,17.38
14.49,32.39,2,2,1,1,2.0,-6.93
13.19,24.56,2,2,1,1,2.0,0.15
9.68,20.4,3,4,1,0,3.5,14.45
3.96,17.21,1,4,1,0,2.5,-9.17
10.9,46.0,1,4,1,1,2.5,-0.15
14.62,31.81,2,2,1,1,2.0,5.58
4.12,16.3,3,2,1,0,2.5,-4.58
11.97,33.71,3,4,1,1,3.5,14.99
13.78,24.98,3,1,1,1,2.0,5.89
5.69,28.53,1,2,1,0,1.5,16.14
9.32,9.93,2,1,1,0,1.5,13.33
11.93,9.37,3,1,1,1,2.0,17.21
5.88,16.14,1,4,1,0,2.5,5.31
3.8,32.31,1,2,1,0,1.5,-2.12
6.0,6.7,2,4,1,0,3.0,3.84
8.51,13.44,2,1,1,0,1.5,12.65
9.57,37.97,2,1,1,0,1.5,2.55
14.73,21.7,1,2,1,1,1.5,12.66
2.95,37.81,3,1,1,0,2.0,-2.69
2.76,34.87,3,2,1,0,2.5,16.81
11.83,15.41,2,4,1,1,3.0,-4.9
12.77,15.75,2,4,1,1,3.0,7.09
7.29,8.17,3,4,1,0,3.5,6.1
11.02,35.56,1,4,1,1,2.5,-2.63
13.22,16.62,1,2,1,1,1.5,4.68
6.1,11.99,2,4,1,0,3.0,-8.51
12.57,8.91,2,4,1,1,3.0,4.48
7.31,45.08,3,4,1,0,3.5,-7.84
9.38,28.15,1,1,1,0,1.0,7.0
3.49,27.74,3,2,1,0,2.5,9.14
11.35,31.65,3,2,1,1,2.5,6.61
12.79,49.11,2,4,1,1,3.0,-4.79
6.13,17.93,1,4,1,0,2.5,-2.25
2.51,25.23,2,2,1,0,2.0,2.41
12.98,37.41,3,4,1,1,3.5,12.63
8.0,29.47,1,1,1,0,1.0,-1.64
14.56,18.91,2,4,1,1,3.0,-8.86
13.31,34.62,3,2,1,1,2.5,4.36
6.77,15.93,1,1,1,0,1.0,-1.99
8.76,40.12,1,1,1,0,1.0,6.2
7.32,48.68,1,2,1,0,1.5,4.9
12.95,39.06,2,2,1,1,2.0,18.95
12.18,30.1,2,4,1,1,3.0,-7.77
8.82,31.46,2,1,1,0,1.5,5.21
5.4,18.52,3,4,1,0,3.5,-4.59
10.71,18.69,1,1,1,1,1.0,3.17
5.89,13.27,3,1,1,0,2.0,-1.98
13.33,44.79,1,4,1,1,2.5,-7.22
10.56,33.56,2,1,1,1,1.5,19.95
3.47,7.62,3,4,1,0,3.5,17.4
2.95,37.36,1,4,1,0,2.5,1.93
14.17,23.29,1,4,1,1,2.5,16.96
8.24,46.61,3,4,1,0,3.5,19.91
14.45,49.22,3,2,1,1,2.5,15.89
9.89,19.03,1,1,1,0,1.0,1.63
5.28,35.21,1,2,1,0,1.5,-5.1
10.62,37.13,2,1,1,1,1.5,1.6
13.38,24.38,1,1,1,1,1.0,17.82
2.55,20.34,2,1,1,0,1.5,3.55
5.12,34.51,1,4,1,0,2.5,-5.26
6.28,49.13,3,1,1,0,2.0,-8.39
7.18,47.69,2,1,1,0,1.5,7.49
4.23,42.99,1,2,1,0,1.5,3.18
13.71,23.76,1,4,1,1,2.5,12.39
13.09,36.14,1,4,1,1,2.5,3.42
4.62,14.43,1,1,1,0,1.0,-0.36
12.06,28.25,3,4,1,1,3.5,-2.33
7.3,15.71,1,2,1,0,1.5,-8.87
4.17,24.04,3,4,1,0,3.5,4.71
3.31,33.66,1,1,1,0,1.0,3.11
3.58,19.12,3,1,1,0,2.0,2.43
8.73,23.62,2,4,1,0,3.0,-3.9
6.55,17.73,2,2,1,0,2.0,15.59
2.06,29.02,3,2,1,0,2.5,4.87
3.16,16.19,1,4,1,0,2.5,-4.63
2.56,45.03,3,4,1,0,3.5,8.12
4.44,16.9,2,1,1,0,1.5,-7.02
7.46,34.91,1,1,1,0,1.0,-7.17
8.21,24.49,2,4,1,0,3.0,3.12
2.91,30.3,1,4,1,0,2.5,-2.27
8.74,23.77,3,1,1,0,2.0,-4.06
3.59,47.2,3,1,1,0,2.0,-5.15
12.86,33.83,3,1,1,1,2.0,15.75
14.43,42.62,1,4,1,1,2.5,6.14
8.87,31.24,1,4,1,0,2.5,14.59
3.61,33.86,1,2,1,0,1.5,19.53
9.29,32.18,3,1,1,0,2.0,3.8
7.06,45.26,2,4,1,0,3.0,16.17
8.66,12.1,3,4,1,0,3.5,18.4
3.85,9.96,3,4,1,0,3.5,17.76
10.01,5.66,3,1,1,1,2.0,-2.83
6.03,18.88,1,4,1,0,2.5,3.81
6.25,9.61,3,4,1,0,3.5,19.38
8.32,31.53,3,1,1,0,2.0,-2.07
5.79,15.42,2,2,1,0,2.0,15.14
4.8,6.18,2,4,1,0,3.0,13.42
12.47,10.39,2,2,1,1,2.0,-4.97
10.82,14.85,1,2,1,1,1.5,-5.46
6.3,41.6,1,4,1,0,2.5,15.45
12.42,12.52,3,2,1,1,2.5,10.68
13.63,38.13,3,2,1,1,2.5,-4.96
12.91,40.26,2,4,1,1,3.0,-2.55
4.63,44.64,2,4,1,0,3.0,1.87
14.2,41.47,1,1,1,1,1.0,11.69
11.23,10.82,1,4,1,1,2.5,4.59
5.93,13.76,2,2,1,0,2.0,19.75
5.24,25.52,1,2,1,0,1.5,-0.6
14.69,8.51,3,1,1,1,2.0,9.54
7.18,22.98,3,1,1,0,2.0,13.01
4.82,14.19,3,1,1,0,2.0,18.49
14.12,38.42,3,1,1,1,2.0,1.71
10.84,47.01,1,1,1,1,1.0,18.6
13.6,29.32,3,4,1,1,3.5,-8.59
10.54,6.73,1,1,1,1,1.0,7.02
9.12,49.81,1,4,1,0,2.5,4.34
13.96,42.63,2,1,1,1,1.5,7.43
6.51,23.37,1,1,1,0,1.0,13.46
4.57,37.78,1,4,1,0,2.5,-8.15
9.46,15.83,3,2,1,0,2.5,8.03
3.6,17.65,3,4,1,0,3.5,13.82
7.76,11.22,3,2,1,0,2.5,-7.49
2.04,19.57,2,4,1,0,3.0,-0.42
2.41,39.13,1,4,1,0,2.5,15.86
12.79,33.43,2,2,1,1,2.0,-4.14
9.42,49.15,1,4,1,0,2.5,-9.95
14.72,20.37,1,4,1,1,2.5,2.89
5.67,7.45,3,1,1,0,2.0,19.41
4.32,42.7,1,1,1,0,1.0,14.85
8.9,37.6,2,4,1,0,3.0,-0.97
10.4,29.67,2,2,1,1,2.0,9.18
11.48,26.03,3,1,1,1,2.0,9.23
12.07,30.26,1,4,1,1,2.5,6.86
4.45,22.66,3,1,1,0,2.0,1.67
5.47,34.25,2,1,1,0,1.5,6.32
13.07,42.99,2,1,1,1,1.5,-0.96
14.64,26.43,1,4,1,1,2.5,-3.86
12.38,35.22,3,4,1,1,3.5,11.63
10.95,46.14,1,2,1,1,1.5,7.53
6.15,21.39,1,1,1,0,1.0,10.32
4.21,38.05,3,4,1,0,3.5,-5.21
8.47,18.28,2,4,1,0,3.0,-6.35
13.35,34.17,2,1,1,1,1.5,9.59
12.39,5.34,1,4,1,1,2.5,-2.33
11.75,15.81,1,2,1,1,1.5,14.11
2.12,11.85,2,1,1,0,1.5,15.11
8.66,26.41,1,1,1,0,1.0,10.91
3.89,20.1,1,1,1,0,1.0,-3.13
13.42,36.53,2,4,1,1,3.0,16.81
13.61,6.5,3,1,1,1,2.0,4.61
11.83,27.66,1,4,1,1,2.5,-6.65
3.7,37.53,1,2,1,0,1.5,5.9
5.51,33.85,1,1,1,0,1.0,5.0
11.8,16.13,1,1,1,1,1.0,1.83
3.57,25.13,2,1,1,0,1.5,-2.62
2.71,9.85,2,2,1,0,2.0,16.74
2.07,31.35,3,2,1,0,2.5,8.33
7.01,5.09,3,2,1,0,2.5,-4.51
11.93,42.05,3,4,1,1,3.5,9.38
2.03,41.58,1,2,1,0,1.5,6.44
11.87,44.67,1,1,1,1,1.0,-0.57
14.04,11.49,3,4,1,1,3.5,-9.21
11.47,24.45,2,4,1,1,3.0,-9.03
10.36,35.22,1,1,1,1,1.0,3.52
14.99,13.42,3,1,1,1,2.0,19.97
7.29,21.14,2,4,1,0,3.0,15.67
8.22,40.82,3,1,1,0,2.0,-7.45
5.58,30.56,1,4,1,0,2.5,8.48
8.49,24.16,3,4,1,0,3.5,15.76
12.23,46.8,1,1,1,1,1.0,-2.13
4.95,14.18,3,2,1,0,2.5,6.63
9.4,42.71,3,4,1,0,3.5,14.45
12.38,6.07,2,4,1,1,3.0,15.19
5.96,18.61,3,1,1,0,2.0,-3.57
7.56,33.96,3,2,1,0,2.5,16.18
3.91,25.36,1,4,1,0,2.5,-2.19
7.43,7.09,3,1,1,0,2.0,-6.2
9.53,20.55,3,4,1,0,3.5,16.75
6.97,36.82,3,4,1,0,3.5,-3.17
12.33,5.53,3,4,1,1,3.5,6.86
14.84,40.83,3,2,1,1,2.5,17.54
3.04,28.27,2,1,1,0,1.5,-5.7
5.54,45.76,2,2,1,0,2.0,18.15
12.13,20.9,2,4,1,1,3.0,3.25
2.12,41.1,2,4,1,0,3.0,0.95
3.99,24.12,2,2,1,0,2.0,13.71
5.34,42.76,2,4,1,0,3.0,12.43
9.93,19.11,3,1,1,0,2.0,10.86
7.59,37.18,1,1,1,0,1.0,-4.2
6.74,32.01,1,2,1,0,1.5,0.68
7.69,12.6,3,2,1,0,2.5,1.44
11.49,22.52,1,2,1,1,1.5,-9.46
13.24,42.22,1,4,1,1,2.5,12.82
7.86,27.05,3,4,1,0,3.5,6.05
14.15,13.01,1,4,1,1,2.5,14.67
2.07,49.39,1,4,1,0,2.5,-6.45
3.23,48.74,2,2,1,0,2.0,2.52
13.68,10.59,3,2,1,1,2.5,14.83
12.97,42.29,2,4,1,1,3.0,11.36
3.45,14.1,2,2,1,0,2.0,-3.44
4.76,14.66,3,2,1,0,2.5,6.93
9.95,35.19,1,4,1,0,2.5,10.34
12.7,17.51,1,2,1,1,1.5,1.61
10.53,11.95,1,2,1,1,1.5,-1.57
10.55,39.15,1,1,1,1,1.0,2.42
8.1,21.53,2,1,1,0,1.5,8.79
6.49,43.28,2,1,1,0,1.5,-4.97
4.17,6.42,1,1,1,0,1.0,-8.64
12.57,7.67,1,1,1,1,1.0,4.09
6.16,47.42,3,2,1,0,2.5,16.43
12.78,39.21,3,1,1,1,2.0,-2.93
11.49,24.39,1,4,1,1,2.5,10.71
4.78,39.61,3,2,1,0,2.5,-8.58
12.46,44.39,2,2,1,1,2.0,14.89
3.24,47.63,1,2,1,0,1.5,1.2
11.23,41.47,2,1,1,1,1.5,-0.04
12.18,12.54,1,4,1,1,2.5,4.0
12.06,43.6,1,2,1,1,1.5,9.01
11.32,32.01,3,2,1,1,2.5,8.31
3.35,36.67,2,1,1,0,1.5,-1.69
9.32,17.55,1,4,1,0,2.5,-0.92
7.19,25.31,2,4,1,0,3.0,6.41
5.45,12.37,2,2,1,0,2.0,5.7
9.89,34.49,1,4,1,0,2.5,10.16
8.48,19.45,2,1,1,0,1.5,13.29
11.85,19.94,1,1,1,1,1.0,-8.43
8.4,37.75,1,1,1,0,1.0,12.53
6.61,30.85,3,4,1,0,3.5,15.77
3.39,12.88,3,2,1,0,2.5,-0.2
13.39,36.52,1,2,1,1,1.5,-5.84
5.67,9.62,1,4,1,0,2.5,12.65
10.4,12.81,3,2,1,1,2.5,8.3
5.89,16.89,2,4,1,0,3.0,7.37
11.11,28.31,2,1,1,1,1.5,12.24
10.05,15.1,3,2,1,1,2.5,18.73
9.28,16.39,3,4,1,0,3.5,-2.76
3.09,45.27,1,1,1,0,1.0,-5.4
10.04,33.83,1,1,1,1,1.0,9.73
8.03,5.41,1,2,1,0,1.5,9.24
11.62,28.65,3,2,1,1,2.5,19.23
12.05,19.43,3,2,1,1,2.5,-3.11
9.65,43.33,1,2,1,0,1.5,0.6
3.17,38.78,2,1,1,0,1.5,14.96
5.56,6.4,1,2,1,0,1.5,-9.15
7.04,11.62,1,4,1,0,2.5,11.44
3.75,39.95,1,1,1,0,1.0,0.58
10.9,45.02,1,1,1,1,1.0,13.32
7.39,13.68,3,1,1,0,2.0,-6.94
12.28,18.54,1,1,1,1,1.0,6.66
9.94,16.43,2,1,1,0,1.5,18.1
9.62,5.95,3,1,1,0,2.0,-6.06
14.91,29.13,3,4,1,1,3.5,13.53
3.32,46.9,1,2,1,0,1.5,1.75
10.46,44.61,3,4,1,1,3.5,-2.86
4.07,22.46,3,4,1,0,3.5,9.29
14.95,17.91,2,4,1,1,3.0,16.52
3.23,37.51,2,1,1,0,1.5,5.18
6.57,20.3,3,2,1,0,2.5,4.71
12.87,32.73,1,4,1,1,2.5,2.18
13.18,15.62,3,2,1,1,2.5,16.22
5.91,20.76,2,2,1,0,2.0,6.7
14.71,12.87,1,4,1,1,2.5,15.36
13.4,34.58,3,1,1,1,2.0,-1.08
3.34,25.17,2,1,1,0,1.5,-3.29
2.99,20.86,1,1,1,0,1.0,7.97
8.12,30.8,1,2,1,0,1.5,-0.06
3.02,42.71,2,4,1,0,3.0,6.61
9.11,20.16,3,2,1,0,2.5,-0.26
5.54,33.28,1,1,1,0,1.0,-5.45
12.71,11.4,3,1,1,1,2.0,15.66
6.84,43.71,3,2,1,0,2.5,3.42
11.81,8.24,3,2,1,1,2.5,11.58
4.22,41.6,1,2,1,0,1.5,0.04
8.88,25.99,2,2,1,0,2.0,-4.99
12.94,36.15,3,4,1,1,3.5,-8.85
8.01,26.87,1,4,1,0,2.5,17.55
4.79,37.85,3,4,1,0,3.5,14.37
7.34,22.49,2,1,1,0,1.5,11.05
14.52,9.48,2,2,1,1,2.0,18.94
2.13,26.33,3,1,1,0,2.0,-8.09
3.84,43.8,2,4,1,0,3.0,14.87
3.83,7.13,3,1,1,0,2.0,-8.18
5.45,35.88,2,1,1,0,1.5,-0.62
3.53,16.95,3,2,1,0,2.5,-0.52
12.19,40.69,2,1,1,1,1.5,3.3
10.8,37.83,3,2,1,1,2.5,-5.58
4.11,33.45,3,2,1,0,2.5,13.8
11.3,7.64,2,2,1,1,2.0,-7.2
5.74,37.27,2,2,1,0,2.0,9.94
9.57,22.67,3,4,1,0,3.5,2.0
12.71,38.72,1,2,1,1,1.5,-9.02
13.6,47.11,1,1,1,1,1.0,17.26
14.88,23.16,1,1,1,1,1.0,14.46
5.21,22.67,1,2,1,0,1.5,18.99
6.69,32.96,3,4,1,0,3.5,-9.9
8.83,29.91,3,2,1,0,2.5,10.5
11.79,5.93,3,4,1,1,3.5,5.42
2.75,31.34,2,1,1,0,1.5,16.04
13.28,10.24,2,1,1,1,1.5,7.09
7.13,15.11,1,2,1,0,1.5,-9.88
4.45,6.09,2,1,1,0,1.5,-7.51
2.62,24.86,2,4,1,0,3.0,2.83
13.18,42.93,3,1,1,1,2.0,-0.84
6.38,45.0,2,1,1,0,1.5,8.87
2.58,21.01,1,1,1,0,1.0,5.22
13.11,21.93,1,1,1,1,1.0,-9.91
3.01,10.96,3,2,1,0,2.5,12.86
5.2,22.22,2,1,1,0,1.5,15.67
8.23,40.14,3,2,1,0,2.5,14.63
3.24,28.7,3,4,1,0,3.5,-3.92
14.65,17.67,2,4,1,1,3.0,-5.83
13.28,11.58,2,1,1,1,1.5,6.01
6.77,46.79,1,2,1,0,1.5,4.76
13.38,21.48,1,4,1,1,2.5,9.94
5.76,15.9,1,2,1,0,1.5,-8.38
11.09,30.01,3,4,1,1,3.5,16.22
2.64,11.42,2,4,1,0,3.0,17.47
10.83,16.12,1,2,1,1,1.5,16.55
6.77,26.5,3,2,1,0,2.5,11.98
5.46,41.64,3,4,1,0,3.5,17.76
13.11,21.3,2,4,1,1,3.0,-7.85
2.67,42.45,2,4,1,0,3.0,7.14
12.83,49.86,3,4,1,1,3.5,17.67
10.05,30.91,3,2,1,1,2.5,-2.62
3.69,30.06,2,4,1,0,3.0,16.02
7.12,27.17,1,2,1,0,1.5,2.86
10.62,36.57,3,4,1,1,3.5,16.46
13.81,39.09,3,2,1,1,2.5,-1.42
2.81,49.77,3,2,1,0,2.5,7.03
8.96,14.24,3,4,1,0,3.5,-3.81
12.77,26.79,3,2,1,1,2.5,4.76
11.05,42.96,1,4,1,1,2.5,13.85
9.9,20.87,3,4,1,0,3.5,12.57
9.72,20.54,3,2,1,0,2.5,-2.94
13.22,30.2,1,4,1,1,2.5,13.3
10.04,28.05,1,2,1,1,1.5,-5.95
11.13,5.06,2,4,1,1,3.0,5.09
13.87,34.31,3,1,1,1,2.0,20.0
12.27,46.03,3,4,1,1,3.5,-8.08
14.57,31.26,3,2,1,1,2.5,18.58
13.11,23.86,3,4,1,1,3.5,14.01
6.61,46.65,2,4,1,0,3.0,17.51
13.05,21.26,2,2,1,1,2.0,-6.99
14.12,6.8,3,2,1,1,2.5,5.82
7.99,5.45,1,4,1,0,2.5,-4.23
3.35,23.5,2,2,1,0,2.0,11.5
14.72,31.53,1,4,1,1,2.5,15.27
10.31,22.22,3,2,1,1,2.5,-0.09
5.08,22.19,2,1,1,0,1.5,12.8
9.0,25.59,3,1,1,0,2.0,13.1
9.49,7.65,2,4,1,0,3.0,4.73
11.7,5.21,1,1,1,1,1.0,0.43
5.18,47.57,3,1,1,0,2.0,14.91
14.31,10.17,1,4,1,1,2.5,19.99
6.15,18.17,2,2,1,0,2.0,-2.6
5.65,48.05,1,4,1,0,2.5,1.69
13.88,20.11,2,1,1,1,1.5,-2.96
7.36,32.92,2,2,1,0,2.0,16.79
13.38,44.43,1,1,1,1,1.0,10.84
9.92,47.91,2,1,1,0,1.5,-7.78
8.71,6.6,2,2,1,0,2.0,14.59
9.24,35.21,1,4,1,0,2.5,16.29
10.97,35.6,1,4,1,1,2.5,-9.9
12.43,37.94,1,2,1,1,1.5,18.94
7.32,25.48,2,2,1,0,2.0,18.56
4.12,20.06,3,4,1,0,3.5,14.05
2.7,10.54,2,4,1,0,3.0,14.96
8.8,39.54,1,1,1,0,1.0,-8.65
11.57,6.14,2,2,1,1,2.0,2.15
12.67,43.26,2,1,1,1,1.5,8.33
11.51,38.98,2,4,1,1,3.0,-1.97
5.08,24.39,1,4,1,0,2.5,-4.3
2.82,15.7,3,2,1,0,2.5,19.37
2.74,38.82,3,2,1,0,2.5,-9.48
2.46,17.05,3,4,1,0,3.5,-5.68
14.09,10.38,1,4,1,1,2.5,5.49
4.7,27.17,2,2,1,0,2.0,10.76
8.15,39.89,1,1,1,0,1.0,-3.17
3.84,17.55,1,2,1,0,1.5,2.48
4.27,22.89,3,1,1,0,2.0,7.63
2.05,24.82,1,2,1,0,1.5,-8.43
15.0,49.23,1,2,1,1,1.5,-5.97
7.65,19.96,3,2,1,0,2.5,-10.0
9.68,38.86,2,2,1,0,2.0,-7.98
11.14,21.39,3,1,1,1,2.0,2.68
7.23,11.48,2,4,1,0,3.0,19.4
7.71,41.56,2,2,1,0,2.0,19.18
14.91,19.5,3,2,1,1,2.5,-4.42
13.72,7.74,2,1,1,1,1.5,19.61
8.07,23.64,2,4,1,0,3.0,-8.79
6.27,32.01,2,1,1,0,1.5,-8.28
4.01,5.1,2,4,1,0,3.0,6.18
5.19,9.93,3,1,1,0,2.0,9.72
9.09,47.52,2,4,1,0,3.0,-6.38
5.82,11.49,2,1,1,0,1.5,-7.76
11.37,37.75,3,2,1,1,2.5,-0.76
6.41,26.42,2,4,1,0,3.0,19.28
9.89,47.41,1,1,1,0,1.0,10.68
14.4,16.87,3,1,1,1,2.0,14.12
10.72,24.75,1,1,1,1,1.0,18.27
7.51,23.14,2,1,1,0,1.5,-8.2
7.49,33.75,1,2,1,0,1.5,-7.25
14.04,42.25,3,1,1,1,2.0,12.73
8.91,13.77,2,4,1,0,3.0,0.59
3.51,7.64,2,4,1,0,3.0,7.42
10.63,40.64,1,2,1,1,1.5,-2.49
6.1,33.81,1,4,1,0,2.5,-7.79
2.85,21.11,3,2,1,0,2.5,2.24
4.47,18.03,3,4,1,0,3.5,-3.42
8.7,48.11,3,2,1,0,2.5,14.64
12.27,46.33,3,1,1,1,2.0,15.82
2.2,35.69,2,2,1,0,2.0,14.49
7.23,10.44,3,2,1,0,2.5,12.19
10.13,27.51,3,4,1,1,3.5,10.52
6.05,5.84,2,1,1,0,1.5,-5.92
4.94,45.95,3,1,1,0,2.0,-2.35
11.47,43.55,2,2,1,1,2.0,16.04
10.85,17.24,1,1,1,1,1.0,10.54
8.02,49.69,3,4,1,0,3.5,12.82
11.87,18.99,3,2,1,1,2.5,0.21
8.6,40.93,3,4,1,0,3.5,8.63
14.01,36.58,3,1,1,1,2.0,-9.95
5.23,49.05,1,1,1,0,1.0,14.84
12.62,38.9,1,1,1,1,1.0,18.7
5.16,18.2,3,4,1,0,3.5,18.9
2.73,13.31,2,2,1,0,2.0,6.84
6.13,44.12,2,1,1,0,1.5,12.28
9.71,25.3,3,1,1,0,2.0,1.72
11.87,37.18,3,2,1,1,2.5,8.2
13.76,43.13,2,4,1,1,3.0,8.99
12.87,23.71,3,2,1,1,2.5,2.49
8.16,24.72,3,1,1,0,2.0,-6.25
6.75,21.15,3,2,1,0,2.5,16.53
9.81,34.01,2,2,1,0,2.0,7.89
7.46,16.84,3,2,1,0,2.5,18.61
10.69,27.62,2,2,1,1,2.0,12.62
9.95,47.53,1,2,1,0,1.5,14.86
13.27,14.41,1,4,1,1,2.5,13.03
11.71,26.14,3,4,1,1,3.5,3.26
11.3,45.18,1,1,1,1,1.0,19.81
6.56,23.07,2,4,1,0,3.0,13.34
5.55,10.78,1,2,1,0,1.5,-8.68
13.07,14.37,1,1,1,1,1.0,-0.9
13.11,14.38,2,4,1,1,3.0,18.97
10.99,16.67,2,2,1,1,2.0,13.57
10.84,5.41,3,1,1,1,2.0,5.89
14.01,41.32,1,1,1,1,1.0,18.43
9.19,34.62,3,1,1,0,2.0,4.42
9.6,21.11,3,4,1,0,3.5,19.32
3.09,6.76,1,4,1,0,2.5,6.66
8.16,49.3,2,4,1,0,3.0,16.53
13.61,8.44,3,2,1,1,2.5,13.57
10.16,16.12,2,1,1,1,1.5,8.65
8.1,23.22,3,1,1,0,2.0,14.81
6.99,7.72,1,1,1,0,1.0,-1.88
8.82,38.95,1,1,1,0,1.0,8.86
5.54,44.4,2,4,1,0,3.0,17.85
9.94,45.22,3,1,1,0,2.0,19.78
4.94,10.46,3,1,1,0,2.0,-5.99
8.93,35.16,3,1,1,0,2.0,2.68
6.32,23.38,3,4,1,0,3.5,18.61
9.66,48.25,3,2,1,0,2.5,10.37
3.42,45.18,1,1,1,0,1.0,11.05
4.39,49.83,2,4,1,0,3.0,19.72
9.17,11.15,2,4,1,0,3.0,9.65
4.19,17.67,3,2,1,0,2.5,4.49
4.94,20.83,3,1,1,0,2.0,7.7
8.96,19.68,3,4,1,0,3.5,16.29
9.2,30.29,1,1,1,0,1.0,13.51
9.91,9.14,1,4,1,0,2.5,-9.2
11.24,47.67,3,2,1,1,2.5,4.34
10.37,7.86,2,1,1,1,1.5,-6.06
10.79,30.94,3,1,1,1,2.0,14.69
11.87,47.37,1,1,1,1,1.0,14.88
11.6,43.75,2,4,1,1,3.0,17.91
5.7,39.32,2,2,1,0,2.0,16.26
7.96,27.93,2,2,1,0,2.0,10.68
8.1,35.23,3,2,1,0,2.5,4.47
14.04,28.74,2,1,1,1,1.5,19.39
12.53,35.43,3,4,1,1,3.5,4.53
10.07,49.39,1,1,1,1,1.0,-6.44
13.72,33.64,1,2,1,1,1.5,-7.12
2.33,19.95,2,4,1,0,3.0,12.67
6.67,21.51,1,2,1,0,1.5,12.93
12.38,6.72,3,4,1,1,3.5,18.68
5.84,34.19,2,2,1,0,2.0,9.12
14.32,19.44,3,4,1,1,3.5,-7.85
2.6,31.75,3,2,1,0,2.5,15.93
5.23,20.19,1,4,1,0,2.5,17.19
2.41,35.01,2,2,1,0,2.0,-3.24
9.02,40.81,1,4,1,0,2.5,12.37
14.37,34.43,1,4,1,1,2.5,4.72
8.57,20.88,3,2,1,0,2.5,-1.38
13.16,42.34,2,4,1,1,3.0,-2.47
9.43,24.38,1,4,1,0,2.5,1.37
4.07,16.81,1,2,1,0,1.5,17.0
2.9,5.91,2,1,1,0,1.5,4.44
2.56,19.05,2,4,1,0,3.0,-0.13
8.74,37.03,2,1,1,0,1.5,-8.5
2.01,38.62,1,4,1,0,2.5,-8.44
8.68,46.12,1,2,1,0,1.5,9.03
10.58,23.48,3,1,1,1,2.0,16.15
2.03,24.87,1,2,1,0,1.5,6.06
8.09,10.73,2,1,1,0,1.5,8.04
7.19,19.24,1,1,1,0,1.0,-3.04
14.57,18.65,2,4,1,1,3.0,13.55
12.22,17.17,3,2,1,1,2.5,-8.95
5.99,18.08,2,4,1,0,3.0,15.81
14.62,37.04,2,1,1,1,1.5,2.95
4.05,36.73,2,4,1,0,3.0,7.22
5.22,9.4,2,2,1,0,2.0,7.03
10.1,47.24,3,2,1,1,2.5,13.65
10.84,31.8,3,2,1,1,2.5,13.27
3.85,27.66,3,2,1,0,2.5,8.57
7.64,20.45,1,4,1,0,2.5,-5.41
7.33,27.62,3,2,1,0,2.5,1.85
8.15,39.1,2,4,1,0,3.0,17.67
11.33,9.98,3,4,1,1,3.5,3.65
13.04,39.86,3,1,1,1,2.0,12.79
8.22,36.24,3,1,1,0,2.0,8.99
14.74,26.15,2,2,1,1,2.0,19.26
4.14,31.35,1,1,1,0,1.0,5.4
3.79,11.35,2,2,1,0,2.0,5.18
13.62,48.2,2,4,1,1,3.0,-4.61
7.42,19.19,2,1,1,0,1.5,17.91
4.14,28.45,2,2,1,0,2.0,-1.41
9.07,13.64,2,1,1,0,1.5,16.89
5.41,16.71,3,1,1,0,2.0,-2.2
9.07,15.52,2,1,1,0,1.5,19.53
13.48,16.49,2,2,1,1,2.0,-6.82
14.23,37.31,3,1,1,1,2.0,18.19
